<arrakis>
    <moviemania>
        <plugin>
            <title>For Him</title>
            <meta>
                <title>For Him</title>
                <summary>Movies, TV Shows, and more geared for the guys from Team Deez Nutz</summary>
            </meta>
            <link>plugin://plugin.video.chocolatesaltyballs</link>
            <thumbnail>special://home/addons/plugin.video.arrakis/resources/media/hero.png</thumbnail>
        </plugin>

        <dir>
            <title>Kings of Horror</title>
            <meta>
                <title>Kings of Horror</title>
                <summary>Top horror movie collection, including the Kings of Horror channel</summary>
            </meta>
            <link>file://moviemania/trepidation/main.xml</link>
            <thumbnail>special://home/addons/plugin.video.arrakis/resources/media/horror.png</thumbnail>
        </dir>

        <plugin>
            <title>Latin America</title>
            <meta>
                <title>Latin America</title>
                <summary>Probably won't work, but why not give it a shot, right? Pairing For All!</summary>
            </meta>
            <link>plugin://plugin.video.patron.aio</link>
            <thumbnail>special://home/addons/plugin.video.arrakis/resources/media/networks.png</thumbnail>
        </plugin>

        <plugin>
            <title>First in Urban</title>
            <meta>
                <title>First in Urban</title>
                <summary>First in.... something</summary>
            </meta>
            <link>plugin://plugin.video.urbankingz</link>
            <thumbnail>special://home/addons/plugin.video.arrakis/resources/media/sports.png</thumbnail>
        </plugin>

        <dir>
            <title>For Her</title>
            <meta>
                <title>For Her</title>
                <summary>Movies, TV Shows, and more geared for the ladies</summary>
            </meta>
            <link>file://moviemania/forte/main.xml</link>
            <thumbnail>special://home/addons/plugin.video.arrakis/resources/media/forher.png</thumbnail>
        </dir>

        <dir>
            <title>Seasonal Movies</title>
            <meta>
                <title>Seasonal Movies</title>
                <summary>Movies and TV Shows for every season!</summary>
            </meta>
            <link>file://moviemania/tts/main.xml</link>
            <thumbnail>special://home/addons/plugin.video.arrakis/resources/media/season.png</thumbnail>
        </dir>
    </moviemania>
</arrakis>
