<item>
	<title>Aces High - Iron Maiden</title>
	<meta>
		<content>song</content>
		<artist>Iron Maiden</artist>
		<title>Aces High</title>
	</meta>
	<link>
		<sublink>https://openload.co/embed/pavUGzBr2ac</sublink>
	</link>
	<thumbnail>https://lastfm-img2.akamaized.net/i/u/300x300/a6369fd88d6142ac9d1965d11ced171f.png</thumbnail>
</item>
<item>
	<title>2 Minutes to Midnight - Iron Maiden</title>
	<meta>
		<content>song</content>
		<artist>Iron Maiden</artist>
		<title>2 Minutes to Midnight</title>
	</meta>
	<link>
		<sublink>https://openload.co/embed/tlupNDj0S3A</sublink>
	</link>
	<thumbnail>https://lastfm-img2.akamaized.net/i/u/300x300/a6369fd88d6142ac9d1965d11ced171f.png</thumbnail>
</item>
<item>
	<title>Losfer Words (Big 'Orra) - Iron Maiden</title>
	<meta>
		<content>song</content>
		<artist>Iron Maiden</artist>
		<title>Losfer Words (Big 'Orra)</title>
	</meta>
	<link>
		<sublink>https://openload.co/embed/OAxSheZ05Go</sublink>
	</link>
	<thumbnail>https://lastfm-img2.akamaized.net/i/u/300x300/a6369fd88d6142ac9d1965d11ced171f.png</thumbnail>
</item>
<item>
	<title>Flash of the Blade - Iron Maiden</title>
	<meta>
		<content>song</content>
		<artist>Iron Maiden</artist>
		<title>Flash of the Blade</title>
	</meta>
	<link>
		<sublink>https://openload.co/embed/pOvKDZ9Ou68</sublink>
	</link>
	<thumbnail>https://lastfm-img2.akamaized.net/i/u/300x300/a6369fd88d6142ac9d1965d11ced171f.png</thumbnail>
</item>
<item>
	<title>The Duellists - Iron Maiden</title>
	<meta>
		<content>song</content>
		<artist>Iron Maiden</artist>
		<title>The Duellists</title>
	</meta>
	<link>
		<sublink>https://openload.co/embed/ZXD_8H67svQ</sublink>
	</link>
	<thumbnail>https://lastfm-img2.akamaized.net/i/u/300x300/a6369fd88d6142ac9d1965d11ced171f.png</thumbnail>
</item>
<item>
	<title>Back in the Village - Iron Maiden</title>
	<meta>
		<content>song</content>
		<artist>Iron Maiden</artist>
		<title>Back in the Village</title>
	</meta>
	<link>
		<sublink>https://openload.co/embed/Zb7l6a-UdwQ</sublink>
	</link>
	<thumbnail>https://lastfm-img2.akamaized.net/i/u/300x300/a6369fd88d6142ac9d1965d11ced171f.png</thumbnail>
</item>
<item>
	<title>Powerslave - Iron Maiden</title>
	<meta>
		<content>song</content>
		<artist>Iron Maiden</artist>
		<title>Powerslave</title>
	</meta>
	<link>
		<sublink>https://openload.co/embed/QDcS4cBZDJk</sublink>
	</link>
	<thumbnail>https://lastfm-img2.akamaized.net/i/u/300x300/a6369fd88d6142ac9d1965d11ced171f.png</thumbnail>
</item>
<item>
	<title>Rime of the Ancient Mariner - Iron Maiden</title>
	<meta>
		<content>song</content>
		<artist>Iron Maiden</artist>
		<title>Rime of the Ancient Mariner</title>
	</meta>
	<link>
		<sublink>"https://openload.co/embed/YK49v4rjH04</sublink>
	</link>
	<thumbnail>https://lastfm-img2.akamaized.net/i/u/300x300/a6369fd88d6142ac9d1965d11ced171f.png</thumbnail>
</item>
