<dipshit>
	<wannabe>
		<item>
			<title>All Things Fair</title>
			<meta>
				<imdb>tt0113720</imdb>
				<content>movie</content>
				<title>All Things Fair</title>
				<year>1995</year>
			</meta>
			<link>
				<sublink>searchhd</sublink>
				<sublink>searchsd</sublink>
			</link>
			<thumbnail>https://image.tmdb.org/t/p/w1280//uJD0PvYGAa1IoZBsX4E6GQ4K2In.jpg</thumbnail>
			<fanart>https://image.tmdb.org/t/p/w1280//l1ulbjfMODxJyW4L2EfO7BzqydO.jpg</fanart>
		</item>
		<item>
			<title>Apollo 13</title>
			<meta>
				<imdb>tt0112384</imdb>
				<content>movie</content>
				<title>Apollo 13</title>
				<year>1995</year>
			</meta>
			<link>
				<sublink>searchhd</sublink>
				<sublink>searchsd</sublink>
			</link>
			<thumbnail>https://image.tmdb.org/t/p/w1280//6JQ9z3V9x4vlU2GSZx2yNO0PvuX.jpg</thumbnail>
			<fanart>https://image.tmdb.org/t/p/w1280//dvpU3CJxKCfr1XBOzeMcztgDyO3.jpg</fanart>
		</item>
		<item>
			<title>Assassins</title>
			<meta>
				<imdb>tt0112401</imdb>
				<content>movie</content>
				<title>Assassins</title>
				<year>1995</year>
			</meta>
			<link>
				<sublink>searchhd</sublink>
				<sublink>searchsd</sublink>
			</link>
			<thumbnail>https://image.tmdb.org/t/p/w1280//xAx5MP7Dg4y85pyS7atX6eWk4Qd.jpg</thumbnail>
			<fanart>https://image.tmdb.org/t/p/w1280//5OGlGPKphapyntNprVaoxF04Ccm.jpg</fanart>
		</item>
		<item>
			<title>Batman Forever</title>
			<meta>
				<imdb>tt0112462</imdb>
				<content>movie</content>
				<title>Batman Forever</title>
				<year>1995</year>
			</meta>
			<link>
				<sublink>searchhd</sublink>
				<sublink>searchsd</sublink>
			</link>
			<thumbnail>https://image.tmdb.org/t/p/w1280//eTMrHEhlFPHNxpqGwpGGTdAa0xV.jpg</thumbnail>
			<fanart>https://image.tmdb.org/t/p/w1280//bbaiw9VmrHXY3mhCDpj5XB2I5We.jpg</fanart>
		</item>
		<item>
			<title>Barsaat</title>
			<meta>
				<imdb>tt0112459</imdb>
				<content>movie</content>
				<title>Barsaat</title>
				<year>1995</year>
			</meta>
			<link>
				<sublink>searchhd</sublink>
				<sublink>searchsd</sublink>
			</link>
			<thumbnail>https://image.tmdb.org/t/p/w1280//4LptbrkgqQ0exBxhbzHKCkleY9u.jpg</thumbnail>
			<fanart>https://image.tmdb.org/t/p/w1280//8X8hWeNXV22Xrc3r4Y1MGMJGU7L.jpg</fanart>
		</item>
		<item>
			<title>Before Sunrise</title>
			<meta>
				<imdb>tt0112471</imdb>
				<content>movie</content>
				<title>Before Sunrise</title>
				<year>1995</year>
			</meta>
			<link>
				<sublink>searchhd</sublink>
				<sublink>searchsd</sublink>
			</link>
			<thumbnail>https://image.tmdb.org/t/p/w1280//jsQy4ZbPHA8hE2O6QU05PpofI61.jpg</thumbnail>
			<fanart>https://image.tmdb.org/t/p/w1280//9gWKk62shxDgaS3suAteyAto8HO.jpg</fanart>
		</item>
		<item>
			<title>Billy Madison</title>
			<meta>
				<imdb>tt0112508</imdb>
				<content>movie</content>
				<title>Billy Madison</title>
				<year>1995</year>
			</meta>
			<link>
				<sublink>searchhd</sublink>
				<sublink>searchsd</sublink>
			</link>
			<thumbnail>https://image.tmdb.org/t/p/w1280//5mP8F0NYSVrwrlWRCSD4uywMNnX.jpg</thumbnail>
			<fanart>https://image.tmdb.org/t/p/w1280//hure3RNjFDqiuuLF96K36t3Qfzf.jpg</fanart>
		</item>
		<item>
			<title>Casino</title>
			<meta>
				<imdb>tt0112641</imdb>
				<content>movie</content>
				<title>Casino</title>
				<year>1995</year>
			</meta>
			<link>
				<sublink>searchhd</sublink>
				<sublink>searchsd</sublink>
			</link>
			<thumbnail>https://image.tmdb.org/t/p/w1280//jC0dqpkRMwh3A1X2PHahTxOaLbp.jpg</thumbnail>
			<fanart>https://image.tmdb.org/t/p/w1280//eP41pD4YfyVOjdpEaTmoNrL9DGx.jpg</fanart>
		</item>
		<item>
			<title>Crimson Tide</title>
			<meta>
				<imdb>tt0112740</imdb>
				<content>movie</content>
				<title>Crimson Tide</title>
				<year>1995</year>
			</meta>
			<link>
				<sublink>searchhd</sublink>
				<sublink>searchsd</sublink>
			</link>
			<thumbnail>https://image.tmdb.org/t/p/w1280//oDJyDX11HW4j565vUjmFagKxDTQ.jpg</thumbnail>
			<fanart>https://image.tmdb.org/t/p/w1280//27RVxku4mEr4fHW5oUu5KtSLO9D.jpg</fanart>
		</item>
		<item>
			<title>Dead Presidents</title>
			<meta>
				<imdb>tt0112819</imdb>
				<content>movie</content>
				<title>Dead Presidents</title>
				<year>1995</year>
			</meta>
			<link>
				<sublink>searchhd</sublink>
				<sublink>searchsd</sublink>
			</link>
			<thumbnail>https://image.tmdb.org/t/p/w1280//2dLyvXVvJXUR9otoqERkYpao1bB.jpg</thumbnail>
			<fanart>https://image.tmdb.org/t/p/w1280//9BKQyHkIHW4K7JvmtZB3Ty3aPv2.jpg</fanart>
		</item>
		<item>
			<title>Desperado</title>
			<meta>
				<imdb>tt0112851</imdb>
				<content>movie</content>
				<title>Desperado</title>
				<year>1995</year>
			</meta>
			<link>
				<sublink>searchhd</sublink>
				<sublink>searchsd</sublink>
			</link>
			<thumbnail>https://image.tmdb.org/t/p/w1280//7eVo5DbP7gcsDzHcpRCTA6JAuF2.jpg</thumbnail>
			<fanart>https://image.tmdb.org/t/p/w1280//wA3qqVezyktBj92nTVXU7tYd1iG.jpg</fanart>
		</item>
		<item>
			<title>Die Hard: With a Vengeance</title>
			<meta>
				<imdb>tt0112864</imdb>
				<content>movie</content>
				<title>Die Hard: With a Vengeance</title>
				<year>1995</year>
			</meta>
			<link>
				<sublink>searchhd</sublink>
				<sublink>searchsd</sublink>
			</link>
			<thumbnail>https://image.tmdb.org/t/p/w1280//ivpXGcsPZglyYrN65THWSD7JM3q.jpg</thumbnail>
			<fanart>https://image.tmdb.org/t/p/w1280//aJCEQFFXNcfg5YneJzTG15qzxF7.jpg</fanart>
		</item>
		<item>
			<title>Dilwale Dulhania Le Jayenge</title>
			<meta>
				<imdb>tt0112870</imdb>
				<content>movie</content>
				<title>Dilwale Dulhania Le Jayenge</title>
				<year>1995</year>
			</meta>
			<link>
				<sublink>searchhd</sublink>
				<sublink>searchsd</sublink>
			</link>
			<thumbnail>https://image.tmdb.org/t/p/w1280//uC6TTUhPpQCmgldGyYveKRAu8JN.jpg</thumbnail>
			<fanart>https://image.tmdb.org/t/p/w1280//nl79FQ8xWZkhL3rDr1v2RFFR6J0.jpg</fanart>
		</item>
		<item>
			<title>Dragon Ball Z: Fusion Reborn</title>
			<meta>
				<imdb>tt0142236</imdb>
				<content>movie</content>
				<title>Dragon Ball Z: Fusion Reborn</title>
				<year>1995</year>
			</meta>
			<link>
				<sublink>searchhd</sublink>
				<sublink>searchsd</sublink>
			</link>
			<thumbnail>https://image.tmdb.org/t/p/w1280//v34F63Efl0vY0aHBw7rF96Uahtc.jpg</thumbnail>
			<fanart>https://image.tmdb.org/t/p/w1280//tr4UmvWNoJ6V5X8vRr0cnKKuJHL.jpg</fanart>
		</item>
		<item>
			<title>Four Rooms</title>
			<meta>
				<imdb>tt0113101</imdb>
				<content>movie</content>
				<title>Four Rooms</title>
				<year>1995</year>
			</meta>
			<link>
				<sublink>searchhd</sublink>
				<sublink>searchsd</sublink>
			</link>
			<thumbnail>https://image.tmdb.org/t/p/w1280//eQs5hh9rxrk1m4xHsIz1w11Ngqb.jpg</thumbnail>
			<fanart>https://image.tmdb.org/t/p/w1280//3EqYpbGCE9S5GddU2K4cYzP5UmI.jpg</fanart>
		</item>
		<item>
			<title>Get Shorty</title>
			<meta>
				<imdb>tt0113161</imdb>
				<content>movie</content>
				<title>Get Shorty</title>
				<year>1995</year>
			</meta>
			<link>
				<sublink>searchhd</sublink>
				<sublink>searchsd</sublink>
			</link>
			<thumbnail>https://image.tmdb.org/t/p/w1280//vWtDUUgQAsVyvRW4mE75LBgVm2e.jpg</thumbnail>
			<fanart>https://image.tmdb.org/t/p/w1280//g1BfxcnplYEveGqS1ttfhdRBgbR.jpg</fanart>
		</item>
		<item>
			<title>GoldenEye</title>
			<meta>
				<imdb>tt0113189</imdb>
				<content>movie</content>
				<title>GoldenEye</title>
				<year>1995</year>
			</meta>
			<link>
				<sublink>searchhd</sublink>
				<sublink>searchsd</sublink>
			</link>
			<thumbnail>https://image.tmdb.org/t/p/w1280//5c0ovjT41KnYIHYuF4AWsTe3sKh.jpg</thumbnail>
			<fanart>https://image.tmdb.org/t/p/w1280//dA9I0Vd9OZzRQ2GyGcsFXdKGMz3.jpg</fanart>
		</item>
		<item>
			<title>Heat</title>
			<meta>
				<imdb>tt0113277</imdb>
				<content>movie</content>
				<title>Heat</title>
				<year>1995</year>
			</meta>
			<link>
				<sublink>searchhd</sublink>
				<sublink>searchsd</sublink>
			</link>
			<thumbnail>https://image.tmdb.org/t/p/w1280//zMyfPUelumio3tiDKPffaUpsQTD.jpg</thumbnail>
			<fanart>https://image.tmdb.org/t/p/w1280//jMzVSwQp1lLVq9fnQQ4yOjr1YZ2.jpg</fanart>
		</item>
		<item>
			<title>Leaving Las Vegas</title>
			<meta>
				<imdb>tt0113627</imdb>
				<content>movie</content>
				<title>Leaving Las Vegas</title>
				<year>1995</year>
			</meta>
			<link>
				<sublink>searchhd</sublink>
				<sublink>searchsd</sublink>
			</link>
			<thumbnail>https://image.tmdb.org/t/p/w1280//37qHRJxnSh5YkuaN9FgfNnMl3Tj.jpg</thumbnail>
			<fanart>https://image.tmdb.org/t/p/w1280//2gJDuPxrZBns5ab47HQbyU2l6Im.jpg</fanart>
		</item>
		<item>
			<title>Mallrats</title>
			<meta>
				<imdb>tt0113749</imdb>
				<content>movie</content>
				<title>Mallrats</title>
				<year>1995</year>
			</meta>
			<link>
				<sublink>searchhd</sublink>
				<sublink>searchsd</sublink>
			</link>
			<thumbnail>https://image.tmdb.org/t/p/w1280//4saVIltqkhq9is5NmD7N87Q40M.jpg</thumbnail>
			<fanart>https://image.tmdb.org/t/p/w1280//pYOg7Ds6auGHUGQIEr5uoYl36Ph.jpg</fanart>
		</item>
		<item>
			<title>Money Train</title>
			<meta>
				<imdb>tt0113845</imdb>
				<content>movie</content>
				<title>Money Train</title>
				<year>1995</year>
			</meta>
			<link>
				<sublink>searchhd</sublink>
				<sublink>searchsd</sublink>
			</link>
			<thumbnail>https://image.tmdb.org/t/p/w1280//jSozzzVOR2kfXgTUuGnbgG2yRFi.jpg</thumbnail>
			<fanart>https://image.tmdb.org/t/p/w1280//dBavxNhbNZ8uJU9avHrqCCEKuii.jpg</fanart>
		</item>
		<item>
			<title>Mortal Kombat</title>
			<meta>
				<imdb>tt0113855</imdb>
				<content>movie</content>
				<title>Mortal Kombat</title>
				<year>1995</year>
			</meta>
			<link>
				<sublink>searchhd</sublink>
				<sublink>searchsd</sublink>
			</link>
			<thumbnail>https://image.tmdb.org/t/p/w1280//bdXWixjWVA7Y03PvW74xufrROiJ.jpg</thumbnail>
			<fanart>https://image.tmdb.org/t/p/w1280//mOIvM0pQA7J9I0Caai0zTPxnE3f.jpg</fanart>
		</item>
		<item>
			<title>Se7en</title>
			<meta>
				<imdb>tt0114369</imdb>
				<content>movie</content>
				<title>Se7en</title>
				<year>1995</year>
			</meta>
			<link>
				<sublink>searchhd</sublink>
				<sublink>searchsd</sublink>
			</link>
			<thumbnail>https://image.tmdb.org/t/p/w1280//zgB9CCTDlXRv50Z70ZI4elJtNEk.jpg</thumbnail>
			<fanart>https://image.tmdb.org/t/p/w1280//A0WKbRIojF9DUWG4XLCmg5JK6I5.jpg</fanart>
		</item>
		<item>
			<title>Species</title>
			<meta>
				<imdb>tt0114508</imdb>
				<content>movie</content>
				<title>Species</title>
				<year>1995</year>
			</meta>
			<link>
				<sublink>searchhd</sublink>
				<sublink>searchsd</sublink>
			</link>
			<thumbnail>https://image.tmdb.org/t/p/w1280//94P6kzKH8aPmQmPr9yZjgy7BtQQ.jpg</thumbnail>
			<fanart>https://image.tmdb.org/t/p/w1280//3dWSyYEdcmvNjzwIPy4sPHjdJpw.jpg</fanart>
		</item>
		<item>
			<title>Twelve Monkeys</title>
			<meta>
				<imdb>tt0114746</imdb>
				<content>movie</content>
				<title>Twelve Monkeys</title>
				<year>1995</year>
			</meta>
			<link>
				<sublink>searchhd</sublink>
				<sublink>searchsd</sublink>
			</link>
			<thumbnail>https://image.tmdb.org/t/p/w1280//6Sj9wDu3YugthXsU0Vry5XFAZGg.jpg</thumbnail>
			<fanart>https://image.tmdb.org/t/p/w1280//6KXbhaxkgExC5EdDqAzRinhmoZ8.jpg</fanart>
		</item>
		<item>
			<title>The Bridges of Madison County</title>
			<meta>
				<imdb>tt0112579</imdb>
				<content>movie</content>
				<title>The Bridges of Madison County</title>
				<year>1995</year>
			</meta>
			<link>
				<sublink>searchhd</sublink>
				<sublink>searchsd</sublink>
			</link>
			<thumbnail>https://image.tmdb.org/t/p/w1280//8TfLAfIh5Qxp2J4ZjOafHYhWtDb.jpg</thumbnail>
			<fanart>https://image.tmdb.org/t/p/w1280//jansnSUSVM8ujoFCUfFrygyNSba.jpg</fanart>
		</item>
		<item>
			<title>The Quick and the Dead</title>
			<meta>
				<imdb>tt0114214</imdb>
				<content>movie</content>
				<title>The Quick and the Dead</title>
				<year>1995</year>
			</meta>
			<link>
				<sublink>searchhd</sublink>
				<sublink>searchsd</sublink>
			</link>
			<thumbnail>https://image.tmdb.org/t/p/w1280//50ZzhAMO6nunlCp7FrGj7VoLxJV.jpg</thumbnail>
			<fanart>https://image.tmdb.org/t/p/w1280//e4GosmnUbvEGVINl3BC5vc7fIhU.jpg</fanart>
		</item>
		<item>
			<title>The Usual Suspects</title>
			<meta>
				<imdb>tt0114814</imdb>
				<content>movie</content>
				<title>The Usual Suspects</title>
				<year>1995</year>
			</meta>
			<link>
				<sublink>searchhd</sublink>
				<sublink>searchsd</sublink>
			</link>
			<thumbnail>https://image.tmdb.org/t/p/w1280//jgJoRWltoS17nD5MAQ1yK2Ztefw.jpg</thumbnail>
			<fanart>https://image.tmdb.org/t/p/w1280//c7e3nH3wtSBDrHRB63onrGptl6D.jpg</fanart>
		</item>
		<item>
			<title>Whisper of the Heart</title>
			<meta>
				<imdb>tt0113824</imdb>
				<content>movie</content>
				<title>Whisper of the Heart</title>
				<year>1995</year>
			</meta>
			<link>
				<sublink>searchhd</sublink>
				<sublink>searchsd</sublink>
			</link>
			<thumbnail>https://image.tmdb.org/t/p/w1280//2jOSJYsIdUs4zXugIk4hF4jUeGO.jpg</thumbnail>
			<fanart>https://image.tmdb.org/t/p/w1280//vpgvV8pVPNGWUUdE2xFUFf4VeMJ.jpg</fanart>
		</item>
		<item>
			<title>Friday</title>
			<meta>
				<imdb>tt0113118</imdb>
				<content>movie</content>
				<title>Friday</title>
				<year>1995</year>
			</meta>
			<link>
				<sublink>searchhd</sublink>
				<sublink>searchsd</sublink>
			</link>
			<thumbnail>https://image.tmdb.org/t/p/w1280//z76scMklBnEC91CFqHcvqrS5coO.jpg</thumbnail>
			<fanart>https://image.tmdb.org/t/p/w1280//isWyP4jWmcCHjUcanVwGBDwVSsA.jpg</fanart>
		</item>
		<item>
			<title>Underground</title>
			<meta>
				<imdb>tt0114787</imdb>
				<content>movie</content>
				<title>Underground</title>
				<year>1995</year>
			</meta>
			<link>
				<sublink>searchhd</sublink>
				<sublink>searchsd</sublink>
			</link>
			<thumbnail>https://image.tmdb.org/t/p/w1280//bnrLsunhGI5FO316sSThtAHikdV.jpg</thumbnail>
			<fanart>https://image.tmdb.org/t/p/w1280//4tUghDBbAMLSvM5KAJOv6m3I2ol.jpg</fanart>
		</item>
		<item>
			<title>Outbreak</title>
			<meta>
				<imdb>tt0114069</imdb>
				<content>movie</content>
				<title>Outbreak</title>
				<year>1995</year>
			</meta>
			<link>
				<sublink>searchhd</sublink>
				<sublink>searchsd</sublink>
			</link>
			<thumbnail>https://image.tmdb.org/t/p/w1280//4KymNvlWR0XF0sqX2BWRd9Z3yXR.jpg</thumbnail>
			<fanart>https://image.tmdb.org/t/p/w1280//wrlZRyyOnD24KQzo3OVi4lWyqdF.jpg</fanart>
		</item>
		<item>
			<title>Under Siege 2: Dark Territory</title>
			<meta>
				<imdb>tt0114781</imdb>
				<content>movie</content>
				<title>Under Siege 2: Dark Territory</title>
				<year>1995</year>
			</meta>
			<link>
				<sublink>searchhd</sublink>
				<sublink>searchsd</sublink>
			</link>
			<thumbnail>https://image.tmdb.org/t/p/w1280//6Z1p71nkm45cYuIZWOx5JSCYc0o.jpg</thumbnail>
			<fanart>https://image.tmdb.org/t/p/w1280//1nPbFoDf5gXJHoCi1EQM21YukLB.jpg</fanart>
		</item>
		<item>
			<title>The City of Lost Children</title>
			<meta>
				<imdb>tt0112682</imdb>
				<content>movie</content>
				<title>The City of Lost Children</title>
				<year>1995</year>
			</meta>
			<link>
				<sublink>searchhd</sublink>
				<sublink>searchsd</sublink>
			</link>
			<thumbnail>https://image.tmdb.org/t/p/w1280//eVo6ewq4akfyJYy3GXkMsLNzEJc.jpg</thumbnail>
			<fanart>https://image.tmdb.org/t/p/w1280//sVJKC83CDSrsNdfwyceTUJewbKV.jpg</fanart>
		</item>
		<item>
			<title>Showgirls</title>
			<meta>
				<imdb>tt0114436</imdb>
				<content>movie</content>
				<title>Showgirls</title>
				<year>1995</year>
			</meta>
			<link>
				<sublink>searchhd</sublink>
				<sublink>searchsd</sublink>
			</link>
			<thumbnail>https://image.tmdb.org/t/p/w1280//7O2SxrsXYaGFZ5cZgJF0Ab5SV5J.jpg</thumbnail>
			<fanart>https://image.tmdb.org/t/p/w1280//vtBsfwJBktS8XPp4Zjd2vwIudus.jpg</fanart>
		</item>
		<item>
			<title>Sense and Sensibility</title>
			<meta>
				<imdb>tt0114388</imdb>
				<content>movie</content>
				<title>Sense and Sensibility</title>
				<year>1995</year>
			</meta>
			<link>
				<sublink>searchhd</sublink>
				<sublink>searchsd</sublink>
			</link>
			<thumbnail>https://image.tmdb.org/t/p/w1280//1ryNXjmwdCTqLXxXCG9BGvZyMOH.jpg</thumbnail>
			<fanart>https://image.tmdb.org/t/p/w1280//ocn3pLKJjYmXIP2331pUNC33f5M.jpg</fanart>
		</item>
		<item>
			<title>Rumble in the Bronx</title>
			<meta>
				<imdb>tt0113326</imdb>
				<content>movie</content>
				<title>Rumble in the Bronx</title>
				<year>1995</year>
			</meta>
			<link>
				<sublink>searchhd</sublink>
				<sublink>searchsd</sublink>
			</link>
			<thumbnail>https://image.tmdb.org/t/p/w1280//y7AxKPPCtZyrGQKvxzn5zTQ8wFm.jpg</thumbnail>
			<fanart>https://image.tmdb.org/t/p/w1280//rGeVEsRDVvlMBN7fmOKhNW2GtWy.jpg</fanart>
		</item>
		<item>
			<title>While You Were Sleeping</title>
			<meta>
				<imdb>tt0114924</imdb>
				<content>movie</content>
				<title>While You Were Sleeping</title>
				<year>1995</year>
			</meta>
			<link>
				<sublink>searchhd</sublink>
				<sublink>searchsd</sublink>
			</link>
			<thumbnail>https://image.tmdb.org/t/p/w1280//9StV7DX4ZtRZGJs9VcVEPvxIKL6.jpg</thumbnail>
			<fanart>https://image.tmdb.org/t/p/w1280//p0VpzQG1PWnICbgQMyrQJGAhwEW.jpg</fanart>
		</item>
	</wannabe>
</dipshit>