<?xml version="1.0" encoding="UTF-8" standalone="yes"?>
<addon id="plugin.video.squad"
	name="69 Death Squad Tube"
	version="0.0.9"
	provider-name="Mr.Blamo">
  <requires>
    <import addon="xbmc.python" version="2.19.0"/>
    <import addon="script.module.addon.common"/>
    <import addon="plugin.video.youtube"/>
  </requires>
  <extension point="xbmc.python.pluginsource" library="default.py">
    <provides>video</provides>
  </extension>
  <extension point="xbmc.addon.metadata">
    <summary lang="en">The Squad's streams</summary>
    <description lang="en">credit to coldkeys for the code used in this addon, helpful Youtube addon
	The 69 Death Squad Don't deal with Snakes, Ego's, Back Stabbers, Snitches, liars and f*ckpo*s.
	</description>
    <platform>all</platform>
    <forum>n/a</forum>
    <website>n/a</website>
  </extension>
</addon>
