
<dir>
    <title>F M Bradley</title>
    <fxxxmovies>fxmtag/f-m-bradley</fxxxmovies>
</dir>

<dir>
    <title>Fabiana</title>
    <fxxxmovies>fxmtag/fabiana</fxxxmovies>
</dir>

<dir>
    <title>Fabiane Thompson</title>
    <fxxxmovies>fxmtag/fabiane-thompson</fxxxmovies>
</dir>

<dir>
    <title>Fabrice Triple X</title>
    <fxxxmovies>fxmtag/fabrice-triple-x</fxxxmovies>
</dir>

<dir>
    <title>Face Sitting</title>
    <fxxxmovies>fxmtag/face-sitting</fxxxmovies>
</dir>

<dir>
    <title>Facefuck</title>
    <fxxxmovies>fxmtag/facefuck</fxxxmovies>
</dir>

<dir>
    <title>Facesitting</title>
    <fxxxmovies>fxmtag/facesitting</fxxxmovies>
</dir>

<dir>
    <title>Facial</title>
    <fxxxmovies>fxmtag/facial</fxxxmovies>
</dir>

<dir>
    <title>Facial Cumshot</title>
    <fxxxmovies>fxmtag/facial-cumshot</fxxxmovies>
</dir>

<dir>
    <title>FacialCumshot</title>
    <fxxxmovies>fxmtag/facialcumshot</fxxxmovies>
</dir>

<dir>
    <title>Facials</title>
    <fxxxmovies>fxmtag/facials</fxxxmovies>
</dir>

<dir>
    <title>Faith</title>
    <fxxxmovies>fxmtag/faith</fxxxmovies>
</dir>

<dir>
    <title>Faith Leon</title>
    <fxxxmovies>fxmtag/faith-leon</fxxxmovies>
</dir>

<dir>
    <title>Fake Taxi</title>
    <fxxxmovies>fxmtag/fake-taxi</fxxxmovies>
</dir>

<dir>
    <title>Fallon</title>
    <fxxxmovies>fxmtag/fallon</fxxxmovies>
</dir>

<dir>
    <title>Fallout Films</title>
    <fxxxmovies>fxmtag/fallout-films</fxxxmovies>
</dir>

<dir>
    <title>Family</title>
    <fxxxmovies>fxmtag/family</fxxxmovies>
</dir>

<dir>
    <title>Family Roleplay</title>
    <fxxxmovies>fxmtag/family-roleplay</fxxxmovies>
</dir>

<dir>
    <title>Family Sex</title>
    <fxxxmovies>fxmtag/family-sex</fxxxmovies>
</dir>

<dir>
    <title>Fanny</title>
    <fxxxmovies>fxmtag/fanny</fxxxmovies>
</dir>

<dir>
    <title>Fanny Steel</title>
    <fxxxmovies>fxmtag/fanny-steel</fxxxmovies>
</dir>

<dir>
    <title>Fantasie</title>
    <fxxxmovies>fxmtag/fantasie</fxxxmovies>
</dir>

<dir>
    <title>Fantasies</title>
    <fxxxmovies>fxmtag/fantasies</fxxxmovies>
</dir>

<dir>
    <title>Fantasy</title>
    <fxxxmovies>fxmtag/fantasy</fxxxmovies>
</dir>

<dir>
    <title>Fantasy Massage</title>
    <fxxxmovies>fxmtag/fantasy-massage</fxxxmovies>
</dir>

<dir>
    <title>fat</title>
    <fxxxmovies>fxmtag/fat</fxxxmovies>
</dir>

<dir>
    <title>Fausto Moreno</title>
    <fxxxmovies>fxmtag/fausto-moreno</fxxxmovies>
</dir>

<dir>
    <title>Faye Reagan</title>
    <fxxxmovies>fxmtag/faye-reagan</fxxxmovies>
</dir>

<dir>
    <title>Feature</title>
    <fxxxmovies>fxmtag/feature</fxxxmovies>
</dir>

<dir>
    <title>Features</title>
    <fxxxmovies>fxmtag/features</fxxxmovies>
</dir>

<dir>
    <title>Federica Tommasi</title>
    <fxxxmovies>fxmtag/federica-tommasi</fxxxmovies>
</dir>

<dir>
    <title>Federica Zarri</title>
    <fxxxmovies>fxmtag/federica-zarri</fxxxmovies>
</dir>

<dir>
    <title>Feet</title>
    <fxxxmovies>fxmtag/feet</fxxxmovies>
</dir>

<dir>
    <title>Felecia</title>
    <fxxxmovies>fxmtag/felecia</fxxxmovies>
</dir>

<dir>
    <title>Felicia Fox</title>
    <fxxxmovies>fxmtag/felicia-fox</fxxxmovies>
</dir>

<dir>
    <title>Felix Vicious</title>
    <fxxxmovies>fxmtag/felix-vicious</fxxxmovies>
</dir>

<dir>
    <title>Fellation</title>
    <fxxxmovies>fxmtag/fellation</fxxxmovies>
</dir>

<dir>
    <title>Felony</title>
    <fxxxmovies>fxmtag/felony</fxxxmovies>
</dir>

<dir>
    <title>FEMALE DOMINATION</title>
    <fxxxmovies>fxmtag/female-domination</fxxxmovies>
</dir>

<dir>
    <title>Femdom</title>
    <fxxxmovies>fxmtag/femdom</fxxxmovies>
</dir>

<dir>
    <title>Femke</title>
    <fxxxmovies>fxmtag/femke</fxxxmovies>
</dir>

<dir>
    <title>Ferrera Gomez</title>
    <fxxxmovies>fxmtag/ferrera-gomez</fxxxmovies>
</dir>

<dir>
    <title>Fetisch</title>
    <fxxxmovies>fxmtag/fetisch</fxxxmovies>
</dir>

<dir>
    <title>Fetish</title>
    <fxxxmovies>fxmtag/fetish</fxxxmovies>
</dir>

<dir>
    <title>Ficken</title>
    <fxxxmovies>fxmtag/ficken</fxxxmovies>
</dir>

<dir>
    <title>Filly Films</title>
    <fxxxmovies>fxmtag/filly-films</fxxxmovies>
</dir>

<dir>
    <title>FilmCo</title>
    <fxxxmovies>fxmtag/filmco</fxxxmovies>
</dir>

<dir>
    <title>Filmco Releasing</title>
    <fxxxmovies>fxmtag/filmco-releasing</fxxxmovies>
</dir>

<dir>
    <title>finger fucking</title>
    <fxxxmovies>fxmtag/finger-fucking</fxxxmovies>
</dir>

<dir>
    <title>Fingering</title>
    <fxxxmovies>fxmtag/fingering</fxxxmovies>
</dir>

<dir>
    <title>First Anal</title>
    <fxxxmovies>fxmtag/first-anal</fxxxmovies>
</dir>

<dir>
    <title>First Double Penetration</title>
    <fxxxmovies>fxmtag/first-double-penetration</fxxxmovies>
</dir>

<dir>
    <title>First Interracial</title>
    <fxxxmovies>fxmtag/first-interracial</fxxxmovies>
</dir>

<dir>
    <title>Fishnet</title>
    <fxxxmovies>fxmtag/fishnet</fxxxmovies>
</dir>

<dir>
    <title>fisting</title>
    <fxxxmovies>fxmtag/fisting</fxxxmovies>
</dir>

<dir>
    <title>Flame</title>
    <fxxxmovies>fxmtag/flame</fxxxmovies>
</dir>

<dir>
    <title>Flash Brown</title>
    <fxxxmovies>fxmtag/flash-brown</fxxxmovies>
</dir>

<dir>
    <title>Flick Shagwell</title>
    <fxxxmovies>fxmtag/flick-shagwell</fxxxmovies>
</dir>

<dir>
    <title>Flower Tucci</title>
    <fxxxmovies>fxmtag/flower-tucci</fxxxmovies>
</dir>

<dir>
    <title>FM Video</title>
    <fxxxmovies>fxmtag/fm-video</fxxxmovies>
</dir>

<dir>
    <title>Foot Fetish</title>
    <fxxxmovies>fxmtag/foot-fetish</fxxxmovies>
</dir>

<dir>
    <title>FOOT LOVERS</title>
    <fxxxmovies>fxmtag/foot-lovers</fxxxmovies>
</dir>

<dir>
    <title>Footjob</title>
    <fxxxmovies>fxmtag/footjob</fxxxmovies>
</dir>

<dir>
    <title>Forbidden Fruits Films</title>
    <fxxxmovies>fxmtag/forbidden-fruits-films</fxxxmovies>
</dir>

<dir>
    <title>Foreign</title>
    <fxxxmovies>fxmtag/foreign</fxxxmovies>
</dir>

<dir>
    <title>Foursome</title>
    <fxxxmovies>fxmtag/foursome</fxxxmovies>
</dir>

<dir>
    <title>Fovea</title>
    <fxxxmovies>fxmtag/fovea</fxxxmovies>
</dir>

<dir>
    <title>Foxy Di</title>
    <fxxxmovies>fxmtag/foxy-di</fxxxmovies>
</dir>

<dir>
    <title>Foxy Media</title>
    <fxxxmovies>fxmtag/foxy-media</fxxxmovies>
</dir>

<dir>
    <title>France</title>
    <fxxxmovies>fxmtag/france</fxxxmovies>
</dir>

<dir>
    <title>France Interdite</title>
    <fxxxmovies>fxmtag/france-interdite</fxxxmovies>
</dir>

<dir>
    <title>France Lomay</title>
    <fxxxmovies>fxmtag/france-lomay</fxxxmovies>
</dir>

<dir>
    <title>Francesca</title>
    <fxxxmovies>fxmtag/francesca</fxxxmovies>
</dir>

<dir>
    <title>Francesca Dicaprio</title>
    <fxxxmovies>fxmtag/francesca-dicaprio</fxxxmovies>
</dir>

<dir>
    <title>Francesca Le</title>
    <fxxxmovies>fxmtag/francesca-le</fxxxmovies>
</dir>

<dir>
    <title>Francesco Malcolm</title>
    <fxxxmovies>fxmtag/francesco-malcolm</fxxxmovies>
</dir>

<dir>
    <title>Francesco Malcom</title>
    <fxxxmovies>fxmtag/francesco-malcom</fxxxmovies>
</dir>

<dir>
    <title>Franceska Jaimes</title>
    <fxxxmovies>fxmtag/franceska-jaimes</fxxxmovies>
</dir>

<dir>
    <title>Franco</title>
    <fxxxmovies>fxmtag/franco</fxxxmovies>
</dir>

<dir>
    <title>Franco Roccaforte</title>
    <fxxxmovies>fxmtag/franco-roccaforte</fxxxmovies>
</dir>

<dir>
    <title>Franco Trentalance</title>
    <fxxxmovies>fxmtag/franco-trentalance</fxxxmovies>
</dir>

<dir>
    <title>Franco Trentalancia</title>
    <fxxxmovies>fxmtag/franco-trentalancia</fxxxmovies>
</dir>

<dir>
    <title>Francois</title>
    <fxxxmovies>fxmtag/francois</fxxxmovies>
</dir>

<dir>
    <title>Francois Papillon</title>
    <fxxxmovies>fxmtag/francois-papillon</fxxxmovies>
</dir>

<dir>
    <title>Francys Belle</title>
    <fxxxmovies>fxmtag/francys-belle</fxxxmovies>
</dir>

<dir>
    <title>Frank</title>
    <fxxxmovies>fxmtag/frank</fxxxmovies>
</dir>

<dir>
    <title>Frank Bukkwyd</title>
    <fxxxmovies>fxmtag/frank-bukkwyd</fxxxmovies>
</dir>

<dir>
    <title>Frank Gun</title>
    <fxxxmovies>fxmtag/frank-gun</fxxxmovies>
</dir>

<dir>
    <title>Frank Gunn</title>
    <fxxxmovies>fxmtag/frank-gunn</fxxxmovies>
</dir>

<dir>
    <title>Frank James</title>
    <fxxxmovies>fxmtag/frank-james</fxxxmovies>
</dir>

<dir>
    <title>Frank Major</title>
    <fxxxmovies>fxmtag/frank-major</fxxxmovies>
</dir>

<dir>
    <title>FRANK THRING</title>
    <fxxxmovies>fxmtag/frank-thring</fxxxmovies>
</dir>

<dir>
    <title>Frank Towers</title>
    <fxxxmovies>fxmtag/frank-towers</fxxxmovies>
</dir>

<dir>
    <title>Franki</title>
    <fxxxmovies>fxmtag/franki</fxxxmovies>
</dir>

<dir>
    <title>Frankie Leigh</title>
    <fxxxmovies>fxmtag/frankie-leigh</fxxxmovies>
</dir>

<dir>
    <title>Fred Coppula Prod</title>
    <fxxxmovies>fxmtag/fred-coppula-prod</fxxxmovies>
</dir>

<dir>
    <title>Free JAV Rips</title>
    <fxxxmovies>fxmtag/free-jav-rips</fxxxmovies>
</dir>

<dir>
    <title>French</title>
    <fxxxmovies>fxmtag/french</fxxxmovies>
</dir>

<dir>
    <title>Frida Sante</title>
    <fxxxmovies>fxmtag/frida-sante</fxxxmovies>
</dir>

<dir>
    <title>Friday</title>
    <fxxxmovies>fxmtag/friday</fxxxmovies>
</dir>

<dir>
    <title>fuck</title>
    <fxxxmovies>fxmtag/fuck</fxxxmovies>
</dir>

<dir>
    <title>Fucking</title>
    <fxxxmovies>fxmtag/fucking</fxxxmovies>
</dir>

<dir>
    <title>Full Movies</title>
    <fxxxmovies>fxmtag/full-movies</fxxxmovies>
</dir>

<dir>
    <title>Full Site Rip</title>
    <fxxxmovies>fxmtag/full-site-rip</fxxxmovies>
</dir>

<dir>
    <title>Full Site Rips</title>
    <fxxxmovies>fxmtag/full-site-rips</fxxxmovies>
</dir>

<dir>
    <title>FullHD</title>
    <fxxxmovies>fxmtag/fullhd</fxxxmovies>
</dir>

<dir>
    <title>FunMovies</title>
    <fxxxmovies>fxmtag/funmovies</fxxxmovies>
</dir>

<dir>
    <title>Fusxion</title>
    <fxxxmovies>fxmtag/fusxion</fxxxmovies>
</dir>

<dir>
    <title>Gabby Quinteros</title>
    <fxxxmovies>fxmtag/gabby-quinteros</fxxxmovies>
</dir>

<dir>
    <title>Gabi</title>
    <fxxxmovies>fxmtag/gabi</fxxxmovies>
</dir>

<dir>
    <title>Gabriel</title>
    <fxxxmovies>fxmtag/gabriel</fxxxmovies>
</dir>

<dir>
    <title>Gabriel Montoya</title>
    <fxxxmovies>fxmtag/gabriel-montoya</fxxxmovies>
</dir>

<dir>
    <title>Gabriel Pontello</title>
    <fxxxmovies>fxmtag/gabriel-pontello</fxxxmovies>
</dir>

<dir>
    <title>Gabriela</title>
    <fxxxmovies>fxmtag/gabriela</fxxxmovies>
</dir>

<dir>
    <title>Gabriella</title>
    <fxxxmovies>fxmtag/gabriella</fxxxmovies>
</dir>

<dir>
    <title>Gabriella Paltrova</title>
    <fxxxmovies>fxmtag/gabriella-paltrova</fxxxmovies>
</dir>

<dir>
    <title>Gabriella Vincze</title>
    <fxxxmovies>fxmtag/gabriella-vincze</fxxxmovies>
</dir>

<dir>
    <title>Gabrielle</title>
    <fxxxmovies>fxmtag/gabrielle</fxxxmovies>
</dir>

<dir>
    <title>Gabrielle Gucci</title>
    <fxxxmovies>fxmtag/gabrielle-gucci</fxxxmovies>
</dir>

<dir>
    <title>Gaby</title>
    <fxxxmovies>fxmtag/gaby</fxxxmovies>
</dir>

<dir>
    <title>Gage Sin</title>
    <fxxxmovies>fxmtag/gage-sin</fxxxmovies>
</dir>

<dir>
    <title>Gagging</title>
    <fxxxmovies>fxmtag/gagging</fxxxmovies>
</dir>

<dir>
    <title>Gaia</title>
    <fxxxmovies>fxmtag/gaia</fxxxmovies>
</dir>

<dir>
    <title>Gail Force</title>
    <fxxxmovies>fxmtag/gail-force</fxxxmovies>
</dir>

<dir>
    <title>Gang Bang</title>
    <fxxxmovies>fxmtag/gang-bang</fxxxmovies>
</dir>

<dir>
    <title>Gangbang</title>
    <fxxxmovies>fxmtag/gangbang</fxxxmovies>
</dir>

<dir>
    <title>Gape</title>
    <fxxxmovies>fxmtag/gape</fxxxmovies>
</dir>

<dir>
    <title>Gaping</title>
    <fxxxmovies>fxmtag/gaping</fxxxmovies>
</dir>

<dir>
    <title>Garters</title>
    <fxxxmovies>fxmtag/garters</fxxxmovies>
</dir>

<dir>
    <title>Gauge</title>
    <fxxxmovies>fxmtag/gauge</fxxxmovies>
</dir>

<dir>
    <title>Gazongas</title>
    <fxxxmovies>fxmtag/gazongas</fxxxmovies>
</dir>

<dir>
    <title>Gen Padova</title>
    <fxxxmovies>fxmtag/gen-padova</fxxxmovies>
</dir>

<dir>
    <title>Gender X</title>
    <fxxxmovies>fxmtag/gender-x</fxxxmovies>
</dir>

<dir>
    <title>Genesis Skye</title>
    <fxxxmovies>fxmtag/genesis-skye</fxxxmovies>
</dir>

<dir>
    <title>Genevieve</title>
    <fxxxmovies>fxmtag/genevieve</fxxxmovies>
</dir>

<dir>
    <title>GENTLEMENS</title>
    <fxxxmovies>fxmtag/gentlemens</fxxxmovies>
</dir>

<dir>
    <title>Gentlemen's Video</title>
    <fxxxmovies>fxmtag/gentlemens-video</fxxxmovies>
</dir>

<dir>
    <title>George</title>
    <fxxxmovies>fxmtag/george</fxxxmovies>
</dir>

<dir>
    <title>George Payne</title>
    <fxxxmovies>fxmtag/george-payne</fxxxmovies>
</dir>

<dir>
    <title>George Reno</title>
    <fxxxmovies>fxmtag/george-reno</fxxxmovies>
</dir>

<dir>
    <title>George Uhl</title>
    <fxxxmovies>fxmtag/george-uhl</fxxxmovies>
</dir>

<dir>
    <title>Georgia Jones</title>
    <fxxxmovies>fxmtag/georgia-jones</fxxxmovies>
</dir>

<dir>
    <title>Georgia Peach</title>
    <fxxxmovies>fxmtag/georgia-peach</fxxxmovies>
</dir>

<dir>
    <title>Georgina Davis</title>
    <fxxxmovies>fxmtag/georgina-davis</fxxxmovies>
</dir>

<dir>
    <title>Georgina Spelvin</title>
    <fxxxmovies>fxmtag/georgina-spelvin</fxxxmovies>
</dir>

<dir>
    <title>German</title>
    <fxxxmovies>fxmtag/german</fxxxmovies>
</dir>

<dir>
    <title>german homemade videos</title>
    <fxxxmovies>fxmtag/german-homemade-videos</fxxxmovies>
</dir>

<dir>
    <title>German Movies</title>
    <fxxxmovies>fxmtag/german-movies</fxxxmovies>
</dir>

<dir>
    <title>German Porn Films</title>
    <fxxxmovies>fxmtag/german-porn-films</fxxxmovies>
</dir>

<dir>
    <title>Germany</title>
    <fxxxmovies>fxmtag/germany</fxxxmovies>
</dir>

<dir>
    <title>Gerry Pike</title>
    <fxxxmovies>fxmtag/gerry-pike</fxxxmovies>
</dir>

<dir>
    <title>Geschwisterliebe</title>
    <fxxxmovies>fxmtag/geschwisterliebe</fxxxmovies>
</dir>

<dir>
    <title>GGG</title>
    <fxxxmovies>fxmtag/ggg</fxxxmovies>
</dir>

<dir>
    <title>Gia</title>
    <fxxxmovies>fxmtag/gia</fxxxmovies>
</dir>

<dir>
    <title>Gia Dimarco</title>
    <fxxxmovies>fxmtag/gia-dimarco</fxxxmovies>
</dir>

<dir>
    <title>Gia Jordan</title>
    <fxxxmovies>fxmtag/gia-jordan</fxxxmovies>
</dir>

<dir>
    <title>Gia Paige</title>
    <fxxxmovies>fxmtag/gia-paige</fxxxmovies>
</dir>

<dir>
    <title>Gia Paloma</title>
    <fxxxmovies>fxmtag/gia-paloma</fxxxmovies>
</dir>

<dir>
    <title>Gia Steel</title>
    <fxxxmovies>fxmtag/gia-steel</fxxxmovies>
</dir>

<dir>
    <title>Gianna</title>
    <fxxxmovies>fxmtag/gianna</fxxxmovies>
</dir>

<dir>
    <title>Gianna Lynn</title>
    <fxxxmovies>fxmtag/gianna-lynn</fxxxmovies>
</dir>

<dir>
    <title>Gianna Michaels</title>
    <fxxxmovies>fxmtag/gianna-michaels</fxxxmovies>
</dir>

<dir>
    <title>Gianna Nicole</title>
    <fxxxmovies>fxmtag/gianna-nicole</fxxxmovies>
</dir>

<dir>
    <title>Gigi</title>
    <fxxxmovies>fxmtag/gigi</fxxxmovies>
</dir>

<dir>
    <title>Gigi Allens</title>
    <fxxxmovies>fxmtag/gigi-allens</fxxxmovies>
</dir>

<dir>
    <title>Gigi Rivera</title>
    <fxxxmovies>fxmtag/gigi-rivera</fxxxmovies>
</dir>

<dir>
    <title>Gilda Roberts</title>
    <fxxxmovies>fxmtag/gilda-roberts</fxxxmovies>
</dir>

<dir>
    <title>Gilf</title>
    <fxxxmovies>fxmtag/gilf</fxxxmovies>
</dir>

<dir>
    <title>Gina</title>
    <fxxxmovies>fxmtag/gina</fxxxmovies>
</dir>

<dir>
    <title>Gina B.</title>
    <fxxxmovies>fxmtag/gina-b</fxxxmovies>
</dir>

<dir>
    <title>Gina Blonde</title>
    <fxxxmovies>fxmtag/gina-blonde</fxxxmovies>
</dir>

<dir>
    <title>Gina Carrera</title>
    <fxxxmovies>fxmtag/gina-carrera</fxxxmovies>
</dir>

<dir>
    <title>Gina Gerson</title>
    <fxxxmovies>fxmtag/gina-gerson</fxxxmovies>
</dir>

<dir>
    <title>Gina Lynn</title>
    <fxxxmovies>fxmtag/gina-lynn</fxxxmovies>
</dir>

<dir>
    <title>Gina Rome</title>
    <fxxxmovies>fxmtag/gina-rome</fxxxmovies>
</dir>

<dir>
    <title>Gina Ryder</title>
    <fxxxmovies>fxmtag/gina-ryder</fxxxmovies>
</dir>

<dir>
    <title>Gina Valentina</title>
    <fxxxmovies>fxmtag/gina-valentina</fxxxmovies>
</dir>

<dir>
    <title>Gina Valentino</title>
    <fxxxmovies>fxmtag/gina-valentino</fxxxmovies>
</dir>

<dir>
    <title>Ginger</title>
    <fxxxmovies>fxmtag/ginger</fxxxmovies>
</dir>

<dir>
    <title>Ginger Lea</title>
    <fxxxmovies>fxmtag/ginger-lea</fxxxmovies>
</dir>

<dir>
    <title>Ginger Lynn</title>
    <fxxxmovies>fxmtag/ginger-lynn</fxxxmovies>
</dir>

<dir>
    <title>Giorgio Grandi</title>
    <fxxxmovies>fxmtag/giorgio-grandi</fxxxmovies>
</dir>

<dir>
    <title>Giovanna</title>
    <fxxxmovies>fxmtag/giovanna</fxxxmovies>
</dir>

<dir>
    <title>Girl-Girl</title>
    <fxxxmovies>fxmtag/girl-girl</fxxxmovies>
</dir>

<dir>
    <title>Girl Next Door</title>
    <fxxxmovies>fxmtag/girl-next-door</fxxxmovies>
</dir>

<dir>
    <title>Girlfriends Films</title>
    <fxxxmovies>fxmtag/girlfriends-films</fxxxmovies>
</dir>

<dir>
    <title>Girlfriends Films Inc</title>
    <fxxxmovies>fxmtag/girlfriends-films-inc</fxxxmovies>
</dir>

<dir>
    <title>Girls</title>
    <fxxxmovies>fxmtag/girls</fxxxmovies>
</dir>

<dir>
    <title>Girlsway</title>
    <fxxxmovies>fxmtag/girlsway</fxxxmovies>
</dir>

<dir>
    <title>Girlsway Productions</title>
    <fxxxmovies>fxmtag/girlsway-productions</fxxxmovies>
</dir>

<dir>
    <title>Giselle</title>
    <fxxxmovies>fxmtag/giselle</fxxxmovies>
</dir>

<dir>
    <title>Giselle Leon</title>
    <fxxxmovies>fxmtag/giselle-leon</fxxxmovies>
</dir>

<dir>
    <title>Giselle Mari</title>
    <fxxxmovies>fxmtag/giselle-mari</fxxxmovies>
</dir>

<dir>
    <title>Giselle Palmer</title>
    <fxxxmovies>fxmtag/giselle-palmer</fxxxmovies>
</dir>

<dir>
    <title>Glamour</title>
    <fxxxmovies>fxmtag/glamour</fxxxmovies>
</dir>

<dir>
    <title>Glamour Models</title>
    <fxxxmovies>fxmtag/glamour-models</fxxxmovies>
</dir>

<dir>
    <title>Glasses</title>
    <fxxxmovies>fxmtag/glasses</fxxxmovies>
</dir>

<dir>
    <title>Glocken</title>
    <fxxxmovies>fxmtag/glocken</fxxxmovies>
</dir>

<dir>
    <title>Gloria</title>
    <fxxxmovies>fxmtag/gloria</fxxxmovies>
</dir>

<dir>
    <title>Gloria Leonard</title>
    <fxxxmovies>fxmtag/gloria-leonard</fxxxmovies>
</dir>

<dir>
    <title>Glory Hole</title>
    <fxxxmovies>fxmtag/glory-hole</fxxxmovies>
</dir>

<dir>
    <title>GloryHole</title>
    <fxxxmovies>fxmtag/gloryhole</fxxxmovies>
</dir>

<dir>
    <title>gloves</title>
    <fxxxmovies>fxmtag/gloves</fxxxmovies>
</dir>

<dir>
    <title>Goldie</title>
    <fxxxmovies>fxmtag/goldie</fxxxmovies>
</dir>

<dir>
    <title>Goldie Rush</title>
    <fxxxmovies>fxmtag/goldie-rush</fxxxmovies>
</dir>

<dir>
    <title>Goldlight</title>
    <fxxxmovies>fxmtag/goldlight</fxxxmovies>
</dir>

<dir>
    <title>Goldwin</title>
    <fxxxmovies>fxmtag/goldwin</fxxxmovies>
</dir>

<dir>
    <title>Gonzo</title>
    <fxxxmovies>fxmtag/gonzo</fxxxmovies>
</dir>

<dir>
    <title>GOURMET VIDEO</title>
    <fxxxmovies>fxmtag/gourmet-video</fxxxmovies>
</dir>

<dir>
    <title>Gourmet Video Collection</title>
    <fxxxmovies>fxmtag/gourmet-video-collection</fxxxmovies>
</dir>

<dir>
    <title>Grace</title>
    <fxxxmovies>fxmtag/grace</fxxxmovies>
</dir>

<dir>
    <title>Gracie Glam</title>
    <fxxxmovies>fxmtag/gracie-glam</fxxxmovies>
</dir>

<dir>
    <title>Granaten</title>
    <fxxxmovies>fxmtag/granaten</fxxxmovies>
</dir>

<dir>
    <title>Grande Melones</title>
    <fxxxmovies>fxmtag/grande-melones</fxxxmovies>
</dir>

<dir>
    <title>grannies</title>
    <fxxxmovies>fxmtag/grannies</fxxxmovies>
</dir>

<dir>
    <title>granny</title>
    <fxxxmovies>fxmtag/granny</fxxxmovies>
</dir>

<dir>
    <title>Greg Centauro</title>
    <fxxxmovies>fxmtag/greg-centauro</fxxxmovies>
</dir>

<dir>
    <title>Greta Milos</title>
    <fxxxmovies>fxmtag/greta-milos</fxxxmovies>
</dir>

<dir>
    <title>Group</title>
    <fxxxmovies>fxmtag/group</fxxxmovies>
</dir>

<dir>
    <title>Group Sex</title>
    <fxxxmovies>fxmtag/group-sex</fxxxmovies>
</dir>

<dir>
    <title>Group Sex Games</title>
    <fxxxmovies>fxmtag/group-sex-games</fxxxmovies>
</dir>

<dir>
    <title>Groupe</title>
    <fxxxmovies>fxmtag/groupe</fxxxmovies>
</dir>

<dir>
    <title>groupsex</title>
    <fxxxmovies>fxmtag/groupsex</fxxxmovies>
</dir>

<dir>
    <title>Gruppensex</title>
    <fxxxmovies>fxmtag/gruppensex</fxxxmovies>
</dir>

<dir>
    <title>Guillaume Valmer</title>
    <fxxxmovies>fxmtag/guillaume-valmer</fxxxmovies>
</dir>

<dir>
    <title>Guilty Desire</title>
    <fxxxmovies>fxmtag/guilty-desire</fxxxmovies>
</dir>

<dir>
    <title>Guy Disilva</title>
    <fxxxmovies>fxmtag/guy-disilva</fxxxmovies>
</dir>

<dir>
    <title>Guy Royer</title>
    <fxxxmovies>fxmtag/guy-royer</fxxxmovies>
</dir>

<dir>
    <title>Gwen Diamond</title>
    <fxxxmovies>fxmtag/gwen-diamond</fxxxmovies>
</dir>

<dir>
    <title>Gwen Summers</title>
    <fxxxmovies>fxmtag/gwen-summers</fxxxmovies>
</dir>

<dir>
    <title>h m p</title>
    <fxxxmovies>fxmtag/h-m-p</fxxxmovies>
</dir>

<dir>
    <title>Hailey Little</title>
    <fxxxmovies>fxmtag/hailey-little</fxxxmovies>
</dir>

<dir>
    <title>Hailey Young</title>
    <fxxxmovies>fxmtag/hailey-young</fxxxmovies>
</dir>

<dir>
    <title>hairy</title>
    <fxxxmovies>fxmtag/hairy</fxxxmovies>
</dir>

<dir>
    <title>Hairy Pussy</title>
    <fxxxmovies>fxmtag/hairy-pussy</fxxxmovies>
</dir>

<dir>
    <title>Hakan Serbes</title>
    <fxxxmovies>fxmtag/hakan-serbes</fxxxmovies>
</dir>

<dir>
    <title>Haley</title>
    <fxxxmovies>fxmtag/haley</fxxxmovies>
</dir>

<dir>
    <title>Haley Cummings</title>
    <fxxxmovies>fxmtag/haley-cummings</fxxxmovies>
</dir>

<dir>
    <title>Haley Paige</title>
    <fxxxmovies>fxmtag/haley-paige</fxxxmovies>
</dir>

<dir>
    <title>Haley Reed</title>
    <fxxxmovies>fxmtag/haley-reed</fxxxmovies>
</dir>

<dir>
    <title>Haley Scott</title>
    <fxxxmovies>fxmtag/haley-scott</fxxxmovies>
</dir>

<dir>
    <title>Haley Sweet</title>
    <fxxxmovies>fxmtag/haley-sweet</fxxxmovies>
</dir>

<dir>
    <title>Halie James</title>
    <fxxxmovies>fxmtag/halie-james</fxxxmovies>
</dir>

<dir>
    <title>Halle Von</title>
    <fxxxmovies>fxmtag/halle-von</fxxxmovies>
</dir>

<dir>
    <title>Hana</title>
    <fxxxmovies>fxmtag/hana</fxxxmovies>
</dir>

<dir>
    <title>Hana Black</title>
    <fxxxmovies>fxmtag/hana-black</fxxxmovies>
</dir>

<dir>
    <title>Hand Job</title>
    <fxxxmovies>fxmtag/hand-job</fxxxmovies>
</dir>

<dir>
    <title>HAND JOBS</title>
    <fxxxmovies>fxmtag/hand-jobs</fxxxmovies>
</dir>

<dir>
    <title>Handjob</title>
    <fxxxmovies>fxmtag/handjob</fxxxmovies>
</dir>

<dir>
    <title>Handjobs</title>
    <fxxxmovies>fxmtag/handjobs</fxxxmovies>
</dir>

<dir>
    <title>Handlung</title>
    <fxxxmovies>fxmtag/handlung</fxxxmovies>
</dir>

<dir>
    <title>H\u00e4ngetitten</title>
    <fxxxmovies>fxmtag/hangetitten</fxxxmovies>
</dir>

<dir>
    <title>Hanna</title>
    <fxxxmovies>fxmtag/hanna</fxxxmovies>
</dir>

<dir>
    <title>Hanna Lay</title>
    <fxxxmovies>fxmtag/hanna-lay</fxxxmovies>
</dir>

<dir>
    <title>Hannah</title>
    <fxxxmovies>fxmtag/hannah</fxxxmovies>
</dir>

<dir>
    <title>Hannah Harper</title>
    <fxxxmovies>fxmtag/hannah-harper</fxxxmovies>
</dir>

<dir>
    <title>Hannah Hays</title>
    <fxxxmovies>fxmtag/hannah-hays</fxxxmovies>
</dir>

<dir>
    <title>Hannah Shaw</title>
    <fxxxmovies>fxmtag/hannah-shaw</fxxxmovies>
</dir>

<dir>
    <title>Hannah West</title>
    <fxxxmovies>fxmtag/hannah-west</fxxxmovies>
</dir>

<dir>
    <title>Hard Sex</title>
    <fxxxmovies>fxmtag/hard-sex</fxxxmovies>
</dir>

<dir>
    <title>Hard X</title>
    <fxxxmovies>fxmtag/hard-x</fxxxmovies>
</dir>

<dir>
    <title>Hardcore</title>
    <fxxxmovies>fxmtag/hardcore</fxxxmovies>
</dir>

<dir>
    <title>hardcore sex</title>
    <fxxxmovies>fxmtag/hardcore-sex</fxxxmovies>
</dir>

<dir>
    <title>HardX</title>
    <fxxxmovies>fxmtag/hardx</fxxxmovies>
</dir>

<dir>
    <title>Harley</title>
    <fxxxmovies>fxmtag/harley</fxxxmovies>
</dir>

<dir>
    <title>Harley Dean</title>
    <fxxxmovies>fxmtag/harley-dean</fxxxmovies>
</dir>

<dir>
    <title>Harley Jade</title>
    <fxxxmovies>fxmtag/harley-jade</fxxxmovies>
</dir>

<dir>
    <title>Harlow Harrison</title>
    <fxxxmovies>fxmtag/harlow-harrison</fxxxmovies>
</dir>

<dir>
    <title>Harmony</title>
    <fxxxmovies>fxmtag/harmony</fxxxmovies>
</dir>

<dir>
    <title>Harmony Films</title>
    <fxxxmovies>fxmtag/harmony-films</fxxxmovies>
</dir>

<dir>
    <title>Harmony Reigns</title>
    <fxxxmovies>fxmtag/harmony-reigns</fxxxmovies>
</dir>

<dir>
    <title>Harmony Rose</title>
    <fxxxmovies>fxmtag/harmony-rose</fxxxmovies>
</dir>

<dir>
    <title>Harry Reems</title>
    <fxxxmovies>fxmtag/harry-reems</fxxxmovies>
</dir>

<dir>
    <title>Havana Ginger</title>
    <fxxxmovies>fxmtag/havana-ginger</fxxxmovies>
</dir>

<dir>
    <title>Hayden Hawkens</title>
    <fxxxmovies>fxmtag/hayden-hawkens</fxxxmovies>
</dir>

<dir>
    <title>Hayden Night</title>
    <fxxxmovies>fxmtag/hayden-night</fxxxmovies>
</dir>

<dir>
    <title>Hayden Winters</title>
    <fxxxmovies>fxmtag/hayden-winters</fxxxmovies>
</dir>

<dir>
    <title>Hazel Dew</title>
    <fxxxmovies>fxmtag/hazel-dew</fxxxmovies>
</dir>

<dir>
    <title>HD</title>
    <fxxxmovies>fxmtag/hd</fxxxmovies>
</dir>

<dir>
    <title>HD Porn</title>
    <fxxxmovies>fxmtag/hd-porn</fxxxmovies>
</dir>

<dir>
    <title>HD-Shot</title>
    <fxxxmovies>fxmtag/hd-shot</fxxxmovies>
</dir>

<dir>
    <title>HD - Shot In High Def</title>
    <fxxxmovies>fxmtag/hd-shot-in-high-def</fxxxmovies>
</dir>

<dir>
    <title>Heather</title>
    <fxxxmovies>fxmtag/heather</fxxxmovies>
</dir>

<dir>
    <title>Heather Gables</title>
    <fxxxmovies>fxmtag/heather-gables</fxxxmovies>
</dir>

<dir>
    <title>Heather Hart</title>
    <fxxxmovies>fxmtag/heather-hart</fxxxmovies>
</dir>

<dir>
    <title>Heather Lee</title>
    <fxxxmovies>fxmtag/heather-lee</fxxxmovies>
</dir>

<dir>
    <title>Heather Silk</title>
    <fxxxmovies>fxmtag/heather-silk</fxxxmovies>
</dir>

<dir>
    <title>Heather Starlet</title>
    <fxxxmovies>fxmtag/heather-starlet</fxxxmovies>
</dir>

<dir>
    <title>Heather Vahn</title>
    <fxxxmovies>fxmtag/heather-vahn</fxxxmovies>
</dir>

<dir>
    <title>Heather Wayne</title>
    <fxxxmovies>fxmtag/heather-wayne</fxxxmovies>
</dir>

<dir>
    <title>HEATWAVE</title>
    <fxxxmovies>fxmtag/heatwave</fxxxmovies>
</dir>

<dir>
    <title>heels</title>
    <fxxxmovies>fxmtag/heels</fxxxmovies>
</dir>

<dir>
    <title>Heidi</title>
    <fxxxmovies>fxmtag/heidi</fxxxmovies>
</dir>

<dir>
    <title>Heidi Hollywood</title>
    <fxxxmovies>fxmtag/heidi-hollywood</fxxxmovies>
</dir>

<dir>
    <title>Heidi Mayne</title>
    <fxxxmovies>fxmtag/heidi-mayne</fxxxmovies>
</dir>

<dir>
    <title>Helen Duval</title>
    <fxxxmovies>fxmtag/helen-duval</fxxxmovies>
</dir>

<dir>
    <title>Helen Madigan</title>
    <fxxxmovies>fxmtag/helen-madigan</fxxxmovies>
</dir>

<dir>
    <title>Helena</title>
    <fxxxmovies>fxmtag/helena</fxxxmovies>
</dir>

<dir>
    <title>Helena Sweet</title>
    <fxxxmovies>fxmtag/helena-sweet</fxxxmovies>
</dir>

<dir>
    <title>Helga Sven</title>
    <fxxxmovies>fxmtag/helga-sven</fxxxmovies>
</dir>

<dir>
    <title>Helly Mae Hellfire</title>
    <fxxxmovies>fxmtag/helly-mae-hellfire</fxxxmovies>
</dir>

<dir>
    <title>Henessy</title>
    <fxxxmovies>fxmtag/henessy</fxxxmovies>
</dir>

<dir>
    <title>Herschel Savage</title>
    <fxxxmovies>fxmtag/herschel-savage</fxxxmovies>
</dir>

<dir>
    <title>Hershel Savage</title>
    <fxxxmovies>fxmtag/hershel-savage</fxxxmovies>
</dir>

<dir>
    <title>Herzog</title>
    <fxxxmovies>fxmtag/herzog</fxxxmovies>
</dir>

<dir>
    <title>High Definition</title>
    <fxxxmovies>fxmtag/high-definition</fxxxmovies>
</dir>

<dir>
    <title>High Heels</title>
    <fxxxmovies>fxmtag/high-heels</fxxxmovies>
</dir>

<dir>
    <title>HighHeels</title>
    <fxxxmovies>fxmtag/highheels</fxxxmovies>
</dir>

<dir>
    <title>Hillary Scott</title>
    <fxxxmovies>fxmtag/hillary-scott</fxxxmovies>
</dir>

<dir>
    <title>Hillary Summers</title>
    <fxxxmovies>fxmtag/hillary-summers</fxxxmovies>
</dir>

<dir>
    <title>HISTORIC EROTICA</title>
    <fxxxmovies>fxmtag/historic-erotica</fxxxmovies>
</dir>

<dir>
    <title>hitfile</title>
    <fxxxmovies>fxmtag/hitfile</fxxxmovies>
</dir>

<dir>
    <title>Holland</title>
    <fxxxmovies>fxmtag/holland</fxxxmovies>
</dir>

<dir>
    <title>Hollie Mack</title>
    <fxxxmovies>fxmtag/hollie-mack</fxxxmovies>
</dir>

<dir>
    <title>Hollie Stevens</title>
    <fxxxmovies>fxmtag/hollie-stevens</fxxxmovies>
</dir>

<dir>
    <title>Holly</title>
    <fxxxmovies>fxmtag/holly</fxxxmovies>
</dir>

<dir>
    <title>Holly Body</title>
    <fxxxmovies>fxmtag/holly-body</fxxxmovies>
</dir>

<dir>
    <title>Holly Halston</title>
    <fxxxmovies>fxmtag/holly-halston</fxxxmovies>
</dir>

<dir>
    <title>Holly Heart</title>
    <fxxxmovies>fxmtag/holly-heart</fxxxmovies>
</dir>

<dir>
    <title>Holly Hendrix</title>
    <fxxxmovies>fxmtag/holly-hendrix</fxxxmovies>
</dir>

<dir>
    <title>Holly Hollywood</title>
    <fxxxmovies>fxmtag/holly-hollywood</fxxxmovies>
</dir>

<dir>
    <title>Holly Kiss</title>
    <fxxxmovies>fxmtag/holly-kiss</fxxxmovies>
</dir>

<dir>
    <title>Holly Michaels</title>
    <fxxxmovies>fxmtag/holly-michaels</fxxxmovies>
</dir>

<dir>
    <title>HOLLY MORGAN</title>
    <fxxxmovies>fxmtag/holly-morgan</fxxxmovies>
</dir>

<dir>
    <title>Holly Sampson</title>
    <fxxxmovies>fxmtag/holly-sampson</fxxxmovies>
</dir>

<dir>
    <title>Holly Taylor</title>
    <fxxxmovies>fxmtag/holly-taylor</fxxxmovies>
</dir>

<dir>
    <title>Holly Wellin</title>
    <fxxxmovies>fxmtag/holly-wellin</fxxxmovies>
</dir>

<dir>
    <title>Holly West</title>
    <fxxxmovies>fxmtag/holly-west</fxxxmovies>
</dir>

<dir>
    <title>HOLLYWOOD VIDEO</title>
    <fxxxmovies>fxmtag/hollywood-video</fxxxmovies>
</dir>

<dir>
    <title>Home Made Movies</title>
    <fxxxmovies>fxmtag/home-made-movies</fxxxmovies>
</dir>

<dir>
    <title>Homemade</title>
    <fxxxmovies>fxmtag/homemade</fxxxmovies>
</dir>

<dir>
    <title>Homemade Media</title>
    <fxxxmovies>fxmtag/homemade-media</fxxxmovies>
</dir>

<dir>
    <title>Honey</title>
    <fxxxmovies>fxmtag/honey</fxxxmovies>
</dir>

<dir>
    <title>Honey Demon</title>
    <fxxxmovies>fxmtag/honey-demon</fxxxmovies>
</dir>

<dir>
    <title>Honey Gold</title>
    <fxxxmovies>fxmtag/honey-gold</fxxxmovies>
</dir>

<dir>
    <title>Honey Wilder</title>
    <fxxxmovies>fxmtag/honey-wilder</fxxxmovies>
</dir>

<dir>
    <title>Honey Winter</title>
    <fxxxmovies>fxmtag/honey-winter</fxxxmovies>
</dir>

<dir>
    <title>Hooters</title>
    <fxxxmovies>fxmtag/hooters</fxxxmovies>
</dir>

<dir>
    <title>Hope</title>
    <fxxxmovies>fxmtag/hope</fxxxmovies>
</dir>

<dir>
    <title>Hope Harper</title>
    <fxxxmovies>fxmtag/hope-harper</fxxxmovies>
</dir>

<dir>
    <title>Hope Howell</title>
    <fxxxmovies>fxmtag/hope-howell</fxxxmovies>
</dir>

<dir>
    <title>Horror</title>
    <fxxxmovies>fxmtag/horror</fxxxmovies>
</dir>

<dir>
    <title>HORROR PORN</title>
    <fxxxmovies>fxmtag/horror-porn</fxxxmovies>
</dir>

<dir>
    <title>Horst Baron</title>
    <fxxxmovies>fxmtag/horst-baron</fxxxmovies>
</dir>

<dir>
    <title>Hot Video</title>
    <fxxxmovies>fxmtag/hot-video</fxxxmovies>
</dir>

<dir>
    <title>Hotwife</title>
    <fxxxmovies>fxmtag/hotwife</fxxxmovies>
</dir>

<dir>
    <title>Housewife</title>
    <fxxxmovies>fxmtag/housewife</fxxxmovies>
</dir>

<dir>
    <title>Housewives</title>
    <fxxxmovies>fxmtag/housewives</fxxxmovies>
</dir>

<dir>
    <title>Houston</title>
    <fxxxmovies>fxmtag/houston</fxxxmovies>
</dir>

<dir>
    <title>HPG Prod</title>
    <fxxxmovies>fxmtag/hpg-prod</fxxxmovies>
</dir>

<dir>
    <title>Hubert G\u00e9ral</title>
    <fxxxmovies>fxmtag/hubert-geral</fxxxmovies>
</dir>

<dir>
    <title>Huge Cup</title>
    <fxxxmovies>fxmtag/huge-cup</fxxxmovies>
</dir>

<dir>
    <title>Humiliation</title>
    <fxxxmovies>fxmtag/humiliation</fxxxmovies>
</dir>

<dir>
    <title>Hupen</title>
    <fxxxmovies>fxmtag/hupen</fxxxmovies>
</dir>

<dir>
    <title>Hustler</title>
    <fxxxmovies>fxmtag/hustler</fxxxmovies>
</dir>

<dir>
    <title>Hustler Video</title>
    <fxxxmovies>fxmtag/hustler-video</fxxxmovies>
</dir>

<dir>
    <title>Hyapatia Lee</title>
    <fxxxmovies>fxmtag/hyapatia-lee</fxxxmovies>
</dir>

<dir>
    <title>Ian Daniels</title>
    <fxxxmovies>fxmtag/ian-daniels</fxxxmovies>
</dir>

<dir>
    <title>Ian Scott</title>
    <fxxxmovies>fxmtag/ian-scott</fxxxmovies>
</dir>

<dir>
    <title>Ice La Fox</title>
    <fxxxmovies>fxmtag/ice-la-fox</fxxxmovies>
</dir>

<dir>
    <title>Ike Diezel</title>
    <fxxxmovies>fxmtag/ike-diezel</fxxxmovies>
</dir>

<dir>
    <title>Ildiko</title>
    <fxxxmovies>fxmtag/ildiko</fxxxmovies>
</dir>

<dir>
    <title>Illona</title>
    <fxxxmovies>fxmtag/illona</fxxxmovies>
</dir>

<dir>
    <title>Ilse</title>
    <fxxxmovies>fxmtag/ilse</fxxxmovies>
</dir>

<dir>
    <title>Imamedia</title>
    <fxxxmovies>fxmtag/imamedia</fxxxmovies>
</dir>

<dir>
    <title>Imani Rose</title>
    <fxxxmovies>fxmtag/imani-rose</fxxxmovies>
</dir>

<dir>
    <title>Immoral Productions</title>
    <fxxxmovies>fxmtag/immoral-productions</fxxxmovies>
</dir>

<dir>
    <title>IN-X-CESS</title>
    <fxxxmovies>fxmtag/in-x-cess</fxxxmovies>
</dir>

<dir>
    <title>Inari Vachs</title>
    <fxxxmovies>fxmtag/inari-vachs</fxxxmovies>
</dir>

<dir>
    <title>INC</title>
    <fxxxmovies>fxmtag/inc</fxxxmovies>
</dir>

<dir>
    <title>Incest</title>
    <fxxxmovies>fxmtag/incest</fxxxmovies>
</dir>

<dir>
    <title>Incredible Digital</title>
    <fxxxmovies>fxmtag/incredible-digital</fxxxmovies>
</dir>

<dir>
    <title>India</title>
    <fxxxmovies>fxmtag/india</fxxxmovies>
</dir>

<dir>
    <title>India Summer</title>
    <fxxxmovies>fxmtag/india-summer</fxxxmovies>
</dir>

<dir>
    <title>India Summers</title>
    <fxxxmovies>fxmtag/india-summers</fxxxmovies>
</dir>

<dir>
    <title>INDIAN</title>
    <fxxxmovies>fxmtag/indian</fxxxmovies>
</dir>

<dir>
    <title>Individual Models</title>
    <fxxxmovies>fxmtag/individual-models</fxxxmovies>
</dir>

<dir>
    <title>Indoor</title>
    <fxxxmovies>fxmtag/indoor</fxxxmovies>
</dir>

<dir>
    <title>Ines</title>
    <fxxxmovies>fxmtag/ines</fxxxmovies>
</dir>

<dir>
    <title>Inflagranti</title>
    <fxxxmovies>fxmtag/inflagranti</fxxxmovies>
</dir>

<dir>
    <title>Inga</title>
    <fxxxmovies>fxmtag/inga</fxxxmovies>
</dir>

<dir>
    <title>Ingrid</title>
    <fxxxmovies>fxmtag/ingrid</fxxxmovies>
</dir>

<dir>
    <title>Ingrid Steeger</title>
    <fxxxmovies>fxmtag/ingrid-steeger</fxxxmovies>
</dir>

<dir>
    <title>Innocent High</title>
    <fxxxmovies>fxmtag/innocent-high</fxxxmovies>
</dir>

<dir>
    <title>Insertions</title>
    <fxxxmovies>fxmtag/insertions</fxxxmovies>
</dir>

<dir>
    <title>Instructional</title>
    <fxxxmovies>fxmtag/instructional</fxxxmovies>
</dir>

<dir>
    <title>INTERACTIVE</title>
    <fxxxmovies>fxmtag/interactive</fxxxmovies>
</dir>

<dir>
    <title>Internal Cumshot</title>
    <fxxxmovies>fxmtag/internal-cumshot</fxxxmovies>
</dir>

<dir>
    <title>International</title>
    <fxxxmovies>fxmtag/international</fxxxmovies>
</dir>

<dir>
    <title>Interracial</title>
    <fxxxmovies>fxmtag/interracial</fxxxmovies>
</dir>

<dir>
    <title>Inzest</title>
    <fxxxmovies>fxmtag/inzest</fxxxmovies>
</dir>

<dir>
    <title>IR</title>
    <fxxxmovies>fxmtag/ir</fxxxmovies>
</dir>

<dir>
    <title>Irina</title>
    <fxxxmovies>fxmtag/irina</fxxxmovies>
</dir>

<dir>
    <title>Irina Bruni</title>
    <fxxxmovies>fxmtag/irina-bruni</fxxxmovies>
</dir>

<dir>
    <title>Iris</title>
    <fxxxmovies>fxmtag/iris</fxxxmovies>
</dir>

<dir>
    <title>Iris Rose</title>
    <fxxxmovies>fxmtag/iris-rose</fxxxmovies>
</dir>

<dir>
    <title>Isabel</title>
    <fxxxmovies>fxmtag/isabel</fxxxmovies>
</dir>

<dir>
    <title>Isabel Ice</title>
    <fxxxmovies>fxmtag/isabel-ice</fxxxmovies>
</dir>

<dir>
    <title>Isabella</title>
    <fxxxmovies>fxmtag/isabella</fxxxmovies>
</dir>

<dir>
    <title>Isabella Clark</title>
    <fxxxmovies>fxmtag/isabella-clark</fxxxmovies>
</dir>

<dir>
    <title>Isabella De Santos</title>
    <fxxxmovies>fxmtag/isabella-de-santos</fxxxmovies>
</dir>

<dir>
    <title>Isabella Lui</title>
    <fxxxmovies>fxmtag/isabella-lui</fxxxmovies>
</dir>

<dir>
    <title>Isabelle</title>
    <fxxxmovies>fxmtag/isabelle</fxxxmovies>
</dir>

<dir>
    <title>Isiah Maxwell</title>
    <fxxxmovies>fxmtag/isiah-maxwell</fxxxmovies>
</dir>

<dir>
    <title>Isis Love</title>
    <fxxxmovies>fxmtag/isis-love</fxxxmovies>
</dir>

<dir>
    <title>Isis Nile</title>
    <fxxxmovies>fxmtag/isis-nile</fxxxmovies>
</dir>

<dir>
    <title>Isis Taylor</title>
    <fxxxmovies>fxmtag/isis-taylor</fxxxmovies>
</dir>

<dir>
    <title>Italian</title>
    <fxxxmovies>fxmtag/italian</fxxxmovies>
</dir>

<dir>
    <title>Italy</title>
    <fxxxmovies>fxmtag/italy</fxxxmovies>
</dir>

<dir>
    <title>Ivana</title>
    <fxxxmovies>fxmtag/ivana</fxxxmovies>
</dir>

<dir>
    <title>Ivana Sugar</title>
    <fxxxmovies>fxmtag/ivana-sugar</fxxxmovies>
</dir>

<dir>
    <title>Iveta</title>
    <fxxxmovies>fxmtag/iveta</fxxxmovies>
</dir>

<dir>
    <title>Ivka</title>
    <fxxxmovies>fxmtag/ivka</fxxxmovies>
</dir>

<dir>
    <title>Ivy</title>
    <fxxxmovies>fxmtag/ivy</fxxxmovies>
</dir>

<dir>
    <title>Ivy Lebelle</title>
    <fxxxmovies>fxmtag/ivy-lebelle</fxxxmovies>
</dir>

<dir>
    <title>Ivy Sherwood</title>
    <fxxxmovies>fxmtag/ivy-sherwood</fxxxmovies>
</dir>

<dir>
    <title>Ivy Winters</title>
    <fxxxmovies>fxmtag/ivy-winters</fxxxmovies>
</dir>

<dir>
    <title>Ivy Wolfe</title>
    <fxxxmovies>fxmtag/ivy-wolfe</fxxxmovies>
</dir>

<dir>
    <title>Iwia</title>
    <fxxxmovies>fxmtag/iwia</fxxxmovies>
</dir>

<dir>
    <title>Izzy Bell</title>
    <fxxxmovies>fxmtag/izzy-bell</fxxxmovies>
</dir>

<dir>
    <title>J J</title>
    <fxxxmovies>fxmtag/j-j</fxxxmovies>
</dir>

<dir>
    <title>J J Michaels</title>
    <fxxxmovies>fxmtag/j-j-michaels</fxxxmovies>
</dir>

<dir>
    <title>J. Mac</title>
    <fxxxmovies>fxmtag/j-mac</fxxxmovies>
</dir>

<dir>
    <title>J P X</title>
    <fxxxmovies>fxmtag/j-p-x</fxxxmovies>
</dir>

<dir>
    <title>J Strokes</title>
    <fxxxmovies>fxmtag/j-strokes</fxxxmovies>
</dir>

<dir>
    <title>Jack</title>
    <fxxxmovies>fxmtag/jack</fxxxmovies>
</dir>

<dir>
    <title>Jack Baker</title>
    <fxxxmovies>fxmtag/jack-baker</fxxxmovies>
</dir>

<dir>
    <title>Jack Blaque</title>
    <fxxxmovies>fxmtag/jack-blaque</fxxxmovies>
</dir>

<dir>
    <title>Jack Hammer</title>
    <fxxxmovies>fxmtag/jack-hammer</fxxxmovies>
</dir>

<dir>
    <title>Jack Lawrence</title>
    <fxxxmovies>fxmtag/jack-lawrence</fxxxmovies>
</dir>

<dir>
    <title>Jack Mason</title>
    <fxxxmovies>fxmtag/jack-mason</fxxxmovies>
</dir>

<dir>
    <title>Jack Napier</title>
    <fxxxmovies>fxmtag/jack-napier</fxxxmovies>
</dir>

<dir>
    <title>Jack Vegas</title>
    <fxxxmovies>fxmtag/jack-vegas</fxxxmovies>
</dir>

<dir>
    <title>Jack Venice</title>
    <fxxxmovies>fxmtag/jack-venice</fxxxmovies>
</dir>

<dir>
    <title>Jackie</title>
    <fxxxmovies>fxmtag/jackie</fxxxmovies>
</dir>

<dir>
    <title>Jackie Daniels</title>
    <fxxxmovies>fxmtag/jackie-daniels</fxxxmovies>
</dir>

<dir>
    <title>Jackie Moore</title>
    <fxxxmovies>fxmtag/jackie-moore</fxxxmovies>
</dir>

<dir>
    <title>Jacklyn Lick</title>
    <fxxxmovies>fxmtag/jacklyn-lick</fxxxmovies>
</dir>

<dir>
    <title>Jacky Joy</title>
    <fxxxmovies>fxmtag/jacky-joy</fxxxmovies>
</dir>

<dir>
    <title>Jaclyn Taylor</title>
    <fxxxmovies>fxmtag/jaclyn-taylor</fxxxmovies>
</dir>

<dir>
    <title>Jacqueline</title>
    <fxxxmovies>fxmtag/jacqueline</fxxxmovies>
</dir>

<dir>
    <title>Jacqueline Wild</title>
    <fxxxmovies>fxmtag/jacqueline-wild</fxxxmovies>
</dir>

<dir>
    <title>Jacquie</title>
    <fxxxmovies>fxmtag/jacquie</fxxxmovies>
</dir>

<dir>
    <title>Jacquie and Michel</title>
    <fxxxmovies>fxmtag/jacquie-and-michel</fxxxmovies>
</dir>

<dir>
    <title>Jacquie &amp; Michel</title>
    <fxxxmovies>fxmtag/jacquie-michel</fxxxmovies>
</dir>

<dir>
    <title>Jada Fire</title>
    <fxxxmovies>fxmtag/jada-fire</fxxxmovies>
</dir>

<dir>
    <title>Jada Stevens</title>
    <fxxxmovies>fxmtag/jada-stevens</fxxxmovies>
</dir>

<dir>
    <title>Jade</title>
    <fxxxmovies>fxmtag/jade</fxxxmovies>
</dir>

<dir>
    <title>Jade Amber</title>
    <fxxxmovies>fxmtag/jade-amber</fxxxmovies>
</dir>

<dir>
    <title>Jade East</title>
    <fxxxmovies>fxmtag/jade-east</fxxxmovies>
</dir>

<dir>
    <title>Jade Jantzen</title>
    <fxxxmovies>fxmtag/jade-jantzen</fxxxmovies>
</dir>

<dir>
    <title>Jade Marcela</title>
    <fxxxmovies>fxmtag/jade-marcela</fxxxmovies>
</dir>

<dir>
    <title>Jade Nile</title>
    <fxxxmovies>fxmtag/jade-nile</fxxxmovies>
</dir>

<dir>
    <title>Jaelyn Fox</title>
    <fxxxmovies>fxmtag/jaelyn-fox</fxxxmovies>
</dir>

<dir>
    <title>Jake Jace</title>
    <fxxxmovies>fxmtag/jake-jace</fxxxmovies>
</dir>

<dir>
    <title>Jake Steed</title>
    <fxxxmovies>fxmtag/jake-steed</fxxxmovies>
</dir>

<dir>
    <title>James</title>
    <fxxxmovies>fxmtag/james</fxxxmovies>
</dir>

<dir>
    <title>James Brossman</title>
    <fxxxmovies>fxmtag/james-brossman</fxxxmovies>
</dir>

<dir>
    <title>James Deen</title>
    <fxxxmovies>fxmtag/james-deen</fxxxmovies>
</dir>

<dir>
    <title>James Deen Productions</title>
    <fxxxmovies>fxmtag/james-deen-productions</fxxxmovies>
</dir>

<dir>
    <title>Jamie</title>
    <fxxxmovies>fxmtag/jamie</fxxxmovies>
</dir>

<dir>
    <title>Jamie Brooks</title>
    <fxxxmovies>fxmtag/jamie-brooks</fxxxmovies>
</dir>

<dir>
    <title>Jamie Elle</title>
    <fxxxmovies>fxmtag/jamie-elle</fxxxmovies>
</dir>

<dir>
    <title>Jamie Gillis</title>
    <fxxxmovies>fxmtag/jamie-gillis</fxxxmovies>
</dir>

<dir>
    <title>Jamie Valentine</title>
    <fxxxmovies>fxmtag/jamie-valentine</fxxxmovies>
</dir>

<dir>
    <title>Jana</title>
    <fxxxmovies>fxmtag/jana</fxxxmovies>
</dir>

<dir>
    <title>Jana Cova</title>
    <fxxxmovies>fxmtag/jana-cova</fxxxmovies>
</dir>

<dir>
    <title>Jana Jordan</title>
    <fxxxmovies>fxmtag/jana-jordan</fxxxmovies>
</dir>

<dir>
    <title>JANE</title>
    <fxxxmovies>fxmtag/jane</fxxxmovies>
</dir>

<dir>
    <title>Jane Darling</title>
    <fxxxmovies>fxmtag/jane-darling</fxxxmovies>
</dir>

<dir>
    <title>Janet</title>
    <fxxxmovies>fxmtag/janet</fxxxmovies>
</dir>

<dir>
    <title>Janet Alfano</title>
    <fxxxmovies>fxmtag/janet-alfano</fxxxmovies>
</dir>

<dir>
    <title>Janet Jacme</title>
    <fxxxmovies>fxmtag/janet-jacme</fxxxmovies>
</dir>

<dir>
    <title>Janet Joy</title>
    <fxxxmovies>fxmtag/janet-joy</fxxxmovies>
</dir>

<dir>
    <title>Janet Mason</title>
    <fxxxmovies>fxmtag/janet-mason</fxxxmovies>
</dir>

<dir>
    <title>Janet Peron</title>
    <fxxxmovies>fxmtag/janet-peron</fxxxmovies>
</dir>

<dir>
    <title>Janette</title>
    <fxxxmovies>fxmtag/janette</fxxxmovies>
</dir>

<dir>
    <title>Janey Robbins</title>
    <fxxxmovies>fxmtag/janey-robbins</fxxxmovies>
</dir>

<dir>
    <title>Janice Griffith</title>
    <fxxxmovies>fxmtag/janice-griffith</fxxxmovies>
</dir>

<dir>
    <title>Janine</title>
    <fxxxmovies>fxmtag/janine</fxxxmovies>
</dir>

<dir>
    <title>Janna Hicks</title>
    <fxxxmovies>fxmtag/janna-hicks</fxxxmovies>
</dir>

<dir>
    <title>Japan</title>
    <fxxxmovies>fxmtag/japan</fxxxmovies>
</dir>

<dir>
    <title>Japanese</title>
    <fxxxmovies>fxmtag/japanese</fxxxmovies>
</dir>

<dir>
    <title>Japanish</title>
    <fxxxmovies>fxmtag/japanish</fxxxmovies>
</dir>

<dir>
    <title>Jarushka Ross</title>
    <fxxxmovies>fxmtag/jarushka-ross</fxxxmovies>
</dir>

<dir>
    <title>Jasmin</title>
    <fxxxmovies>fxmtag/jasmin</fxxxmovies>
</dir>

<dir>
    <title>Jasmin Duran</title>
    <fxxxmovies>fxmtag/jasmin-duran</fxxxmovies>
</dir>

<dir>
    <title>Jasmine</title>
    <fxxxmovies>fxmtag/jasmine</fxxxmovies>
</dir>

<dir>
    <title>Jasmine Arabia</title>
    <fxxxmovies>fxmtag/jasmine-arabia</fxxxmovies>
</dir>

<dir>
    <title>Jasmine Black</title>
    <fxxxmovies>fxmtag/jasmine-black</fxxxmovies>
</dir>

<dir>
    <title>Jasmine Byrne</title>
    <fxxxmovies>fxmtag/jasmine-byrne</fxxxmovies>
</dir>

<dir>
    <title>Jasmine Caro</title>
    <fxxxmovies>fxmtag/jasmine-caro</fxxxmovies>
</dir>

<dir>
    <title>Jasmine Jae</title>
    <fxxxmovies>fxmtag/jasmine-jae</fxxxmovies>
</dir>

<dir>
    <title>Jasmine Luna Gold</title>
    <fxxxmovies>fxmtag/jasmine-luna-gold</fxxxmovies>
</dir>

<dir>
    <title>Jasmine Lynn</title>
    <fxxxmovies>fxmtag/jasmine-lynn</fxxxmovies>
</dir>

<dir>
    <title>Jasmine Rouge</title>
    <fxxxmovies>fxmtag/jasmine-rouge</fxxxmovies>
</dir>

<dir>
    <title>Jasmine Tame</title>
    <fxxxmovies>fxmtag/jasmine-tame</fxxxmovies>
</dir>

<dir>
    <title>Jasmine Webb</title>
    <fxxxmovies>fxmtag/jasmine-webb</fxxxmovies>
</dir>

<dir>
    <title>Jason Brown</title>
    <fxxxmovies>fxmtag/jason-brown</fxxxmovies>
</dir>

<dir>
    <title>Jason Steel</title>
    <fxxxmovies>fxmtag/jason-steel</fxxxmovies>
</dir>

<dir>
    <title>Jassie</title>
    <fxxxmovies>fxmtag/jassie</fxxxmovies>
</dir>

<dir>
    <title>JAV</title>
    <fxxxmovies>fxmtag/jav</fxxxmovies>
</dir>

<dir>
    <title>Jav 1 Models</title>
    <fxxxmovies>fxmtag/jav-1-models</fxxxmovies>
</dir>

<dir>
    <title>JAV MOVIE</title>
    <fxxxmovies>fxmtag/jav-movie</fxxxmovies>
</dir>

<dir>
    <title>Jav Porn</title>
    <fxxxmovies>fxmtag/jav-porn</fxxxmovies>
</dir>

<dir>
    <title>JAV Uncensored</title>
    <fxxxmovies>fxmtag/jav-uncensored</fxxxmovies>
</dir>

<dir>
    <title>Jay Ashley</title>
    <fxxxmovies>fxmtag/jay-ashley</fxxxmovies>
</dir>

<dir>
    <title>Jay Crew</title>
    <fxxxmovies>fxmtag/jay-crew</fxxxmovies>
</dir>

<dir>
    <title>Jay Dee</title>
    <fxxxmovies>fxmtag/jay-dee</fxxxmovies>
</dir>

<dir>
    <title>Jay Huntington</title>
    <fxxxmovies>fxmtag/jay-huntington</fxxxmovies>
</dir>

<dir>
    <title>Jay Lassiter</title>
    <fxxxmovies>fxmtag/jay-lassiter</fxxxmovies>
</dir>

<dir>
    <title>Jay Smooth</title>
    <fxxxmovies>fxmtag/jay-smooth</fxxxmovies>
</dir>

<dir>
    <title>Jay Taylor</title>
    <fxxxmovies>fxmtag/jay-taylor</fxxxmovies>
</dir>

<dir>
    <title>Jayden Cole</title>
    <fxxxmovies>fxmtag/jayden-cole</fxxxmovies>
</dir>

<dir>
    <title>Jayden James</title>
    <fxxxmovies>fxmtag/jayden-james</fxxxmovies>
</dir>

<dir>
    <title>Jayden Jaymes</title>
    <fxxxmovies>fxmtag/jayden-jaymes</fxxxmovies>
</dir>

<dir>
    <title>Jayden Lee</title>
    <fxxxmovies>fxmtag/jayden-lee</fxxxmovies>
</dir>

<dir>
    <title>Jaye Summers</title>
    <fxxxmovies>fxmtag/jaye-summers</fxxxmovies>
</dir>

<dir>
    <title>Jayme Langford</title>
    <fxxxmovies>fxmtag/jayme-langford</fxxxmovies>
</dir>

<dir>
    <title>Jayna Oso</title>
    <fxxxmovies>fxmtag/jayna-oso</fxxxmovies>
</dir>

<dir>
    <title>Jayna Woods</title>
    <fxxxmovies>fxmtag/jayna-woods</fxxxmovies>
</dir>

<dir>
    <title>Jazmine</title>
    <fxxxmovies>fxmtag/jazmine</fxxxmovies>
</dir>

<dir>
    <title>Jazmine Cashmere</title>
    <fxxxmovies>fxmtag/jazmine-cashmere</fxxxmovies>
</dir>

<dir>
    <title>Jazz Duro</title>
    <fxxxmovies>fxmtag/jazz-duro</fxxxmovies>
</dir>

<dir>
    <title>Jean Pallett</title>
    <fxxxmovies>fxmtag/jean-pallett</fxxxmovies>
</dir>

<dir>
    <title>Jean-Pierre Armand</title>
    <fxxxmovies>fxmtag/jean-pierre-armand</fxxxmovies>
</dir>

<dir>
    <title>Jean Val Jean</title>
    <fxxxmovies>fxmtag/jean-val-jean</fxxxmovies>
</dir>

<dir>
    <title>Jean-Yves Le Castel</title>
    <fxxxmovies>fxmtag/jean-yves-le-castel</fxxxmovies>
</dir>

<dir>
    <title>Jean-Yves LeCastel</title>
    <fxxxmovies>fxmtag/jean-yves-lecastel</fxxxmovies>
</dir>

<dir>
    <title>Jeane</title>
    <fxxxmovies>fxmtag/jeane</fxxxmovies>
</dir>

<dir>
    <title>Jeanette</title>
    <fxxxmovies>fxmtag/jeanette</fxxxmovies>
</dir>

<dir>
    <title>Jeanette Littledove</title>
    <fxxxmovies>fxmtag/jeanette-littledove</fxxxmovies>
</dir>

<dir>
    <title>Jeanie Marie</title>
    <fxxxmovies>fxmtag/jeanie-marie</fxxxmovies>
</dir>

<dir>
    <title>Jeanie Marie Sullivan</title>
    <fxxxmovies>fxmtag/jeanie-marie-sullivan</fxxxmovies>
</dir>

<dir>
    <title>Jeanie Rivers</title>
    <fxxxmovies>fxmtag/jeanie-rivers</fxxxmovies>
</dir>

<dir>
    <title>Jeanine</title>
    <fxxxmovies>fxmtag/jeanine</fxxxmovies>
</dir>

<dir>
    <title>Jeanna Fine</title>
    <fxxxmovies>fxmtag/jeanna-fine</fxxxmovies>
</dir>

<dir>
    <title>Jeannie Pepper</title>
    <fxxxmovies>fxmtag/jeannie-pepper</fxxxmovies>
</dir>

<dir>
    <title>Jeanny Bee</title>
    <fxxxmovies>fxmtag/jeanny-bee</fxxxmovies>
</dir>

<dir>
    <title>Jelena Jensen</title>
    <fxxxmovies>fxmtag/jelena-jensen</fxxxmovies>
</dir>

<dir>
    <title>Jemma Valentine</title>
    <fxxxmovies>fxmtag/jemma-valentine</fxxxmovies>
</dir>

<dir>
    <title>Jenaveve Jolie</title>
    <fxxxmovies>fxmtag/jenaveve-jolie</fxxxmovies>
</dir>

<dir>
    <title>Jenna</title>
    <fxxxmovies>fxmtag/jenna</fxxxmovies>
</dir>

<dir>
    <title>Jenna Ashley</title>
    <fxxxmovies>fxmtag/jenna-ashley</fxxxmovies>
</dir>

<dir>
    <title>Jenna Foxx</title>
    <fxxxmovies>fxmtag/jenna-foxx</fxxxmovies>
</dir>

<dir>
    <title>Jenna Haze</title>
    <fxxxmovies>fxmtag/jenna-haze</fxxxmovies>
</dir>

<dir>
    <title>Jenna Ivory</title>
    <fxxxmovies>fxmtag/jenna-ivory</fxxxmovies>
</dir>

<dir>
    <title>Jenna J Ross</title>
    <fxxxmovies>fxmtag/jenna-j-ross</fxxxmovies>
</dir>

<dir>
    <title>Jenna Jameson</title>
    <fxxxmovies>fxmtag/jenna-jameson</fxxxmovies>
</dir>

<dir>
    <title>Jenna Lovely</title>
    <fxxxmovies>fxmtag/jenna-lovely</fxxxmovies>
</dir>

<dir>
    <title>Jenna Presley</title>
    <fxxxmovies>fxmtag/jenna-presley</fxxxmovies>
</dir>

<dir>
    <title>Jenna Reid</title>
    <fxxxmovies>fxmtag/jenna-reid</fxxxmovies>
</dir>

<dir>
    <title>Jenna Sativa</title>
    <fxxxmovies>fxmtag/jenna-sativa</fxxxmovies>
</dir>

<dir>
    <title>Jenner</title>
    <fxxxmovies>fxmtag/jenner</fxxxmovies>
</dir>

<dir>
    <title>Jennifer</title>
    <fxxxmovies>fxmtag/jennifer</fxxxmovies>
</dir>

<dir>
    <title>Jennifer Best</title>
    <fxxxmovies>fxmtag/jennifer-best</fxxxmovies>
</dir>

<dir>
    <title>Jennifer Dark</title>
    <fxxxmovies>fxmtag/jennifer-dark</fxxxmovies>
</dir>

<dir>
    <title>Jennifer Jacobs</title>
    <fxxxmovies>fxmtag/jennifer-jacobs</fxxxmovies>
</dir>

<dir>
    <title>Jennifer Love</title>
    <fxxxmovies>fxmtag/jennifer-love</fxxxmovies>
</dir>

<dir>
    <title>Jennifer Luv</title>
    <fxxxmovies>fxmtag/jennifer-luv</fxxxmovies>
</dir>

<dir>
    <title>Jennifer Stone</title>
    <fxxxmovies>fxmtag/jennifer-stone</fxxxmovies>
</dir>

<dir>
    <title>Jennifer West</title>
    <fxxxmovies>fxmtag/jennifer-west</fxxxmovies>
</dir>

<dir>
    <title>Jennifer White</title>
    <fxxxmovies>fxmtag/jennifer-white</fxxxmovies>
</dir>

<dir>
    <title>Jenny</title>
    <fxxxmovies>fxmtag/jenny</fxxxmovies>
</dir>

<dir>
    <title>Jenny Baby</title>
    <fxxxmovies>fxmtag/jenny-baby</fxxxmovies>
</dir>

<dir>
    <title>Jenny Blair</title>
    <fxxxmovies>fxmtag/jenny-blair</fxxxmovies>
</dir>

<dir>
    <title>Jenny Hendrix</title>
    <fxxxmovies>fxmtag/jenny-hendrix</fxxxmovies>
</dir>

<dir>
    <title>Jenny Simons</title>
    <fxxxmovies>fxmtag/jenny-simons</fxxxmovies>
</dir>

<dir>
    <title>Jenteal</title>
    <fxxxmovies>fxmtag/jenteal</fxxxmovies>
</dir>

<dir>
    <title>Jerry</title>
    <fxxxmovies>fxmtag/jerry</fxxxmovies>
</dir>

<dir>
    <title>Jerry Butler</title>
    <fxxxmovies>fxmtag/jerry-butler</fxxxmovies>
</dir>

<dir>
    <title>Jesie St. James</title>
    <fxxxmovies>fxmtag/jesie-st-james</fxxxmovies>
</dir>

<dir>
    <title>Jess</title>
    <fxxxmovies>fxmtag/jess</fxxxmovies>
</dir>

<dir>
    <title>Jess West</title>
    <fxxxmovies>fxmtag/jess-west</fxxxmovies>
</dir>

<dir>
    <title>Jessa Rhodes</title>
    <fxxxmovies>fxmtag/jessa-rhodes</fxxxmovies>
</dir>

<dir>
    <title>Jesse Adams</title>
    <fxxxmovies>fxmtag/jesse-adams</fxxxmovies>
</dir>

<dir>
    <title>Jesse Eastern</title>
    <fxxxmovies>fxmtag/jesse-eastern</fxxxmovies>
</dir>

<dir>
    <title>Jesse Jane</title>
    <fxxxmovies>fxmtag/jesse-jane</fxxxmovies>
</dir>

<dir>
    <title>Jessi</title>
    <fxxxmovies>fxmtag/jessi</fxxxmovies>
</dir>

<dir>
    <title>Jessi Palmer</title>
    <fxxxmovies>fxmtag/jessi-palmer</fxxxmovies>
</dir>

<dir>
    <title>Jessica</title>
    <fxxxmovies>fxmtag/jessica</fxxxmovies>
</dir>

<dir>
    <title>Jessica Bangkok</title>
    <fxxxmovies>fxmtag/jessica-bangkok</fxxxmovies>
</dir>

<dir>
    <title>Jessica Darlin</title>
    <fxxxmovies>fxmtag/jessica-darlin</fxxxmovies>
</dir>

<dir>
    <title>Jessica Dee</title>
    <fxxxmovies>fxmtag/jessica-dee</fxxxmovies>
</dir>

<dir>
    <title>Jessica Drake</title>
    <fxxxmovies>fxmtag/jessica-drake</fxxxmovies>
</dir>

<dir>
    <title>Jessica Fiorentino</title>
    <fxxxmovies>fxmtag/jessica-fiorentino</fxxxmovies>
</dir>

<dir>
    <title>Jessica Fox</title>
    <fxxxmovies>fxmtag/jessica-fox</fxxxmovies>
</dir>

<dir>
    <title>Jessica Gayle</title>
    <fxxxmovies>fxmtag/jessica-gayle</fxxxmovies>
</dir>

<dir>
    <title>Jessica Girl</title>
    <fxxxmovies>fxmtag/jessica-girl</fxxxmovies>
</dir>

<dir>
    <title>Jessica James</title>
    <fxxxmovies>fxmtag/jessica-james</fxxxmovies>
</dir>

<dir>
    <title>Jessica Jammer</title>
    <fxxxmovies>fxmtag/jessica-jammer</fxxxmovies>
</dir>

<dir>
    <title>Jessica Jaymes</title>
    <fxxxmovies>fxmtag/jessica-jaymes</fxxxmovies>
</dir>

<dir>
    <title>Jessica Lincoln</title>
    <fxxxmovies>fxmtag/jessica-lincoln</fxxxmovies>
</dir>

<dir>
    <title>Jessica Lynn</title>
    <fxxxmovies>fxmtag/jessica-lynn</fxxxmovies>
</dir>

<dir>
    <title>Jessica May</title>
    <fxxxmovies>fxmtag/jessica-may</fxxxmovies>
</dir>

<dir>
    <title>Jessica Moore</title>
    <fxxxmovies>fxmtag/jessica-moore</fxxxmovies>
</dir>

<dir>
    <title>Jessica Rex</title>
    <fxxxmovies>fxmtag/jessica-rex</fxxxmovies>
</dir>

<dir>
    <title>Jessica Robbin</title>
    <fxxxmovies>fxmtag/jessica-robbin</fxxxmovies>
</dir>

<dir>
    <title>Jessica Ross</title>
    <fxxxmovies>fxmtag/jessica-ross</fxxxmovies>
</dir>

<dir>
    <title>Jessica Ryan</title>
    <fxxxmovies>fxmtag/jessica-ryan</fxxxmovies>
</dir>

<dir>
    <title>Jessica Sweet</title>
    <fxxxmovies>fxmtag/jessica-sweet</fxxxmovies>
</dir>

<dir>
    <title>Jessica Wylde</title>
    <fxxxmovies>fxmtag/jessica-wylde</fxxxmovies>
</dir>

<dir>
    <title>Jessie</title>
    <fxxxmovies>fxmtag/jessie</fxxxmovies>
</dir>

<dir>
    <title>Jessie Andrews</title>
    <fxxxmovies>fxmtag/jessie-andrews</fxxxmovies>
</dir>

<dir>
    <title>Jessie Parker</title>
    <fxxxmovies>fxmtag/jessie-parker</fxxxmovies>
</dir>

<dir>
    <title>Jessie Rogers</title>
    <fxxxmovies>fxmtag/jessie-rogers</fxxxmovies>
</dir>

<dir>
    <title>Jessie Volt</title>
    <fxxxmovies>fxmtag/jessie-volt</fxxxmovies>
</dir>

<dir>
    <title>Jessy</title>
    <fxxxmovies>fxmtag/jessy</fxxxmovies>
</dir>

<dir>
    <title>Jessy Dubai</title>
    <fxxxmovies>fxmtag/jessy-dubai</fxxxmovies>
</dir>

<dir>
    <title>Jessy Jones</title>
    <fxxxmovies>fxmtag/jessy-jones</fxxxmovies>
</dir>

<dir>
    <title>Jessyca Wilson</title>
    <fxxxmovies>fxmtag/jessyca-wilson</fxxxmovies>
</dir>

<dir>
    <title>Jet Multimedia</title>
    <fxxxmovies>fxmtag/jet-multimedia</fxxxmovies>
</dir>

<dir>
    <title>Jewel De'Nyle</title>
    <fxxxmovies>fxmtag/jewel-denyle</fxxxmovies>
</dir>

<dir>
    <title>Jewels Jade</title>
    <fxxxmovies>fxmtag/jewels-jade</fxxxmovies>
</dir>

<dir>
    <title>Jezebelle Bond</title>
    <fxxxmovies>fxmtag/jezebelle-bond</fxxxmovies>
</dir>

<dir>
    <title>Jill Kassidy</title>
    <fxxxmovies>fxmtag/jill-kassidy</fxxxmovies>
</dir>

<dir>
    <title>Jill Kelly</title>
    <fxxxmovies>fxmtag/jill-kelly</fxxxmovies>
</dir>

<dir>
    <title>JILL KELLY PRODUCTIONS</title>
    <fxxxmovies>fxmtag/jill-kelly-productions</fxxxmovies>
</dir>

<dir>
    <title>Jillian Janson</title>
    <fxxxmovies>fxmtag/jillian-janson</fxxxmovies>
</dir>

<dir>
    <title>Jimmy Broadway</title>
    <fxxxmovies>fxmtag/jimmy-broadway</fxxxmovies>
</dir>

<dir>
    <title>Jiz Lee</title>
    <fxxxmovies>fxmtag/jiz-lee</fxxxmovies>
</dir>

<dir>
    <title>JJ</title>
    <fxxxmovies>fxmtag/jj</fxxxmovies>
</dir>

<dir>
    <title>JM Productions</title>
    <fxxxmovies>fxmtag/jm-productions</fxxxmovies>
</dir>

<dir>
    <title>Joachim Kessef</title>
    <fxxxmovies>fxmtag/joachim-kessef</fxxxmovies>
</dir>

<dir>
    <title>Joanna</title>
    <fxxxmovies>fxmtag/joanna</fxxxmovies>
</dir>

<dir>
    <title>Joanna Angel</title>
    <fxxxmovies>fxmtag/joanna-angel</fxxxmovies>
</dir>

<dir>
    <title>Joanna Jet</title>
    <fxxxmovies>fxmtag/joanna-jet</fxxxmovies>
</dir>

<dir>
    <title>Joanna Storm</title>
    <fxxxmovies>fxmtag/joanna-storm</fxxxmovies>
</dir>

<dir>
    <title>Jocelyn</title>
    <fxxxmovies>fxmtag/jocelyn</fxxxmovies>
</dir>

<dir>
    <title>Joclyn Stone</title>
    <fxxxmovies>fxmtag/joclyn-stone</fxxxmovies>
</dir>

<dir>
    <title>Jodi Taylor</title>
    <fxxxmovies>fxmtag/jodi-taylor</fxxxmovies>
</dir>

<dir>
    <title>Jodi West</title>
    <fxxxmovies>fxmtag/jodi-west</fxxxmovies>
</dir>

<dir>
    <title>Jodie Moore</title>
    <fxxxmovies>fxmtag/jodie-moore</fxxxmovies>
</dir>

<dir>
    <title>Joe Blow</title>
    <fxxxmovies>fxmtag/joe-blow</fxxxmovies>
</dir>

<dir>
    <title>Joe Calzone</title>
    <fxxxmovies>fxmtag/joe-calzone</fxxxmovies>
</dir>

<dir>
    <title>Joe Kalinka</title>
    <fxxxmovies>fxmtag/joe-kalinka</fxxxmovies>
</dir>

<dir>
    <title>Joe Monti</title>
    <fxxxmovies>fxmtag/joe-monti</fxxxmovies>
</dir>

<dir>
    <title>Joel Lawrence</title>
    <fxxxmovies>fxmtag/joel-lawrence</fxxxmovies>
</dir>

<dir>
    <title>Joel Tomas</title>
    <fxxxmovies>fxmtag/joel-tomas</fxxxmovies>
</dir>

<dir>
    <title>Joey Brass</title>
    <fxxxmovies>fxmtag/joey-brass</fxxxmovies>
</dir>

<dir>
    <title>Joey Murphy</title>
    <fxxxmovies>fxmtag/joey-murphy</fxxxmovies>
</dir>

<dir>
    <title>Joey Ray</title>
    <fxxxmovies>fxmtag/joey-ray</fxxxmovies>
</dir>

<dir>
    <title>Joey Silvera</title>
    <fxxxmovies>fxmtag/joey-silvera</fxxxmovies>
</dir>

<dir>
    <title>Joey Valentine</title>
    <fxxxmovies>fxmtag/joey-valentine</fxxxmovies>
</dir>

<dir>
    <title>John</title>
    <fxxxmovies>fxmtag/john</fxxxmovies>
</dir>

<dir>
    <title>John Decker</title>
    <fxxxmovies>fxmtag/john-decker</fxxxmovies>
</dir>

<dir>
    <title>John E Depth</title>
    <fxxxmovies>fxmtag/john-e-depth</fxxxmovies>
</dir>

<dir>
    <title>John Espizedo</title>
    <fxxxmovies>fxmtag/john-espizedo</fxxxmovies>
</dir>

<dir>
    <title>John Holmes</title>
    <fxxxmovies>fxmtag/john-holmes</fxxxmovies>
</dir>

<dir>
    <title>John Leslie</title>
    <fxxxmovies>fxmtag/john-leslie</fxxxmovies>
</dir>

<dir>
    <title>John Seeman</title>
    <fxxxmovies>fxmtag/john-seeman</fxxxmovies>
</dir>

<dir>
    <title>John Stagliano</title>
    <fxxxmovies>fxmtag/john-stagliano</fxxxmovies>
</dir>

<dir>
    <title>John Strong</title>
    <fxxxmovies>fxmtag/john-strong</fxxxmovies>
</dir>

<dir>
    <title>John Walton</title>
    <fxxxmovies>fxmtag/john-walton</fxxxmovies>
</dir>

<dir>
    <title>John West</title>
    <fxxxmovies>fxmtag/john-west</fxxxmovies>
</dir>

<dir>
    <title>Johnni Black</title>
    <fxxxmovies>fxmtag/johnni-black</fxxxmovies>
</dir>

<dir>
    <title>Johnny Castle</title>
    <fxxxmovies>fxmtag/johnny-castle</fxxxmovies>
</dir>

<dir>
    <title>Johnny Sins</title>
    <fxxxmovies>fxmtag/johnny-sins</fxxxmovies>
</dir>

<dir>
    <title>Johnny Thrust</title>
    <fxxxmovies>fxmtag/johnny-thrust</fxxxmovies>
</dir>

<dir>
    <title>Jojo Kiss</title>
    <fxxxmovies>fxmtag/jojo-kiss</fxxxmovies>
</dir>

<dir>
    <title>Jolth Walton</title>
    <fxxxmovies>fxmtag/jolth-walton</fxxxmovies>
</dir>

<dir>
    <title>Jon Dough</title>
    <fxxxmovies>fxmtag/jon-dough</fxxxmovies>
</dir>

<dir>
    <title>Jon Jon</title>
    <fxxxmovies>fxmtag/jon-jon</fxxxmovies>
</dir>

<dir>
    <title>Jon Martin</title>
    <fxxxmovies>fxmtag/jon-martin</fxxxmovies>
</dir>

<dir>
    <title>Jonathan Morgan</title>
    <fxxxmovies>fxmtag/jonathan-morgan</fxxxmovies>
</dir>

<dir>
    <title>Jonni Darkko</title>
    <fxxxmovies>fxmtag/jonni-darkko</fxxxmovies>
</dir>

<dir>
    <title>Jordan</title>
    <fxxxmovies>fxmtag/jordan</fxxxmovies>
</dir>

<dir>
    <title>Jordan Ash</title>
    <fxxxmovies>fxmtag/jordan-ash</fxxxmovies>
</dir>

<dir>
    <title>Jordan Kingsley</title>
    <fxxxmovies>fxmtag/jordan-kingsley</fxxxmovies>
</dir>

<dir>
    <title>Jordan Lee</title>
    <fxxxmovies>fxmtag/jordan-lee</fxxxmovies>
</dir>

<dir>
    <title>Jordana Heat</title>
    <fxxxmovies>fxmtag/jordana-heat</fxxxmovies>
</dir>

<dir>
    <title>Joseline Kelly</title>
    <fxxxmovies>fxmtag/joseline-kelly</fxxxmovies>
</dir>

<dir>
    <title>Josh</title>
    <fxxxmovies>fxmtag/josh</fxxxmovies>
</dir>

<dir>
    <title>Josh Jo</title>
    <fxxxmovies>fxmtag/josh-jo</fxxxmovies>
</dir>

<dir>
    <title>Josie Jagger</title>
    <fxxxmovies>fxmtag/josie-jagger</fxxxmovies>
</dir>

<dir>
    <title>Josje</title>
    <fxxxmovies>fxmtag/josje</fxxxmovies>
</dir>

<dir>
    <title>Joslyn James</title>
    <fxxxmovies>fxmtag/joslyn-james</fxxxmovies>
</dir>

<dir>
    <title>Joss Lescaf</title>
    <fxxxmovies>fxmtag/joss-lescaf</fxxxmovies>
</dir>

<dir>
    <title>Jovan Jordan</title>
    <fxxxmovies>fxmtag/jovan-jordan</fxxxmovies>
</dir>

<dir>
    <title>Joy Karin's</title>
    <fxxxmovies>fxmtag/joy-karins</fxxxmovies>
</dir>

<dir>
    <title>JOYBEAR</title>
    <fxxxmovies>fxmtag/joybear</fxxxmovies>
</dir>

<dir>
    <title>Joyce</title>
    <fxxxmovies>fxmtag/joyce</fxxxmovies>
</dir>

<dir>
    <title>JP Foster Productions</title>
    <fxxxmovies>fxmtag/jp-foster-productions</fxxxmovies>
</dir>

<dir>
    <title>JPX</title>
    <fxxxmovies>fxmtag/jpx</fxxxmovies>
</dir>

<dir>
    <title>JTC</title>
    <fxxxmovies>fxmtag/jtc</fxxxmovies>
</dir>

<dir>
    <title>JTC Video</title>
    <fxxxmovies>fxmtag/jtc-video</fxxxmovies>
</dir>

<dir>
    <title>Juan Lucho</title>
    <fxxxmovies>fxmtag/juan-lucho</fxxxmovies>
</dir>

<dir>
    <title>Judith</title>
    <fxxxmovies>fxmtag/judith</fxxxmovies>
</dir>

<dir>
    <title>Judith Fox</title>
    <fxxxmovies>fxmtag/judith-fox</fxxxmovies>
</dir>

<dir>
    <title>Judith Kostner</title>
    <fxxxmovies>fxmtag/judith-kostner</fxxxmovies>
</dir>

<dir>
    <title>Judy</title>
    <fxxxmovies>fxmtag/judy</fxxxmovies>
</dir>

<dir>
    <title>Judy White</title>
    <fxxxmovies>fxmtag/judy-white</fxxxmovies>
</dir>

<dir>
    <title>Juelz Ventura</title>
    <fxxxmovies>fxmtag/juelz-ventura</fxxxmovies>
</dir>

<dir>
    <title>Juicy Entertainment</title>
    <fxxxmovies>fxmtag/juicy-entertainment</fxxxmovies>
</dir>

<dir>
    <title>Jules Jordan</title>
    <fxxxmovies>fxmtag/jules-jordan</fxxxmovies>
</dir>

<dir>
    <title>Jules Jordan Video</title>
    <fxxxmovies>fxmtag/jules-jordan-video</fxxxmovies>
</dir>

<dir>
    <title>JULES JORDANS ASS FACTORY</title>
    <fxxxmovies>fxmtag/jules-jordans-ass-factory</fxxxmovies>
</dir>

<dir>
    <title>julesjordanvideo</title>
    <fxxxmovies>fxmtag/julesjordanvideo</fxxxmovies>
</dir>

<dir>
    <title>Juli Ashton</title>
    <fxxxmovies>fxmtag/juli-ashton</fxxxmovies>
</dir>

<dir>
    <title>Julia</title>
    <fxxxmovies>fxmtag/julia</fxxxmovies>
</dir>

<dir>
    <title>Julia Ann</title>
    <fxxxmovies>fxmtag/julia-ann</fxxxmovies>
</dir>

<dir>
    <title>Julia Bond</title>
    <fxxxmovies>fxmtag/julia-bond</fxxxmovies>
</dir>

<dir>
    <title>Julia Chanel</title>
    <fxxxmovies>fxmtag/julia-chanel</fxxxmovies>
</dir>

<dir>
    <title>Julia De Lucia</title>
    <fxxxmovies>fxmtag/julia-de-lucia</fxxxmovies>
</dir>

<dir>
    <title>Julia Gomez</title>
    <fxxxmovies>fxmtag/julia-gomez</fxxxmovies>
</dir>

<dir>
    <title>Julia Pink</title>
    <fxxxmovies>fxmtag/julia-pink</fxxxmovies>
</dir>

<dir>
    <title>Julia Roca</title>
    <fxxxmovies>fxmtag/julia-roca</fxxxmovies>
</dir>

<dir>
    <title>Julia Taylor</title>
    <fxxxmovies>fxmtag/julia-taylor</fxxxmovies>
</dir>

<dir>
    <title>Julian</title>
    <fxxxmovies>fxmtag/julian</fxxxmovies>
</dir>

<dir>
    <title>Julian St Jox</title>
    <fxxxmovies>fxmtag/julian-st-jox</fxxxmovies>
</dir>

<dir>
    <title>Juliana</title>
    <fxxxmovies>fxmtag/juliana</fxxxmovies>
</dir>

<dir>
    <title>Juliana Jolene</title>
    <fxxxmovies>fxmtag/juliana-jolene</fxxxmovies>
</dir>

<dir>
    <title>Julie</title>
    <fxxxmovies>fxmtag/julie</fxxxmovies>
</dir>

<dir>
    <title>Julie Cash</title>
    <fxxxmovies>fxmtag/julie-cash</fxxxmovies>
</dir>

<dir>
    <title>Julie Kay</title>
    <fxxxmovies>fxmtag/julie-kay</fxxxmovies>
</dir>

<dir>
    <title>Julie Meadows</title>
    <fxxxmovies>fxmtag/julie-meadows</fxxxmovies>
</dir>

<dir>
    <title>Julie Night</title>
    <fxxxmovies>fxmtag/julie-night</fxxxmovies>
</dir>

<dir>
    <title>Julie Rage</title>
    <fxxxmovies>fxmtag/julie-rage</fxxxmovies>
</dir>

<dir>
    <title>Julie Silver</title>
    <fxxxmovies>fxmtag/julie-silver</fxxxmovies>
</dir>

<dir>
    <title>Julie Skyhigh</title>
    <fxxxmovies>fxmtag/julie-skyhigh</fxxxmovies>
</dir>

<dir>
    <title>Julie Valmont</title>
    <fxxxmovies>fxmtag/julie-valmont</fxxxmovies>
</dir>

<dir>
    <title>Juliet Anderson</title>
    <fxxxmovies>fxmtag/juliet-anderson</fxxxmovies>
</dir>

<dir>
    <title>Julius Ceazher</title>
    <fxxxmovies>fxmtag/julius-ceazher</fxxxmovies>
</dir>

<dir>
    <title>June Summers</title>
    <fxxxmovies>fxmtag/june-summers</fxxxmovies>
</dir>

<dir>
    <title>Jung</title>
    <fxxxmovies>fxmtag/jung</fxxxmovies>
</dir>

<dir>
    <title>Just Legal</title>
    <fxxxmovies>fxmtag/just-legal</fxxxmovies>
</dir>

<dir>
    <title>Justice Young</title>
    <fxxxmovies>fxmtag/justice-young</fxxxmovies>
</dir>

<dir>
    <title>Justin Hunt</title>
    <fxxxmovies>fxmtag/justin-hunt</fxxxmovies>
</dir>

<dir>
    <title>Justin Long</title>
    <fxxxmovies>fxmtag/justin-long</fxxxmovies>
</dir>

<dir>
    <title>Justin Magnum</title>
    <fxxxmovies>fxmtag/justin-magnum</fxxxmovies>
</dir>

<dir>
    <title>Justin Slayer</title>
    <fxxxmovies>fxmtag/justin-slayer</fxxxmovies>
</dir>

<dir>
    <title>JUSTIN SLAYER PRODUCTIONS</title>
    <fxxxmovies>fxmtag/justin-slayer-productions</fxxxmovies>
</dir>

<dir>
    <title>Justine</title>
    <fxxxmovies>fxmtag/justine</fxxxmovies>
</dir>

<dir>
    <title>Justine Ashley</title>
    <fxxxmovies>fxmtag/justine-ashley</fxxxmovies>
</dir>

<dir>
    <title>Justine Joli</title>
    <fxxxmovies>fxmtag/justine-joli</fxxxmovies>
</dir>

<dir>
    <title>Justine Romee</title>
    <fxxxmovies>fxmtag/justine-romee</fxxxmovies>
</dir>

<dir>
    <title>Jynx Maze</title>
    <fxxxmovies>fxmtag/jynx-maze</fxxxmovies>
</dir>
