<dipshit>
	<wannabe>
		<item>
			<title>[COLOR=limegreen]Some Links Require Pairing or Real Debrid:[/COLOR]</title>
			<heading/>
		</item>
		<item>
			<title>[COLOR red]The Last Man (2018)[/COLOR]</title>
			<meta>
				<imdb>tt3312180</imdb>
				<content>movie</content>
				<title>The Last Man</title>
				<year>2018</year>
			</meta>
			<link>
				<sublink>https://rapidgator.net/file/edad9c16ab89958995bea9030888afed/The.Last.Man.2018.HC.HDRip.XviD.AC3-EVO.rar.html (HDHC Real Debrid)</sublink>	
				<sublink>https://streamango.com/embed/tknlnfksesslereb (HDHC Link)</sublink>
				<sublink>https://streamango.com/embed/tknlnfksesslereb (HDHC Link)</sublink>
			</link>
			<thumbnail>https://m.media-amazon.com/images/M/MV5BYTM2MDAzOWQtY2EyNy00YjFkLWI1NGUtZGRiNzY4MGQxMDE5XkEyXkFqcGdeQXVyNDUyOTk5Njc@._V1_SY999_CR0,0,710,999_AL_.jpg</thumbnail>
		</item>
		<item>
			<title>[COLOR red]The Gambler[/COLOR]</title>
			<meta>
				<imdb>tt2039393</imdb>
				<content>movie</content>
				<title>The Gambler</title>
				<year>2014</year>
			</meta>
			<link>
				<sublink>searchhd</sublink>
			</link>
			<thumbnail>https://image.tmdb.org/t/p/w1280//ilgnN4esei2fDpTYCpxV6oEzL07.jpg</thumbnail>
			<fanart>https://image.tmdb.org/t/p/w1280//1RJPQF39moa25GeB02Q5P9TxRQf.jpg</fanart>
		</item>
		<item>
			<title>[COLOR orange]The Week Of[/COLOR]</title>
			<meta>
				<imdb>tt6821012</imdb>
				<content>movie</content>
				<title>The Week Of</title>
				<year>2018</year>
			</meta>
			<link>
				<sublink>https://streamango.com/embed/noppettpemrtfetk (720P)</sublink>
				<sublink>searchhd</sublink>
			</link>
			<thumbnail>https://image.tmdb.org/t/p/w1280//2MW56TDpVEv4Zi8VyclL35VxhTM.jpg</thumbnail>
			<fanart>https://image.tmdb.org/t/p/w1280//pGIcZ1WD0cxpiQ0JaGy9VFvAZwW.jpg</fanart>
		</item>
		<item>
			<title>[COLOR red]Incoming[/COLOR]</title>
			<meta>
				<imdb>tt6678874</imdb>
				<content>movie</content>
				<title>Incoming</title>
				<year>2018</year>
			</meta>
			<link>
				<sublink>https://streamango.com/embed/dstdfcnldokcncsa/Incoming_2018_1080p_BluRay_x264-_5movies_to_mp4 (720P)</sublink>
				<sublink>https://vev.io/embed/543v1z2lyp30</sublink>
				<sublink>search</sublink>
			</link>
			<thumbnail>https://image.tmdb.org/t/p/w1280//gb21lRTWA6uo1IdIIYotPCHHUP9.jpg</thumbnail>
			<fanart>https://image.tmdb.org/t/p/w1280//eIlAKDRlKN3doj4R6OG4UEzD6jI.jpg</fanart>
		</item>
		<item>
			<title>[COLOR orange]The Inbetweeners 2[/COLOR]</title>
			<meta>
				<imdb>tt3097204</imdb>
				<content>movie</content>
				<title>The Inbetweeners 2</title>
				<year>2014</year>
			</meta>
			<link>
				<sublink>https://streamango.com/f/ccsfrpdoeqbebetq (1080P)</sublink>
				<sublink>https://openload.co/embed/um-hhivFrT4 (1080P)</sublink>
				<sublink>https://vidzi.tv/daqgnmqsivim.html</sublink>
				<sublink>searchhd</sublink>
			</link>
			<thumbnail>https://image.tmdb.org/t/p/w1280//qaUeXI9am1IkEoDoccnBy5W6kA4.jpg</thumbnail>
			<fanart>https://image.tmdb.org/t/p/w1280//4qyOBWkymaX4SwENJLquhgorm6c.jpg</fanart>
		</item>
		<item>
			<title>[COLOR red]Kingsman: The Golden Circle[/COLOR]</title>
			<meta>
				<imdb>tt4649466</imdb>
				<content>movie</content>
				<title>Kingsman: The Golden Circle</title>
				<year>2017</year>
			</meta>
			<link>
				<sublink>https://streamango.com/embed/celsllrnneentfsl (1080P)</sublink>
				<sublink>https://estream.to/i82y5dhrsvx8.html (1080P)</sublink>
				<sublink>https://vidzi.tv/y4b21ehi6t9c.html</sublink>
				<sublink>searchhd</sublink>
			</link>
			<thumbnail>https://image.tmdb.org/t/p/w1280//34xBL6BXNYFqtHO9zhcgoakS4aP.jpg</thumbnail>
			<fanart>https://image.tmdb.org/t/p/w1280//uExPmkOHJySrbJyJDJylHDqaT58.jpg</fanart>
		</item>
		<item>
			<title>[COLOR orange]Gotti[/COLOR]</title>
			<meta>
				<imdb>tt1801552</imdb>
				<content>movie</content>
				<title>Gotti</title>
				<year>2018</year>
			</meta>
			<link>
				<sublink>https://0sq6iu.alld.io/dl/1b2921e6d92/TwoDDL_Gotti.2018.1080.AMZN.WEB-DL.DDP5.1.H.264-NTG.mkv (1080P Real Debrid)</sublink>
				<sublink>https://openload.co/f/RoT_J9vBS8U/Movies24.top_-_Gotti.2018.HDRip.XviD.AC3-EVO.avi (HD)</sublink>
				<sublink>searchhd</sublink>
			</link>
			<thumbnail>https://image.tmdb.org/t/p/w1280//aJODtXkQBK0lEmD4x5KkALnSiN1.jpg</thumbnail>
			<fanart>https://image.tmdb.org/t/p/w1280//egTNbAEsfV5MMJIjNQLjDYgyu5b.jpg</fanart>
		</item>
		<item>
			<title>[COLOR red]Death Race 4: Beyond Anarchy[/COLOR]</title>
			<meta>
				<imdb>tt3807900</imdb>
				<content>movie</content>
				<title>Death Race 4: Beyond Anarchy</title>
				<year>2018</year>
			</meta>
			<link>
				<sublink>http://entervideo.net/watch/60cbc2a25be61c9 (HD)</sublink>
				<sublink>https://openload.co/embed/b9xBw6ol5e0 (HD)</sublink>
				<sublink>searchhd</sublink>
			</link>
			<thumbnail>https://image.tmdb.org/t/p/w1280//h4CrVSJO8G2xRFgkxjPX8LCLzCk.jpg</thumbnail>
			<fanart>https://image.tmdb.org/t/p/w1280//W8V8d9bjLZURgEGbIB5TC70yaj.jpg</fanart>
		</item>
		<item>
			<title>[COLOR orange]Chappaquiddick[/COLOR]</title>
			<meta>
				<imdb>tt5270948</imdb>
				<content>movie</content>
				<title>Chappaquiddick</title>
				<year>2018</year>
			</meta>
			<link>
				<sublink>https://rapidgator.net/file/721efcf45a0b8b25d39e5acae7e8057e/ch.2017.1080p.bluray.x264-geckos.mkv.html (1080P Real Debrid)</sublink>
				<sublink>https://rapidgator.net/file/c32ffa6e5ddcf390bf8e772ad5bcfd1a (1080P Real Debrid)</sublink>
				<sublink>https://bhsa.rdeb.io/d/XD7LWSKULB5CG41/ch.2017.1080p.bluray.x264-geckos.mkv (1080P)</sublink>
				<sublink>search</sublink>
			</link>
			<thumbnail>https://image.tmdb.org/t/p/w1280//eHUYOblevtR82bCYnAgS1qSNdea.jpg</thumbnail>
			<fanart>https://image.tmdb.org/t/p/w1280//htJlsFavD4lXiJL9Q3n670uo0z9.jpg</fanart>
		</item>
		<item>
			<title>[COLOR orange]Every Day[/COLOR]</title>
			<meta>
				<imdb>tt7026672</imdb>
				<content>movie</content>
				<title>Every Day</title>
				<year>2018</year>
			</meta>
			<link>
				<sublink>http://dl7.film2movie.us/film/Eve.ry.Da.y.2018.1080p.b.lu.ry.Film2Movie_US.mkv (1080p Bluray X264)</sublink>
				<sublink>https://streamcherry.com/embed/nsnpdnnldnesnedr (720p HDRip H264.AC3)</sublink>
				<sublink>https://streamcherry.com/embed/edmlkdtrcsafrasl (H264 AC3)</sublink>
			</link>
			<thumbnail>https://image.tmdb.org/t/p/w1280//4UnME3icxSspwL0UoGZNSyyp7Xs.jpg</thumbnail>
			<fanart>https://image.tmdb.org/t/p/w1280//hcoeD3oLP7t2dwMK7mnRAUkUxWS.jpg</fanart>
		</item>
		<item>
			<title>[COLOR red]12 Strong[/COLOR]</title>
			<meta>
				<content>movie</content>
				<imdb>tt1413492</imdb>
				<title>12 Strong</title>
				<year>2018</year>
			</meta>
			<link>
				<sublink>https://streamango.com/embed/mbocmrbaokmamsrn</sublink>
				<sublink>https://openload.co/embed/Nr2TgBKEadI</sublink>
				<sublink>https://d5.downace.com/29jas?download_token=87e58fe9d1fb6fda9284763380f9e0b0fcf840476f169addbf82f053b5f597bc</sublink>
				<sublink>search</sublink>
			</link>
			<thumbnail>https://image.tmdb.org/t/p/w600_and_h900_bestv2/j18021qCeRi3yUBtqd2UFj1c0RQ.jpg</thumbnail>
			<fanart>https://image.tmdb.org/t/p/original/wacEk5YSNE41QeKseilyytksXmv.jpg</fanart>
		</item>
		<item>
			<title>[COLOR red]Blow (2001)[/COLOR]</title>
			<meta>
				<content>movie</content>
				<imdb>tt0221027</imdb>
			</meta>
			<link>
				<sublink>https://streamango.com/f/drnkspmorserclbt/Blow_mp4</sublink>
				<sublink>search</sublink>
			</link>
			<thumbnail>https://image.tmdb.org/t/p/w600_and_h900_bestv2/yCLLbZzAa7jreGus7pvjZmL0bj7.jpg</thumbnail>
		</item>
		<item>
			<title>Blockers</title>
			<meta>
				<imdb>tt2531344</imdb>
				<content>movie</content>
				<title>Blockers</title>
				<year>2018</year>
			</meta>
			<link>
				<sublink>https://openload.co/f/eWfI7408BZU/Blockers.2018.HDRip.AC3.X264-CMRG.mkv.mp4</sublink>
				<sublink>searchd</sublink>
			</link>
			<thumbnail>https://image.tmdb.org/t/p/w1280//cx0LpfM6Drla8uzFfMT09uqKPRu.jpg</thumbnail>
			<fanart>https://image.tmdb.org/t/p/w1280//fqPIDVSTl6f1l02fb2rRVYPl5JE.jpg</fanart>
		</item>
		<item>
			<title>[COLOR orange]Bleeding Steel[/COLOR]</title>
			<meta>
				<imdb>tt5813366</imdb>
				<content>movie</content>
				<title>Bleeding Steel</title>
				<year>2017</year>
			</meta>
			<link>
				<sublink>http://bit.ly/2HTmfX9</sublink>
				<sublink>http://bit.ly/2rncNkD</sublink>
				<sublink>http://bit.ly/2JSs97r</sublink>
				<sublink>search</sublink>
			</link>
			<thumbnail>https://image.tmdb.org/t/p/w1280//8qqPmQr0s2bZHPBMASpBXOKUZoi.jpg</thumbnail>
			<fanart>https://image.tmdb.org/t/p/w1280//h3ir8VfpSEtoEBJjEarEludkjKL.jpg</fanart>
		</item>
		<item>
			<title>[COLOR limegreen]Braveheart[/COLOR]</title>
			<meta>
				<imdb>tt0112573</imdb>
				<content>movie</content>
				<title>Braveheart</title>
				<year>1995</year>
			</meta>
			<link>
				<sublink>https://streamango.com/embed/pdblfenesfakpfal</sublink>
				<sublink>https://openload.co/f/pejqdWR-oE0</sublink>
				<sublink>https://openload.co/f/Ysg764cCHhw/Braveheart_1995_720p_BrRip_x264_YIFY.mp4</sublink>
				<sublink>search</sublink>
			</link>
			<thumbnail>https://image.tmdb.org/t/p/w1280//2qAgGeYdLjelOEqjW9FYvPHpplC.jpg</thumbnail>
			<fanart>https://image.tmdb.org/t/p/w1280//7A3uAcB6KAScHcFw0giptE1mhAZ.jpg</fanart>
		</item>
		<dir>
			<title>[COLOR red]Cobra Kai[/COLOR][COLOR lawngreen](First links 4K)[/COLOR]</title>
			<meta>
				<imdb>tt7221388</imdb>
				<content>tvshow</content>
				<tvshowtitle>Cobra Kai</tvshowtitle>
				<year>2018</year>
			</meta>
			<link>file://blams/cobrakai.xml</link>
			<thumbnail>https://image.tmdb.org/t/p/w1280//5qMupAz4A9EN5Rutrkmov45mNXZ.jpg</thumbnail>
			<fanart>https://image.tmdb.org/t/p/w1280//x7QOl4QEVMOp6V4wsp3Kte3NLDY.jpg</fanart>
		</dir>
		<item>
			<title>Cold Skin</title>
			<meta>
				<imdb>tt1034385</imdb>
				<content>movie</content>
				<title>Cold Skin</title>
				<year>2017</year>
			</meta>
			<link>
				<sublink>https://rapidgator.net/file/24509f3ab8c651094e2342ac12abd4a2/cold.skin.2017.dvdrip.x264-spooks.mkv.html (DVDRIP Real Debrid)</sublink>
				<sublink>http://www.filefactory.com/file/66yphsq7b849 (DVDRIP Real Debrid)</sublink>
				<sublink>https://openload.co/f/HlBRJ4o-JeU/Cold.Skin.2017.DVDRip.x264-SPOOKS.mkv (DVDRIP Openload Link)</sublink>
				<sublink>search</sublink>
			</link>
			<thumbnail>https://image.tmdb.org/t/p/w1280//4NXJIZTq4v3KyqfZ8ONIz0PQeVU.jpg</thumbnail>
			<fanart>https://image.tmdb.org/t/p/w1280//tsVW40fOPvFeyiJAfQaxncH5nhG.jpg</fanart>
		</item>
		<item>
			<title>[COLOR limegreen]Grandma's Boy[/COLOR]</title>
			<meta>
				<imdb>tt0456554</imdb>
				<content>movie</content>
				<title>Grandma's Boy</title>
				<year>2006</year>
			</meta>
			<link>
				<sublink>https://openload.co/embed/wKCnhGBTQvk</sublink>
				<sublink>https://streamango.com/embed/fpaebpcmnsqdaodr</sublink>
				<sublink>https://openload.co/embed/YCNeKWKBYHk</sublink>
				<sublink>search</sublink>
			</link>
			<thumbnail>https://image.tmdb.org/t/p/w1280//9Z0Q9uIH4il75dfPVqFhVKljfY.jpg</thumbnail>
			<fanart>https://image.tmdb.org/t/p/w1280//mQDsTjzdyxTfJSe1I4MGTG45JsL.jpg</fanart>
		</item>
		<item>
			<title>John Wick</title>
			<meta>
				<imdb>tt2911666</imdb>
				<content>movie</content>
				<title>John Wick</title>
				<year>2014</year>
			</meta>
			<link>
				<sublink>http://dl.serverdl.in/1/files/John.Wick.2014.BluRay.4K.Ultra.HD.2160p.5.1CH.SalamDL.mkv (4K UHD)</sublink>
				<sublink>http://dl.serverdl.in/1/files/John.Wick.2014.1080p.Bluray.6CH.ShAaNiG.mkv (1080P)</sublink>
				<sublink>searchhd</sublink>
			</link>
			<thumbnail>https://image.tmdb.org/t/p/w1280//5vHssUeVe25bMrof1HyaPyWgaP.jpg</thumbnail>
			<fanart>https://image.tmdb.org/t/p/w1280//umC04Cozevu8nn3JTDJ1pc7PVTn.jpg</fanart>
		</item>
		<item>
			<title>John Wick: Chapter 2</title>
			<meta>
				<imdb>tt4425200</imdb>
				<content>movie</content>
				<title>John Wick: Chapter 2</title>
				<year>2017</year>
			</meta>
			<link>
				<sublink>http://dl.serverdl.in/1/files/John.Wick.Chapter.2.2017.BluRay.Full.HD.SPARKS.mkv (1080P FULLHD)</sublink>
				<sublink>http://dl.serverdl.in/1/files/John.Wick.Chapter.2.2017.Bluray.1080p.6CH.ShAaNiG.mkv (1080P)</sublink>
				<sublink>searchhd</sublink>
			</link>
			<thumbnail>https://image.tmdb.org/t/p/w1280//zkXnKIwX5pYorKJp2fjFSfNyKT0.jpg</thumbnail>
			<fanart>https://image.tmdb.org/t/p/w1280//5qEaTFR3dVHgP85YXraZJiRBHt1.jpg</fanart>
		</item>
		<item>
			<title>[COLOR limegreen]The Humanity Bureau[/COLOR]</title>
			<meta>
				<imdb>tt6143568</imdb>
				<content>movie</content>
				<title>The Humanity Bureau</title>
				<year>2017</year>
			</meta>
			<link>
				<sublink>http://bit.ly/2HyFioA</sublink>
				<sublink>http://bit.ly/2HB7A1Q</sublink>
				<sublink>https://oload.stream/f/qjKtI2N7ARU</sublink>
				<sublink>search</sublink>
			</link>
			<thumbnail>https://image.tmdb.org/t/p/w1280//2qf4wJoaYAXwY0Lov4OfBhSGbTQ.jpg</thumbnail>
			<fanart>https://image.tmdb.org/t/p/w1280//mOPR6T2lYvtH1daPJXmCeKu0eie.jpg</fanart>
		</item>
		<item>
			<title>Ted</title>
			<meta>
				<imdb>tt1637725</imdb>
				<content>movie</content>
				<title>Ted</title>
				<year>2012</year>
			</meta>
			<link>
				<sublink>https://goo.gl/eUUVUc (1080P FULLHD)</sublink>
				<sublink>https://goo.gl/Ncve1h (1080P)</sublink>
				<sublink>searchhd</sublink>
			</link>
			<thumbnail>https://image.tmdb.org/t/p/w1280//yLdP2vDa1BqxLSbikGypGtAEOGe.jpg</thumbnail>
			<fanart>https://image.tmdb.org/t/p/w1280//sPiFgbWMSQxVMO6TuRFrkeWwarI.jpg</fanart>
		</item>
		<item>
			<title>Ted 2</title>
			<meta>
				<imdb>tt2637276</imdb>
				<content>movie</content>
				<title>Ted 2</title>
				<year>2015</year>
			</meta>
			<link>
				<sublink>https://goo.gl/Vtmc1z (1080P X265)</sublink>
				<sublink>https://goo.gl/KJWRMh (1080P)</sublink>
				<sublink>searchhd</sublink>
			</link>
			<thumbnail>https://image.tmdb.org/t/p/w1280//A7HtCxFe7Ms8H7e7o2zawppbuDT.jpg</thumbnail>
			<fanart>https://image.tmdb.org/t/p/w1280//nkwoiSVJLeK0NI8kTqioBna61bm.jpg</fanart>
		</item>
		<item>
			<title>The Endless</title>
			<meta>
				<imdb>tt3986820</imdb>
				<content>movie</content>
				<title>The Endless</title>
				<year>2017</year>
			</meta>
			<link>
				<sublink>https://rapidgator.net/file/b66c687174417b34f9b9670b02cb3861/the.endless.2017.1080p.bluray.x264-cinefile.mkv.html (1080P Real Debrid)</sublink>
				<sublink>http://www.filefactory.com/file/71rjf1urckgb/the.endless.2017.bdrip.x264-lpd.mkv (Real Debrid)</sublink>
				<sublink>https://rapidgator.net/file/d08f0b1f324b851b3a5c0dae2078e110/the.endless.2017.bdrip.x264-lpd.mkv.html (Real Debrid)</sublink>
				<sublink>searchhd</sublink>
			</link>
			<thumbnail>https://image.tmdb.org/t/p/w1280//uVHPBTLb6Sj1Eso9HzyBAOMRheM.jpg</thumbnail>
			<fanart>https://image.tmdb.org/t/p/w1280//zX0pEwk0zDnS85Nxl1hI6h6dfFu.jpg</fanart>
		</item>
		<item>
			<title>Traffik</title>
			<meta>
				<imdb>tt5670152</imdb>
				<content>movie</content>
				<title>Traffik</title>
				<year>2018</year>
			</meta>
			<link>
				<sublink>https://rapidgator.net/file/c8713d382821b241bdd303cc65a09b55/Traffik.2018.1080p.BluRay.H264.AAC-RARBG.mp4.html (1080P Real Debrid)</sublink>
				<sublink>https://rapidgator.net/file/99d3c6f1b64d131ed7d5d41de66bd829/t-r-a-f-f-i-k.2018.1080p.bluray.x264-drones.mkv.html (1080P Real Debrid)</sublink>
				<sublink>https://rapidgator.net/file/71c268affaa7eb2e3f986d078049e1bd/t-r-a-f-f-i-k.2018.bdrip.x264-drones.mkv.html (BDRIP Real Debrid)</sublink>
				<sublink>searchhd</sublink>
			</link>
			<thumbnail>https://image.tmdb.org/t/p/w1280//8XavHSfM4EXn9bjeMPpYx2icMFt.jpg</thumbnail>
			<fanart>https://image.tmdb.org/t/p/w1280//wbk9VvJ8lkUF0ElpfRm3dFIzMJf.jpg</fanart>
		</item>
		<item>
			<title>[COLOR red]Super Troopers[/COLOR]</title>
			<meta>
				<imdb>tt0247745</imdb>
				<content>movie</content>
				<title>Super Troopers</title>
				<year>2001</year>
			</meta>
			<link>
				<sublink>https://openload.co/f/frZpykY-BnY/Super.Troopers.2001.1080p.BluRay.H264.AAC-RARBG.mp4</sublink>
				<sublink>https://icerbox.com/Kgb6xMmg/ZORST01.mkv</sublink>
				<sublink>https://stream112.uploadhaven.com/112/video/mp4/f6qEpHrcSM0fEQwW2G2I6t3tE6FDEe2cZ0US5QI2.mp4?k=yrAS3sW4uHoANaQu7sokow&expire=1527495183</sublink>
				<sublink>search</sublink>
			</link>
			<thumbnail>https://image.tmdb.org/t/p/w1280//w8Uu4bqq21onmvQx4ZsTm7dqXwq.jpg</thumbnail>
			<fanart>https://image.tmdb.org/t/p/w1280//dyHIPT1Q2nZjsciWBuTPikYOxzA.jpg</fanart>
		</item>
		<item>
			<title>[COLOR orange]Super Troopers 2[/COLOR]</title>
			<meta>
				<imdb>tt0859635</imdb>
				<content>movie</content>
				<title>Super Troopers 2</title>
				<year>2018</year>
			</meta>
			<link>
				<sublink>https://rapidgator.net/file/2217177f7d02e3e533172e5fee1c62a8/super.troopers.2.2018.1080p.bluray.x264-drones.mkv.html (1080P Real Debrid)</sublink>
				<sublink>https://rapidgator.net/file/1c4bc4f83dabb0fbed2090ee2cb80877/Super_Troopers_2_2018_1080p_WEB-DL_H264_AC3-EVO.mkv.html (1080P Real Debrid)</sublink>
				<sublink>https://openload.co/f/i2t4hwwP1IQ/super.troopers.2.2018.1080p.bluray.x264-drones.mkv (1080P Openload)</sublink>
				<sublink>https://openload.co/f/qyEw7v2606I/Super.Troopers.2.2018.1080p.WEB-DL.H264.AC3-EVO.mkv (1080P Openload)</sublink>
				<sublink>search</sublink>
			</link>
			<thumbnail>https://image.tmdb.org/t/p/w1280//81Kumk0nbZAVqRMo3Zwq00IlgRa.jpg</thumbnail>
			<fanart>https://image.tmdb.org/t/p/w1280//v9N8AxyHf9crA9Iza9fF5ntPJFj.jpg</fanart>
		</item>
		<item>
			<title>[COLOR orange]Gringo[/COLOR]</title>
			<meta>
				<imdb>tt3721964</imdb>
				<content>movie</content>
				<title>Gringo</title>
				<year>2018</year>
			</meta>
			<link>
				<sublink>https://clicknupload.org/2nrb4ok35dxz</sublink>
				<sublink>https://openload.co/f/AMAnYu71t-g</sublink>
				<sublink>https://openload.co/f/pyGSc_Q_BOM</sublink>
				<sublink>search</sublink>
			</link>
			<thumbnail>https://image.tmdb.org/t/p/w1280//dxeVPklFwng2IowqRPNI4od6aXv.jpg</thumbnail>
			<fanart>https://image.tmdb.org/t/p/w1280//1u2f04uoVGTjmThK71yDDqeQwK0.jpg</fanart>
		</item>
		<item>
			<title>[COLOR limegreen]Solo: A Star Wars Story CAM[/COLOR] [COLORlawngreen](MORE LINKS SOON)[/COLOR]</title>
			<meta>
				<imdb>tt3778644</imdb>
				<content>movie</content>
				<title>Solo: A Star Wars Story</title>
				<year>2018</year>
			</meta>
			<link>
				<sublink>https://1fichier.com/?08nj8j10s4(RD)</sublink>
				<sublink>https://openload.co/embed/28uX2iz78Io</sublink>
				<sublink>search</sublink>
			</link>
			<thumbnail>https://image.tmdb.org/t/p/w1280//4oD6VEccFkorEBTEDXtpLAaz0Rl.jpg</thumbnail>
			<fanart>https://image.tmdb.org/t/p/w1280//7LZ0K4FsALrt7OeNIGOVLNuKQRU.jpg</fanart>
		</item>
		<item>
			<title>Welcome to Curiosity</title>
			<meta>
				<imdb>tt3517306</imdb>
				<content>movie</content>
				<title>Welcome to Curiosity</title>
				<year>2018</year>
			</meta>
			<link>
				<sublink>https://rapidgator.net/file/6804b08e297a115f3a0cbf7d32143fea/welcome.to.curiosity.2018.limited.1080p.bluray.x264-cadaver.mkv.html (1080P Real Debrid)</sublink>
				<sublink>https://rapidgator.net/file/934732789bdcef28cace0e87018dd9fc/welcomtcur.2018.BRRip.XviD.AC3-EVO.avi.html (Real Debrid)</sublink>
			</link>
			<thumbnail>https://image.tmdb.org/t/p/w1280//mHkrgUoWS2jRutTt9sprJo6nOLb.jpg</thumbnail>
			<fanart>https://image.tmdb.org/t/p/w1280//tfi2Rpk04jkf2Zm2OdnkLBxnMhk.jpg</fanart>
		</item>
		<item>
			<title>World War Z</title>
			<meta>
				<imdb>tt0816711</imdb>
				<content>movie</content>
				<title>World War Z</title>
				<year>2013</year>
			</meta>
			<link>
				<sublink>http://dl.serverdl.in/1/files/World.War.Z.2013.Bluray.REMUX.Full.HD.Sparks.mkv (1080P FULLHD)</sublink>
				<sublink>http://dl.film2movie.us/film/World.War.Z.2013.1080p.BluRay.Film2Movie_ORG.mkv (1080P)</sublink>
				<sublink>searchhd</sublink>
			</link>
			<thumbnail>https://image.tmdb.org/t/p/w1280//Ha5t0J21eyiq6Az1EXzx0iwsGH.jpg</thumbnail>
			<fanart>https://image.tmdb.org/t/p/w1280//xMOQVYLeIKBXenJ9KMeasj7S64y.jpg</fanart>
		</item>
		<item>
			<title>[COLOR=white]-------------------------[/COLOR]</title>
			<heading/>
		</item>
		<dir>
			<title>[COLOR orange]Rick and Morty[/COLOR]</title>
			<wctoon>wcsearch/rick and morty</wctoon>
		</dir>
		<dir>
			<title>[COLOR limegreen]Fugget About It[/COLOR]</title>
			<wctoon>wcsearch/fugget about it</wctoon>
		</dir>
		<dir>
			<title>[COLOR orange]The Simpsons[/COLOR]</title>
			<wctoon>wcsearch/the simpsons</wctoon>
		</dir>
		<dir>
			<title>[COLOR limegreen]Camp WWE[/COLOR]</title>
			<wctoon>wcsearch/camp wwe</wctoon>
		</dir>
		<dir>
			<title>[COLOR orange]American Dad[/COLOR]</title>
			<wctoon>wcsearch/american dad</wctoon>
		</dir>
		<dir>
			<title>[COLOR limegreen]Looney Tunes[/COLOR]</title>
			<wctoon>wcsearch/looney tunes</wctoon>
		</dir>
		<dir>
			<title>[COLOR orange]Johnny Bravo[/COLOR]</title>
			<wctoon>wcsearch/johnny bravo</wctoon>
		</dir>
		<dir>
			<title>[COLOR limegreen]Dungeons and Dragons[/COLOR]</title>
			<wctoon>wcsearch/dungeons and dragons</wctoon>
		</dir>
		<dir>
			<title>[COLOR orange]Scooby Doo[/COLOR]</title>
			<wctoon>wcsearch/scooby doo</wctoon>
		</dir>
		<dir>
			<title>[COLOR limegreen]Archie's Weird Mysteries[/COLOR]</title>
			<wctoon>wcsearch/archies weird mysteries</wctoon>
		</dir>
		<dir>
			<title>[COLOR orange]Aqua Teen Hunger Force[/COLOR]</title>
			<wctoon>wcsearch/aqua teen hunger force</wctoon>
		</dir>
		<dir>
			<title>[COLOR limegreen]Stargate Infinity[/COLOR]</title>
			<wctoon>wcsearch/stargate</wctoon>
		</dir>
		<dir>
			<title>[COLOR orange]Thundercats (1985)[/COLOR]</title>
			<wctoon>wcsearch/thundercats 1985</wctoon>
		</dir>
		<dir>
			<title>[COLOR limegreen]Inspector Gadget[/COLOR]</title>
			<wctoon>wcsearch/inspector gadget</wctoon>
		</dir>
		<dir>
			<title>[COLOR orange]Jumanji[/COLOR]</title>
			<wctoon>wcsearch/jumanji</wctoon>
		</dir>
		<dir>
			<title>[COLOR limegreen]G.I. Joe[/COLOR]</title>
			<wctoon>wcsearch/g.i. joe</wctoon>
		</dir>
		<dir>
			<title>[COLOR orange]Red vs Blue[/COLOR]</title>
			<wctoon>wcsearch/red vs blue</wctoon>
		</dir>
		<dir>
			<title>[COLOR limegreen]F is for Family[/COLOR]</title>
			<wctoon>wcsearch/f is for family</wctoon>
		</dir>
		<dir>
			<title>[COLOR orange]Duck Dodgers[/COLOR]</title>
			<wctoon>wcsearch/duck dodgers</wctoon>
		</dir>
		<dir>
			<title>[COLOR limegreen]Doctor Who[/COLOR]</title>
			<wctoon>wcsearch/doctor who</wctoon>
		</dir>
		<dir>
			<title>[COLOR orange]Brickleberry[/COLOR]</title>
			<wctoon>wcsearch/brickleberry</wctoon>
		</dir>
		<dir>
			<title>[COLOR limegreen]Beavis and Butt Head[/COLOR]</title>
			<wctoon>wcsearch/beavis and butt head</wctoon>
		</dir>
		<dir>
			<title>[COLOR orange]Peppa Pig[/COLOR]</title>
			<wctoon>wcsearch/peppa pig</wctoon>
		</dir>
	</wannabe>
</dipshit>