<?xml version="1.0" encoding="UTF-8" standalone="yes"?>
<addon id="plugin.video.urbankingz" name="[COLOR yellow]Urban[COLOR red]Kingz[COLOR yellow]Empire[/COLOR]" version="1.3" provider-name="The Real UrbanKingz">
    <requires>
        <import addon="xbmc.python" version="2.19.0" />
		<import addon="script.module.universalscrapers" />
        <import addon="script.module.python.koding.aio" version="0.9.6.6" />
        <import addon="script.module.beautifulsoup" version="3.2.1" />
        <import addon="script.module.requests" version="2.9.1" />
        <import addon="script.module.addon.common" version="2.0.0" />
        <import addon="script.module.xmltodict" version="0.9.0" />
        <!--<import addon="script.module.web-pdb" version="1.0"/>-->
        <import addon="script.module.resolveurl" />
    </requires>
    <extension point="xbmc.python.pluginsource" library="default.py">
        <provides>video</provides>
    </extension>
    <extension point="xbmc.service" library="service.py" start="[login|startup]" />
    <extension point="xbmc.addon.metadata">
        <summary lang="en">Urban</summary>
        <description lang="en">The Kingz Of Urban Add-on {The Real UrbanKingz}</description>
        <platform>all</platform>
        <website></website>
        <video_guide></video_guide>
    </extension>
</addon>
