<arrakis>
    <cnw>
        <dir>
            <title>Recent Videos</title>
            <cnw>recent</cnw>
            <thumbnail>special://home/addons/plugin.video.arrakis/resources/media/adult/cnw.png</thumbnail>
        </dir>

        <dir>
            <title>Popular Videos</title>
            <cnw>popular</cnw>
            <thumbnail>special://home/addons/plugin.video.arrakis/resources/media/adult/cnw.png</thumbnail>
        </dir>

        <dir>
            <title>Categories</title>
            <link>file://adult/cnw/cats.xml</link>
            <thumbnail>special://home/addons/plugin.video.arrakis/resources/media/adult/cnw.png</thumbnail>
        </dir>

        <dir>
            <title>Search for Celebrities</title>
            <cnw>search</cnw>
            <thumbnail>special://home/addons/plugin.video.arrakis/resources/media/adult/cnw.png</thumbnail>
        </dir>
    </cnw>
</arrakis>
