
<dir>
    <title>Ubiqfile</title>
    <fxxxmovies>fxmtag/ubiqfile</fxxxmovies>
</dir>

<dir>
    <title>UK Porn Kings</title>
    <fxxxmovies>fxmtag/uk-porn-kings</fxxxmovies>
</dir>

<dir>
    <title>Uma</title>
    <fxxxmovies>fxmtag/uma</fxxxmovies>
</dir>

<dir>
    <title>Uma Jolie</title>
    <fxxxmovies>fxmtag/uma-jolie</fxxxmovies>
</dir>

<dir>
    <title>Uncensored</title>
    <fxxxmovies>fxmtag/uncensored</fxxxmovies>
</dir>

<dir>
    <title>Uniform</title>
    <fxxxmovies>fxmtag/uniform</fxxxmovies>
</dir>

<dir>
    <title>Uniforms</title>
    <fxxxmovies>fxmtag/uniforms</fxxxmovies>
</dir>

<dir>
    <title>upskirt</title>
    <fxxxmovies>fxmtag/upskirt</fxxxmovies>
</dir>

<dir>
    <title>Ursula Moore</title>
    <fxxxmovies>fxmtag/ursula-moore</fxxxmovies>
</dir>

<dir>
    <title>Ute</title>
    <fxxxmovies>fxmtag/ute</fxxxmovies>
</dir>

<dir>
    <title>Val Dodds</title>
    <fxxxmovies>fxmtag/val-dodds</fxxxmovies>
</dir>

<dir>
    <title>Valentina</title>
    <fxxxmovies>fxmtag/valentina</fxxxmovies>
</dir>

<dir>
    <title>Valentina Blue</title>
    <fxxxmovies>fxmtag/valentina-blue</fxxxmovies>
</dir>

<dir>
    <title>Valentina Canali</title>
    <fxxxmovies>fxmtag/valentina-canali</fxxxmovies>
</dir>

<dir>
    <title>Valentina Nappi</title>
    <fxxxmovies>fxmtag/valentina-nappi</fxxxmovies>
</dir>

<dir>
    <title>Valentina Ricci</title>
    <fxxxmovies>fxmtag/valentina-ricci</fxxxmovies>
</dir>

<dir>
    <title>Valentina Velasques</title>
    <fxxxmovies>fxmtag/valentina-velasques</fxxxmovies>
</dir>

<dir>
    <title>Valentina Velasquez</title>
    <fxxxmovies>fxmtag/valentina-velasquez</fxxxmovies>
</dir>

<dir>
    <title>Valentine Demy</title>
    <fxxxmovies>fxmtag/valentine-demy</fxxxmovies>
</dir>

<dir>
    <title>Valentino</title>
    <fxxxmovies>fxmtag/valentino</fxxxmovies>
</dir>

<dir>
    <title>Valerie</title>
    <fxxxmovies>fxmtag/valerie</fxxxmovies>
</dir>

<dir>
    <title>Valerie de Winter</title>
    <fxxxmovies>fxmtag/valerie-de-winter</fxxxmovies>
</dir>

<dir>
    <title>Valerie Kay</title>
    <fxxxmovies>fxmtag/valerie-kay</fxxxmovies>
</dir>

<dir>
    <title>Valery Summer</title>
    <fxxxmovies>fxmtag/valery-summer</fxxxmovies>
</dir>

<dir>
    <title>Van Damage</title>
    <fxxxmovies>fxmtag/van-damage</fxxxmovies>
</dir>

<dir>
    <title>Van Wylde</title>
    <fxxxmovies>fxmtag/van-wylde</fxxxmovies>
</dir>

<dir>
    <title>Vanda</title>
    <fxxxmovies>fxmtag/vanda</fxxxmovies>
</dir>

<dir>
    <title>Vanda Lust</title>
    <fxxxmovies>fxmtag/vanda-lust</fxxxmovies>
</dir>

<dir>
    <title>Vanda Vitus</title>
    <fxxxmovies>fxmtag/vanda-vitus</fxxxmovies>
</dir>

<dir>
    <title>Vanessa</title>
    <fxxxmovies>fxmtag/vanessa</fxxxmovies>
</dir>

<dir>
    <title>Vanessa Cage</title>
    <fxxxmovies>fxmtag/vanessa-cage</fxxxmovies>
</dir>

<dir>
    <title>Vanessa Chase</title>
    <fxxxmovies>fxmtag/vanessa-chase</fxxxmovies>
</dir>

<dir>
    <title>Vanessa Decker</title>
    <fxxxmovies>fxmtag/vanessa-decker</fxxxmovies>
</dir>

<dir>
    <title>Vanessa Del Rio</title>
    <fxxxmovies>fxmtag/vanessa-del-rio</fxxxmovies>
</dir>

<dir>
    <title>Vanessa Gold</title>
    <fxxxmovies>fxmtag/vanessa-gold</fxxxmovies>
</dir>

<dir>
    <title>Vanessa Hill</title>
    <fxxxmovies>fxmtag/vanessa-hill</fxxxmovies>
</dir>

<dir>
    <title>Vanessa Lane</title>
    <fxxxmovies>fxmtag/vanessa-lane</fxxxmovies>
</dir>

<dir>
    <title>Vanessa Mae</title>
    <fxxxmovies>fxmtag/vanessa-mae</fxxxmovies>
</dir>

<dir>
    <title>Vanessa May</title>
    <fxxxmovies>fxmtag/vanessa-may</fxxxmovies>
</dir>

<dir>
    <title>Vanessa Monet</title>
    <fxxxmovies>fxmtag/vanessa-monet</fxxxmovies>
</dir>

<dir>
    <title>Vanessa Naughty</title>
    <fxxxmovies>fxmtag/vanessa-naughty</fxxxmovies>
</dir>

<dir>
    <title>Vanessa Sky</title>
    <fxxxmovies>fxmtag/vanessa-sky</fxxxmovies>
</dir>

<dir>
    <title>Vanessa Veracruz</title>
    <fxxxmovies>fxmtag/vanessa-veracruz</fxxxmovies>
</dir>

<dir>
    <title>Vanessa Videl</title>
    <fxxxmovies>fxmtag/vanessa-videl</fxxxmovies>
</dir>

<dir>
    <title>Vanilla DeVille</title>
    <fxxxmovies>fxmtag/vanilla-deville</fxxxmovies>
</dir>

<dir>
    <title>Vanilla Skye</title>
    <fxxxmovies>fxmtag/vanilla-skye</fxxxmovies>
</dir>

<dir>
    <title>Vanity</title>
    <fxxxmovies>fxmtag/vanity</fxxxmovies>
</dir>

<dir>
    <title>Vannah Sterling</title>
    <fxxxmovies>fxmtag/vannah-sterling</fxxxmovies>
</dir>

<dir>
    <title>Various</title>
    <fxxxmovies>fxmtag/various</fxxxmovies>
</dir>

<dir>
    <title>Various Amateurs</title>
    <fxxxmovies>fxmtag/various-amateurs</fxxxmovies>
</dir>

<dir>
    <title>Various Artists</title>
    <fxxxmovies>fxmtag/various-artists</fxxxmovies>
</dir>

<dir>
    <title>Vater</title>
    <fxxxmovies>fxmtag/vater</fxxxmovies>
</dir>

<dir>
    <title>Vayana</title>
    <fxxxmovies>fxmtag/vayana</fxxxmovies>
</dir>

<dir>
    <title>VCA</title>
    <fxxxmovies>fxmtag/vca</fxxxmovies>
</dir>

<dir>
    <title>VCX</title>
    <fxxxmovies>fxmtag/vcx</fxxxmovies>
</dir>

<dir>
    <title>Velicity Von</title>
    <fxxxmovies>fxmtag/velicity-von</fxxxmovies>
</dir>

<dir>
    <title>VENOM</title>
    <fxxxmovies>fxmtag/venom</fxxxmovies>
</dir>

<dir>
    <title>Venus</title>
    <fxxxmovies>fxmtag/venus</fxxxmovies>
</dir>

<dir>
    <title>Venus Lux</title>
    <fxxxmovies>fxmtag/venus-lux</fxxxmovies>
</dir>

<dir>
    <title>Vera</title>
    <fxxxmovies>fxmtag/vera</fxxxmovies>
</dir>

<dir>
    <title>Verena</title>
    <fxxxmovies>fxmtag/verena</fxxxmovies>
</dir>

<dir>
    <title>Veri Knotty</title>
    <fxxxmovies>fxmtag/veri-knotty</fxxxmovies>
</dir>

<dir>
    <title>Verona</title>
    <fxxxmovies>fxmtag/verona</fxxxmovies>
</dir>

<dir>
    <title>Verona Sky</title>
    <fxxxmovies>fxmtag/verona-sky</fxxxmovies>
</dir>

<dir>
    <title>Veronica</title>
    <fxxxmovies>fxmtag/veronica</fxxxmovies>
</dir>

<dir>
    <title>Veronica Avluv</title>
    <fxxxmovies>fxmtag/veronica-avluv</fxxxmovies>
</dir>

<dir>
    <title>Veronica Belli</title>
    <fxxxmovies>fxmtag/veronica-belli</fxxxmovies>
</dir>

<dir>
    <title>Veronica Carso</title>
    <fxxxmovies>fxmtag/veronica-carso</fxxxmovies>
</dir>

<dir>
    <title>Veronica Da Souza</title>
    <fxxxmovies>fxmtag/veronica-da-souza</fxxxmovies>
</dir>

<dir>
    <title>Veronica Hart</title>
    <fxxxmovies>fxmtag/veronica-hart</fxxxmovies>
</dir>

<dir>
    <title>Veronica Jett</title>
    <fxxxmovies>fxmtag/veronica-jett</fxxxmovies>
</dir>

<dir>
    <title>Veronica Radke</title>
    <fxxxmovies>fxmtag/veronica-radke</fxxxmovies>
</dir>

<dir>
    <title>Veronica Rayne</title>
    <fxxxmovies>fxmtag/veronica-rayne</fxxxmovies>
</dir>

<dir>
    <title>Veronica Rodriguez</title>
    <fxxxmovies>fxmtag/veronica-rodriguez</fxxxmovies>
</dir>

<dir>
    <title>Veronica Snow</title>
    <fxxxmovies>fxmtag/veronica-snow</fxxxmovies>
</dir>

<dir>
    <title>Veronica Vain</title>
    <fxxxmovies>fxmtag/veronica-vain</fxxxmovies>
</dir>

<dir>
    <title>Veronika</title>
    <fxxxmovies>fxmtag/veronika</fxxxmovies>
</dir>

<dir>
    <title>Veronique Vega</title>
    <fxxxmovies>fxmtag/veronique-vega</fxxxmovies>
</dir>

<dir>
    <title>Veruca James</title>
    <fxxxmovies>fxmtag/veruca-james</fxxxmovies>
</dir>

<dir>
    <title>VHSRip</title>
    <fxxxmovies>fxmtag/vhsrip</fxxxmovies>
</dir>

<dir>
    <title>Via Lasciva</title>
    <fxxxmovies>fxmtag/via-lasciva</fxxxmovies>
</dir>

<dir>
    <title>vibrator</title>
    <fxxxmovies>fxmtag/vibrator</fxxxmovies>
</dir>

<dir>
    <title>Vibrators</title>
    <fxxxmovies>fxmtag/vibrators</fxxxmovies>
</dir>

<dir>
    <title>Vicca</title>
    <fxxxmovies>fxmtag/vicca</fxxxmovies>
</dir>

<dir>
    <title>Vicki Chase</title>
    <fxxxmovies>fxmtag/vicki-chase</fxxxmovies>
</dir>

<dir>
    <title>Vicktoria Redd</title>
    <fxxxmovies>fxmtag/vicktoria-redd</fxxxmovies>
</dir>

<dir>
    <title>Vicky</title>
    <fxxxmovies>fxmtag/vicky</fxxxmovies>
</dir>

<dir>
    <title>Vicky Vette</title>
    <fxxxmovies>fxmtag/vicky-vette</fxxxmovies>
</dir>

<dir>
    <title>Vicky Vicci</title>
    <fxxxmovies>fxmtag/vicky-vicci</fxxxmovies>
</dir>

<dir>
    <title>Vicky Vixen</title>
    <fxxxmovies>fxmtag/vicky-vixen</fxxxmovies>
</dir>

<dir>
    <title>Victor</title>
    <fxxxmovies>fxmtag/victor</fxxxmovies>
</dir>

<dir>
    <title>Victor Solo</title>
    <fxxxmovies>fxmtag/victor-solo</fxxxmovies>
</dir>

<dir>
    <title>Victoria</title>
    <fxxxmovies>fxmtag/victoria</fxxxmovies>
</dir>

<dir>
    <title>Victoria Blaze</title>
    <fxxxmovies>fxmtag/victoria-blaze</fxxxmovies>
</dir>

<dir>
    <title>Victoria Blond</title>
    <fxxxmovies>fxmtag/victoria-blond</fxxxmovies>
</dir>

<dir>
    <title>Victoria Daniels</title>
    <fxxxmovies>fxmtag/victoria-daniels</fxxxmovies>
</dir>

<dir>
    <title>Victoria Dark</title>
    <fxxxmovies>fxmtag/victoria-dark</fxxxmovies>
</dir>

<dir>
    <title>Victoria Givens</title>
    <fxxxmovies>fxmtag/victoria-givens</fxxxmovies>
</dir>

<dir>
    <title>Victoria June</title>
    <fxxxmovies>fxmtag/victoria-june</fxxxmovies>
</dir>

<dir>
    <title>Victoria Lanz</title>
    <fxxxmovies>fxmtag/victoria-lanz</fxxxmovies>
</dir>

<dir>
    <title>Victoria Lawson</title>
    <fxxxmovies>fxmtag/victoria-lawson</fxxxmovies>
</dir>

<dir>
    <title>Victoria Paris</title>
    <fxxxmovies>fxmtag/victoria-paris</fxxxmovies>
</dir>

<dir>
    <title>Victoria Puppy</title>
    <fxxxmovies>fxmtag/victoria-puppy</fxxxmovies>
</dir>

<dir>
    <title>Victoria Pure</title>
    <fxxxmovies>fxmtag/victoria-pure</fxxxmovies>
</dir>

<dir>
    <title>Victoria Rae Black</title>
    <fxxxmovies>fxmtag/victoria-rae-black</fxxxmovies>
</dir>

<dir>
    <title>Victoria Rose</title>
    <fxxxmovies>fxmtag/victoria-rose</fxxxmovies>
</dir>

<dir>
    <title>Victoria Sin</title>
    <fxxxmovies>fxmtag/victoria-sin</fxxxmovies>
</dir>

<dir>
    <title>Victoria Slim</title>
    <fxxxmovies>fxmtag/victoria-slim</fxxxmovies>
</dir>

<dir>
    <title>Victoria Summers</title>
    <fxxxmovies>fxmtag/victoria-summers</fxxxmovies>
</dir>

<dir>
    <title>Victoria Sweet</title>
    <fxxxmovies>fxmtag/victoria-sweet</fxxxmovies>
</dir>

<dir>
    <title>Victoria Swinger</title>
    <fxxxmovies>fxmtag/victoria-swinger</fxxxmovies>
</dir>

<dir>
    <title>Victoria Valentina</title>
    <fxxxmovies>fxmtag/victoria-valentina</fxxxmovies>
</dir>

<dir>
    <title>Victoria Valentino</title>
    <fxxxmovies>fxmtag/victoria-valentino</fxxxmovies>
</dir>

<dir>
    <title>Victoria White</title>
    <fxxxmovies>fxmtag/victoria-white</fxxxmovies>
</dir>

<dir>
    <title>Vidco Entertainment</title>
    <fxxxmovies>fxmtag/vidco-entertainment</fxxxmovies>
</dir>

<dir>
    <title>Video Art Holland</title>
    <fxxxmovies>fxmtag/video-art-holland</fxxxmovies>
</dir>

<dir>
    <title>Video Marc Dorcel</title>
    <fxxxmovies>fxmtag/video-marc-dorcel</fxxxmovies>
</dir>

<dir>
    <title>VIDEO TEAM</title>
    <fxxxmovies>fxmtag/video-team</fxxxmovies>
</dir>

<dir>
    <title>Video Teresa Orlowski</title>
    <fxxxmovies>fxmtag/video-teresa-orlowski</fxxxmovies>
</dir>

<dir>
    <title>VIDEO-X-PIX</title>
    <fxxxmovies>fxmtag/video-x-pix</fxxxmovies>
</dir>

<dir>
    <title>Videorama</title>
    <fxxxmovies>fxmtag/videorama</fxxxmovies>
</dir>

<dir>
    <title>vidlox Porn</title>
    <fxxxmovies>fxmtag/vidlox-porn</fxxxmovies>
</dir>

<dir>
    <title>vidlox.tv</title>
    <fxxxmovies>fxmtag/vidlox-tv</fxxxmovies>
</dir>

<dir>
    <title>Vienna</title>
    <fxxxmovies>fxmtag/vienna</fxxxmovies>
</dir>

<dir>
    <title>Vienna Black</title>
    <fxxxmovies>fxmtag/vienna-black</fxxxmovies>
</dir>

<dir>
    <title>Vignettes</title>
    <fxxxmovies>fxmtag/vignettes</fxxxmovies>
</dir>

<dir>
    <title>Vika</title>
    <fxxxmovies>fxmtag/vika</fxxxmovies>
</dir>

<dir>
    <title>Vikki</title>
    <fxxxmovies>fxmtag/vikki</fxxxmovies>
</dir>

<dir>
    <title>Viktoria</title>
    <fxxxmovies>fxmtag/viktoria</fxxxmovies>
</dir>

<dir>
    <title>Viktorie</title>
    <fxxxmovies>fxmtag/viktorie</fxxxmovies>
</dir>

<dir>
    <title>Vince Vouyer</title>
    <fxxxmovies>fxmtag/vince-vouyer</fxxxmovies>
</dir>

<dir>
    <title>Vince Voyeur</title>
    <fxxxmovies>fxmtag/vince-voyeur</fxxxmovies>
</dir>

<dir>
    <title>Vincent Vega</title>
    <fxxxmovies>fxmtag/vincent-vega</fxxxmovies>
</dir>

<dir>
    <title>Vinegar Syndrome</title>
    <fxxxmovies>fxmtag/vinegar-syndrome</fxxxmovies>
</dir>

<dir>
    <title>Vinna Reed</title>
    <fxxxmovies>fxmtag/vinna-reed</fxxxmovies>
</dir>

<dir>
    <title>vintage</title>
    <fxxxmovies>fxmtag/vintage</fxxxmovies>
</dir>

<dir>
    <title>Viola</title>
    <fxxxmovies>fxmtag/viola</fxxxmovies>
</dir>

<dir>
    <title>Violet</title>
    <fxxxmovies>fxmtag/violet</fxxxmovies>
</dir>

<dir>
    <title>Violet Monroe</title>
    <fxxxmovies>fxmtag/violet-monroe</fxxxmovies>
</dir>

<dir>
    <title>Violet Starr</title>
    <fxxxmovies>fxmtag/violet-starr</fxxxmovies>
</dir>

<dir>
    <title>Violette Pink</title>
    <fxxxmovies>fxmtag/violette-pink</fxxxmovies>
</dir>

<dir>
    <title>VIP SiteRip</title>
    <fxxxmovies>fxmtag/vip-siterip</fxxxmovies>
</dir>

<dir>
    <title>Viper</title>
    <fxxxmovies>fxmtag/viper</fxxxmovies>
</dir>

<dir>
    <title>Virginee</title>
    <fxxxmovies>fxmtag/virginee</fxxxmovies>
</dir>

<dir>
    <title>Virgo Peridot</title>
    <fxxxmovies>fxmtag/virgo-peridot</fxxxmovies>
</dir>

<dir>
    <title>Vision Films</title>
    <fxxxmovies>fxmtag/vision-films</fxxxmovies>
</dir>

<dir>
    <title>Vittoria Risi</title>
    <fxxxmovies>fxmtag/vittoria-risi</fxxxmovies>
</dir>

<dir>
    <title>Viv Thomas</title>
    <fxxxmovies>fxmtag/viv-thomas</fxxxmovies>
</dir>

<dir>
    <title>Vivi Anne</title>
    <fxxxmovies>fxmtag/vivi-anne</fxxxmovies>
</dir>

<dir>
    <title>Vivian</title>
    <fxxxmovies>fxmtag/vivian</fxxxmovies>
</dir>

<dir>
    <title>Vivian Schmitt</title>
    <fxxxmovies>fxmtag/vivian-schmitt</fxxxmovies>
</dir>

<dir>
    <title>Vivian West</title>
    <fxxxmovies>fxmtag/vivian-west</fxxxmovies>
</dir>

<dir>
    <title>Vivid</title>
    <fxxxmovies>fxmtag/vivid</fxxxmovies>
</dir>

<dir>
    <title>VIVID WAVE</title>
    <fxxxmovies>fxmtag/vivid-wave</fxxxmovies>
</dir>

<dir>
    <title>Vivien</title>
    <fxxxmovies>fxmtag/vivien</fxxxmovies>
</dir>

<dir>
    <title>Vivienne</title>
    <fxxxmovies>fxmtag/vivienne</fxxxmovies>
</dir>

<dir>
    <title>Vixen</title>
    <fxxxmovies>fxmtag/vixen</fxxxmovies>
</dir>

<dir>
    <title>Vlaams</title>
    <fxxxmovies>fxmtag/vlaams</fxxxmovies>
</dir>

<dir>
    <title>Voluptous</title>
    <fxxxmovies>fxmtag/voluptous</fxxxmovies>
</dir>

<dir>
    <title>Voodoo</title>
    <fxxxmovies>fxmtag/voodoo</fxxxmovies>
</dir>

<dir>
    <title>Vorbau</title>
    <fxxxmovies>fxmtag/vorbau</fxxxmovies>
</dir>

<dir>
    <title>Vouyer Media</title>
    <fxxxmovies>fxmtag/vouyer-media</fxxxmovies>
</dir>

<dir>
    <title>Voyeur</title>
    <fxxxmovies>fxmtag/voyeur</fxxxmovies>
</dir>

<dir>
    <title>Voyeurism</title>
    <fxxxmovies>fxmtag/voyeurism</fxxxmovies>
</dir>

<dir>
    <title>VPS</title>
    <fxxxmovies>fxmtag/vps</fxxxmovies>
</dir>

<dir>
    <title>VTO</title>
    <fxxxmovies>fxmtag/vto</fxxxmovies>
</dir>

<dir>
    <title>Vyxen Steel</title>
    <fxxxmovies>fxmtag/vyxen-steel</fxxxmovies>
</dir>

<dir>
    <title>Wanda</title>
    <fxxxmovies>fxmtag/wanda</fxxxmovies>
</dir>

<dir>
    <title>Wanda Curtis</title>
    <fxxxmovies>fxmtag/wanda-curtis</fxxxmovies>
</dir>

<dir>
    <title>Wayne Summers</title>
    <fxxxmovies>fxmtag/wayne-summers</fxxxmovies>
</dir>

<dir>
    <title>WC PRODUCTIONS WEST COAST</title>
    <fxxxmovies>fxmtag/wc-productions-west-coast</fxxxmovies>
</dir>

<dir>
    <title>Web Young</title>
    <fxxxmovies>fxmtag/web-young</fxxxmovies>
</dir>

<dir>
    <title>Webcam</title>
    <fxxxmovies>fxmtag/webcam</fxxxmovies>
</dir>

<dir>
    <title>WEBRip</title>
    <fxxxmovies>fxmtag/webrip</fxxxmovies>
</dir>

<dir>
    <title>Wein Lewis</title>
    <fxxxmovies>fxmtag/wein-lewis</fxxxmovies>
</dir>

<dir>
    <title>Wendy</title>
    <fxxxmovies>fxmtag/wendy</fxxxmovies>
</dir>

<dir>
    <title>Wendy Divine</title>
    <fxxxmovies>fxmtag/wendy-divine</fxxxmovies>
</dir>

<dir>
    <title>Wendy Moon</title>
    <fxxxmovies>fxmtag/wendy-moon</fxxxmovies>
</dir>

<dir>
    <title>Wesley Pipes</title>
    <fxxxmovies>fxmtag/wesley-pipes</fxxxmovies>
</dir>

<dir>
    <title>West Coast</title>
    <fxxxmovies>fxmtag/west-coast</fxxxmovies>
</dir>

<dir>
    <title>West Coast Productions</title>
    <fxxxmovies>fxmtag/west-coast-productions</fxxxmovies>
</dir>

<dir>
    <title>WESTERN VISUALS</title>
    <fxxxmovies>fxmtag/western-visuals</fxxxmovies>
</dir>

<dir>
    <title>Wet Video</title>
    <fxxxmovies>fxmtag/wet-video</fxxxmovies>
</dir>

<dir>
    <title>White Ghetto</title>
    <fxxxmovies>fxmtag/white-ghetto</fxxxmovies>
</dir>

<dir>
    <title>White Ghetto Films</title>
    <fxxxmovies>fxmtag/white-ghetto-films</fxxxmovies>
</dir>

<dir>
    <title>Whitney Stevens</title>
    <fxxxmovies>fxmtag/whitney-stevens</fxxxmovies>
</dir>

<dir>
    <title>Whitney Westgate</title>
    <fxxxmovies>fxmtag/whitney-westgate</fxxxmovies>
</dir>

<dir>
    <title>Whitney Wright</title>
    <fxxxmovies>fxmtag/whitney-wright</fxxxmovies>
</dir>

<dir>
    <title>wichsen</title>
    <fxxxmovies>fxmtag/wichsen</fxxxmovies>
</dir>

<dir>
    <title>Wicked</title>
    <fxxxmovies>fxmtag/wicked</fxxxmovies>
</dir>

<dir>
    <title>Wicked Pictures</title>
    <fxxxmovies>fxmtag/wicked-pictures</fxxxmovies>
</dir>

<dir>
    <title>Wife</title>
    <fxxxmovies>fxmtag/wife</fxxxmovies>
</dir>

<dir>
    <title>WILDLIFE</title>
    <fxxxmovies>fxmtag/wildlife</fxxxmovies>
</dir>

<dir>
    <title>Will Powers</title>
    <fxxxmovies>fxmtag/will-powers</fxxxmovies>
</dir>

<dir>
    <title>William</title>
    <fxxxmovies>fxmtag/william</fxxxmovies>
</dir>

<dir>
    <title>Willow Hayes</title>
    <fxxxmovies>fxmtag/willow-hayes</fxxxmovies>
</dir>

<dir>
    <title>Winnie</title>
    <fxxxmovies>fxmtag/winnie</fxxxmovies>
</dir>

<dir>
    <title>Winston Burbank</title>
    <fxxxmovies>fxmtag/winston-burbank</fxxxmovies>
</dir>

<dir>
    <title>Wives</title>
    <fxxxmovies>fxmtag/wives</fxxxmovies>
</dir>

<dir>
    <title>Wolf Hudson</title>
    <fxxxmovies>fxmtag/wolf-hudson</fxxxmovies>
</dir>

<dir>
    <title>Woodman Entertainment</title>
    <fxxxmovies>fxmtag/woodman-entertainment</fxxxmovies>
</dir>

<dir>
    <title>Woody Long</title>
    <fxxxmovies>fxmtag/woody-long</fxxxmovies>
</dir>

<dir>
    <title>Wow Pictures</title>
    <fxxxmovies>fxmtag/wow-pictures</fxxxmovies>
</dir>

<dir>
    <title>X-Art</title>
    <fxxxmovies>fxmtag/x-art</fxxxmovies>
</dir>

<dir>
    <title>X Rated</title>
    <fxxxmovies>fxmtag/x-rated</fxxxmovies>
</dir>

<dir>
    <title>X Rated Films</title>
    <fxxxmovies>fxmtag/x-rated-films</fxxxmovies>
</dir>

<dir>
    <title>X-Worx</title>
    <fxxxmovies>fxmtag/x-worx</fxxxmovies>
</dir>

<dir>
    <title>Xander Corvus</title>
    <fxxxmovies>fxmtag/xander-corvus</fxxxmovies>
</dir>

<dir>
    <title>XY Video</title>
    <fxxxmovies>fxmtag/xy-video</fxxxmovies>
</dir>

<dir>
    <title>Yanick Shaft</title>
    <fxxxmovies>fxmtag/yanick-shaft</fxxxmovies>
</dir>

<dir>
    <title>Yasmin</title>
    <fxxxmovies>fxmtag/yasmin</fxxxmovies>
</dir>

<dir>
    <title>Yasmin Scott</title>
    <fxxxmovies>fxmtag/yasmin-scott</fxxxmovies>
</dir>

<dir>
    <title>Yasmine</title>
    <fxxxmovies>fxmtag/yasmine</fxxxmovies>
</dir>

<dir>
    <title>Yasmine De Leon</title>
    <fxxxmovies>fxmtag/yasmine-de-leon</fxxxmovies>
</dir>

<dir>
    <title>Yasmine Gold</title>
    <fxxxmovies>fxmtag/yasmine-gold</fxxxmovies>
</dir>

<dir>
    <title>Yhivi</title>
    <fxxxmovies>fxmtag/yhivi</fxxxmovies>
</dir>

<dir>
    <title>Yoha</title>
    <fxxxmovies>fxmtag/yoha</fxxxmovies>
</dir>

<dir>
    <title>Yoha Galvez</title>
    <fxxxmovies>fxmtag/yoha-galvez</fxxxmovies>
</dir>

<dir>
    <title>Young</title>
    <fxxxmovies>fxmtag/young</fxxxmovies>
</dir>

<dir>
    <title>Young Adults</title>
    <fxxxmovies>fxmtag/young-adults</fxxxmovies>
</dir>

<dir>
    <title>Young Females</title>
    <fxxxmovies>fxmtag/young-females</fxxxmovies>
</dir>

<dir>
    <title>Younger</title>
    <fxxxmovies>fxmtag/younger</fxxxmovies>
</dir>

<dir>
    <title>Younger Older</title>
    <fxxxmovies>fxmtag/younger-older</fxxxmovies>
</dir>

<dir>
    <title>Yulia</title>
    <fxxxmovies>fxmtag/yulia</fxxxmovies>
</dir>

<dir>
    <title>Yuri Luv</title>
    <fxxxmovies>fxmtag/yuri-luv</fxxxmovies>
</dir>

<dir>
    <title>Yurizan Beltran</title>
    <fxxxmovies>fxmtag/yurizan-beltran</fxxxmovies>
</dir>

<dir>
    <title>Yves Baillat</title>
    <fxxxmovies>fxmtag/yves-baillat</fxxxmovies>
</dir>

<dir>
    <title>Yvette</title>
    <fxxxmovies>fxmtag/yvette</fxxxmovies>
</dir>

<dir>
    <title>Yvonne</title>
    <fxxxmovies>fxmtag/yvonne</fxxxmovies>
</dir>

<dir>
    <title>Zafira</title>
    <fxxxmovies>fxmtag/zafira</fxxxmovies>
</dir>

<dir>
    <title>Zana</title>
    <fxxxmovies>fxmtag/zana</fxxxmovies>
</dir>

<dir>
    <title>Zane Entertainment Group</title>
    <fxxxmovies>fxmtag/zane-entertainment-group</fxxxmovies>
</dir>

<dir>
    <title>Zara</title>
    <fxxxmovies>fxmtag/zara</fxxxmovies>
</dir>

<dir>
    <title>Zara Durose</title>
    <fxxxmovies>fxmtag/zara-durose</fxxxmovies>
</dir>

<dir>
    <title>Zara Whites</title>
    <fxxxmovies>fxmtag/zara-whites</fxxxmovies>
</dir>

<dir>
    <title>Zarina</title>
    <fxxxmovies>fxmtag/zarina</fxxxmovies>
</dir>

<dir>
    <title>Zenza Raggi</title>
    <fxxxmovies>fxmtag/zenza-raggi</fxxxmovies>
</dir>

<dir>
    <title>Zero Tolerance</title>
    <fxxxmovies>fxmtag/zero-tolerance</fxxxmovies>
</dir>

<dir>
    <title>Ziggy Star</title>
    <fxxxmovies>fxmtag/ziggy-star</fxxxmovies>
</dir>

<dir>
    <title>Zoe</title>
    <fxxxmovies>fxmtag/zoe</fxxxmovies>
</dir>

<dir>
    <title>Zoe Britton</title>
    <fxxxmovies>fxmtag/zoe-britton</fxxxmovies>
</dir>

<dir>
    <title>Zoe Clark</title>
    <fxxxmovies>fxmtag/zoe-clark</fxxxmovies>
</dir>

<dir>
    <title>Zoe Holloway</title>
    <fxxxmovies>fxmtag/zoe-holloway</fxxxmovies>
</dir>

<dir>
    <title>Zoe Parker</title>
    <fxxxmovies>fxmtag/zoe-parker</fxxxmovies>
</dir>

<dir>
    <title>Zoe Voss</title>
    <fxxxmovies>fxmtag/zoe-voss</fxxxmovies>
</dir>

<dir>
    <title>Zoey Foxx</title>
    <fxxxmovies>fxmtag/zoey-foxx</fxxxmovies>
</dir>

<dir>
    <title>Zoey Holloway</title>
    <fxxxmovies>fxmtag/zoey-holloway</fxxxmovies>
</dir>

<dir>
    <title>Zoey Monroe</title>
    <fxxxmovies>fxmtag/zoey-monroe</fxxxmovies>
</dir>

<dir>
    <title>Zoey Nixon</title>
    <fxxxmovies>fxmtag/zoey-nixon</fxxxmovies>
</dir>

<dir>
    <title>Zuzana</title>
    <fxxxmovies>fxmtag/zuzana</fxxxmovies>
</dir>

<dir>
    <title>Zuzana Z</title>
    <fxxxmovies>fxmtag/zuzana-z</fxxxmovies>
</dir>

<dir>
    <title>Zuzanna</title>
    <fxxxmovies>fxmtag/zuzanna</fxxxmovies>
</dir>

<dir>
    <title>Zwillinge</title>
    <fxxxmovies>fxmtag/zwillinge</fxxxmovies>
</dir>
