<arrakis>
    <eporner>
        <dir>
            <title>0-9</title>
            <link>file://adult/fxxxm/fxxx-0-9.xml</link>
        </dir>

        <dir>
            <title>A-E</title>
            <link>file://adult/fxxxm/fxxx-a-e.xml</link>
        </dir>

        <dir>
            <title>F-J</title>
            <link>file://adult/fxxxm/fxxx-f-j.xml</link>
        </dir>

        <dir>
            <title>K-O</title>
            <link>file://adult/fxxxm/fxxx-k-o.xml</link>
        </dir>

        <dir>
            <title>P-T</title>
            <link>file://adult/fxxxm/fxxx-p-t.xml</link>
        </dir>

        <dir>
            <title>U-Z</title>
            <link>file://adult/fxxxm/fxxx-u-z.xml</link>
        </dir>
    </eporner>
</arrakis>
