<arrakis>
    <naughtyroom>
        <dir>
            <title>Collection of Best Porn</title>
            <meta>
                <title>Collection of Best Porn</title>
                <summary>18+ content, and some of the best there is</summary>
            </meta>
            <link>file://adult/cobp/main.xml</link>
            <thumbnail>special://home/addons/plugin.video.arrakis/resources/media/adult/cobp.png</thumbnail>
        </dir>

        <dir>
            <title>EPorner</title>
            <meta>
                <title>EPorner</title>
                <summary>The famous EPorner site, brought into your kodi</summary>
            </meta>
            <link>file://adult/eporner/main.xml</link>
            <thumbnail>special://home/addons/plugin.video.arrakis/resources/media/adult/eporner.png</thumbnail>
        </dir>

        <dir>
            <title>Full XXX Movies</title>
            <meta>
                <title>Full XXX Movies</title>
                <summary>Full length XXX movies</summary>
            </meta>
            <link>file://adult/fxxxm/main.xml</link>
            <thumbnail>special://home/addons/plugin.video.arrakis/resources/media/spiceroom.png</thumbnail>
        </dir>

        <dir>
            <title>Nude Celebrities</title>
            <meta>
                <title>Nude Celebrities</title>
                <summary>Where the famous become infamous</summary>
            </meta>
            <link>file://adult/cnw/main.xml</link>
            <thumbnail>special://home/addons/plugin.video.arrakis/resources/media/adult/cnw.png</thumbnail>
        </dir>
    </naughtyroom>
</arrakis>