<arrakis>
    <highlights>
        <plugin>
            <title>[ MLB Highlights ]</title>
            <meta>
                <summary>MLB Highlight Channel</summary>
            </meta>
            <link>plugin://plugin.video.youtube/channel/UCoLrcjPV5PbUrUyXq5mjc_A/</link>
            <thumbnail>special://home/addons/plugin.video.arrakis/resources/media/sports/mlb.png</thumbnail>
        </plugin>

        <plugin>
            <title>[ NBA Highlights ]</title>
            <meta>
                <summary>NBA Highlight Channel</summary>
            </meta>
            <link>plugin://plugin.video.youtube/channel/UCWJ2lWNubArHWmf3FIHbfcQ/</link>
            <thumbnail>special://home/addons/plugin.video.arrakis/resources/media/sports/nba.png</thumbnail>
        </plugin>

        <plugin>
            <title>[ NFL Highlights ]</title>
            <meta>
                <summary>NFL Highlight Channel</summary>
            </meta>
            <link>plugin://plugin.video.youtube/channel/UCDVYQ4Zhbm3S2dlz7P1GBDg/</link>
            <thumbnail>special://home/addons/plugin.video.arrakis/resources/media/sports/nfl.png</thumbnail>
        </plugin>

        <plugin>
            <title>[ NHL Highlights ]</title>
            <meta>
                <summary>NHL Highlight Channel</summary>
            </meta>
            <link>plugin://plugin.video.youtube/channel/UCqFMzb-4AUf6WAIbl132QKA/</link>
            <thumbnail>special://home/addons/plugin.video.arrakis/resources/media/sports/NHL.png</thumbnail>
        </plugin>
    </highlights>
</arrakis>
