<arrakis>
    <sportsmain>
        <dir>
            <title>[ Live Sports ]</title>
            <meta>
                <summary>Live Sports Events and Sports Channels. If you can't find it here, you won't find it.</summary>
            </meta>
            <link>file://sports/scrapers.xml</link>
            <thumbnail>special://home/addons/plugin.video.arrakis/resources/media/sports.png</thumbnail>
        </dir>

        <dir>
            <title>[ Highlights ]</title>
            <meta>
                <summary>North American Sports Highlights</summary>
            </meta>
            <link>file://sports/highlights.xml</link>
            <thumbnail>special://home/addons/plugin.video.arrakis/resources/media/sports.png</thumbnail>
        </dir>

        <dir>
            <title>[ MLB Archive ]</title>
            <meta>
                <summary>Major League Baseball Replays</summary>
            </meta>
            <link>file://sports/mlb_archive.xml</link>
            <thumbnail>special://home/addons/plugin.video.arrakis/resources/media/sports/mlbarchive.png</thumbnail>
        </dir>

        <dir>
            <title>[ NBA Archive ]</title>
            <meta>
                <summary>National Basketball Association Replays</summary>
            </meta>
            <link>file://sports/nba_archive.xml</link>
            <thumbnail>special://home/addons/plugin.video.arrakis/resources/media/sports/nbaarchive.png</thumbnail>
        </dir>

        <dir>
            <title>[ NFL Archive ]</title>
            <meta>
                <summary>National Football League Replays</summary>
            </meta>
            <link>file://sports/nfl_archive.xml</link>
            <thumbnail>special://home/addons/plugin.video.arrakis/resources/media/sports/nflarchive.png</thumbnail>
        </dir>

        <dir>
            <title>[ NHL Archive ]</title>
            <meta>
                <summary>National Hockey League Replays</summary>
            </meta>
            <link>file://sports/nhl_archive.xml</link>
            <thumbnail>special://home/addons/plugin.video.arrakis/resources/media/sports/nhlarchive.png</thumbnail>
        </dir>

        <dir>
            <title>[ Motor Archive ]</title>
            <meta>
                <summary>Replays for various motor sport organizations</summary>
            </meta>
            <link>file://sports/moto_archive.xml</link>
            <thumbnail>special://home/addons/plugin.video.arrakis/resources/media/sports.png</thumbnail>
        </dir>
    </sportsmain>
</arrakis>
