<arrakis>
    <motoarchive>
        <dir>
            <title>Motor Sports Archives #1</title>
            <sportshub>sh_moto_one/1/ZnVsbC5yYWNlc0BtYWlsLnJ1</sportshub>
        </dir>

        <dir>
            <title>Motor Sports Archives #2</title>
            <sportshub>sh_moto_one/1/em9ja2VyZG9taW5pa0BpbmJveC5ydQ==</sportshub>
        </dir>

        <dir>
            <title>Motor Sports Archives #3</title>
            <sportshub>sh_moto_one/1/N2J3N0BtYWlsLnJ1</sportshub>
        </dir>

        <dir>
            <title>Motor Sports Archives #4</title>
            <sportshub>sh_moto_one/1/YnVybmluZ3doZWUxc0BtYWlsLnJ1</sportshub>
        </dir>
    </motoarchive>
</arrakis>
