<dir>
    <title>[B][COLORorange]Rick and Morty[/COLOR][/B]</title>
    <wctoon>wcsearch/rick and morty</wctoon>
</dir>

<dir>
    <title>[B][COLORlimegreen]Fugget About It[/COLOR][/B]</title>
    <wctoon>wcsearch/fugget about it</wctoon>
</dir>

<dir>
    <title>[B][COLORorange]The Simpsons[/COLOR][/B]</title>
    <wctoon>wcsearch/the simpsons</wctoon>
</dir>

<dir>
    <title>[B][COLORlimegreen]Camp WWE[/COLOR][/B]</title>
    <wctoon>wcsearch/camp wwe</wctoon>
</dir>

<dir>
    <title>[B][COLORorange]American Dad[/COLOR][/B]</title>
    <wctoon>wcsearch/american dad</wctoon>
</dir>

<dir>
    <title>[B][COLORlimegreen]Looney Tunes[/COLOR][/B]</title>
    <wctoon>wcsearch/looney tunes</wctoon>
</dir>

<dir>
    <title>[B][COLORorange]Johnny Bravo[/COLOR][/B]</title>
    <wctoon>wcsearch/johnny bravo</wctoon>
</dir>

<dir>
    <title>[B][COLORlimegreen]Dungeons and Dragons[/COLOR][/B]</title>
    <wctoon>wcsearch/dungeons and dragons</wctoon>
</dir>

<dir>
    <title>[B][COLORorange]Scooby Doo[/COLOR][/B]</title>
    <wctoon>wcsearch/scooby doo</wctoon>
</dir>

<dir>
    <title>[B][COLORlimegreen]Archie's Weird Mysteries[/COLOR][/B]</title>
    <wctoon>wcsearch/archies weird mysteries</wctoon>
</dir>

<dir>
    <title>[B][COLORorange]Aqua Teen Hunger Force[/COLOR][/B]</title>
    <wctoon>wcsearch/aqua teen hunger force</wctoon>
</dir>

<dir>
    <title>[B][COLORlimegreen]Stargate Infinity[/COLOR][/B]</title>
    <wctoon>wcsearch/stargate</wctoon>
</dir>