<dipshit>
    <wannabe>
		<item>
			<title>Tangled (2010)</title>
			<meta>
				<content>movie</content>
				<imdb>tt0398286</imdb>
				<title>Tangled</title>
				<year>2010</year>
			</meta>
			<link>
				<sublink>searchhd</sublink>
				<sublink>searchsd</sublink>
			</link>
			<thumbnail>https://image.tmdb.org/t/p/w1280/re6AOJbhBk9FIK3knwU6rYlbPDx.jpg</thumbnail>
			<fanart>https://image.tmdb.org/t/p/w1280/uFg02Gt69UM6Ouam4slMdD0s029.jpg</fanart>
		</item>
        <item>
            <title>[COLOR gold]Tarzan[/COLOR]</title>
            <meta>
                <imdb>tt0120855</imdb>
                <content>movie</content>
                <title>Tarzan</title>
                <year>1999</year>
            </meta>
            <link>
                <sublink>searchhd</sublink>
                <sublink>searchsd</sublink>
            </link>
            <thumbnail>https://image.tmdb.org/t/p/w1280/hnTrfKJmnPLMTajHw2RDgv6hVyH.jpg</thumbnail>
            <fanart>https://image.tmdb.org/t/p/w1280/vwS3vyNaD94h4BjLjNvbVOCNfsJ.jpg</fanart>
        </item>
		<item>
			<title>Teenage Mutant Ninja Turtles (1990)</title>
			<meta>
				<content>movie</content>
				<imdb>tt0100758</imdb>
				<title>Teenage Mutant Ninja Turtles</title>
				<year>1990</year>
			</meta>
			<link>
				<sublink>searchhd</sublink>
				<sublink>searchsd</sublink>
			</link>
			<thumbnail>https://image.tmdb.org/t/p/w1280/g5Z3SXrRkQFSfHXTe1BSn7oM5qA.jpg</thumbnail>
			<fanart>https://image.tmdb.org/t/p/w1280/fxjrihPBIsCm5paUlQtR8JjMwvC.jpg</fanart>
		</item>
		<item>
			<title>Teenage Mutant Ninja Turtles II: The Secret of the Ooze (1991)</title>
			<meta>
				<content>movie</content>
				<imdb>tt0103060</imdb>
				<title>Teenage Mutant Ninja Turtles II: The Secret of the Ooze</title>
				<year>1991</year>
			</meta>
			<link>
				<sublink>searchhd</sublink>
				<sublink>searchsd</sublink>
			</link>
			<thumbnail>https://image.tmdb.org/t/p/w1280/HD4LtUw4Ono9tzgwWOhHpHcjkj.jpg</thumbnail>
			<fanart>https://image.tmdb.org/t/p/w1280/mrO3Nn8BWNWiu6Ql76KM7Fx7vMv.jpg</fanart>
		</item>
		<item>
			<title>Tehran Taboo (2017)</title>
			<meta>
				<content>movie</content>
				<imdb>tt5584796</imdb>
				<title>Tehran Taboo</title>
				<year>2017</year>
			</meta>
			<link>
				<sublink>searchhd</sublink>
				<sublink>searchsd</sublink>
			</link>
			<thumbnail>https://image.tmdb.org/t/p/w1280/zVXUv7Mv24JBcIOkTJ0ccfQa9jm.jpg</thumbnail>
			<fanart>https://image.tmdb.org/t/p/w1280/f9LiYiya2FmICusq1t31G1pSKV7.jpg</fanart>
		</item>
        <item>
            <title>[COLOR=white]Toy Story[/COLOR]</title>
            <meta>
                <imdb>tt0114709</imdb>
                <content>movie</content>
                <title>Toy Story</title>
                <year>1995</year>
            </meta>
            <link>
                <sublink>searchhd</sublink>
                <sublink>searchsd</sublink>
            </link>
            <thumbnail>https://image.tmdb.org/t/p/w1280/rhIRbceoE9lR4veEXuwCC2wARtG.jpg</thumbnail>
            <fanart>https://image.tmdb.org/t/p/w1280/dji4Fm0gCDVb9DQQMRvAI8YNnTz.jpg</fanart>
        </item>
        <item>
            <title>[COLOR=white]Toy Story 2[/COLOR]</title>
            <meta>
                <imdb>tt0120363</imdb>
                <content>movie</content>
                <title>Toy Story 2</title>
                <year>1999</year>
            </meta>
            <link>
                <sublink>searchhd</sublink>
                <sublink>searchsd</sublink>
            </link>
            <thumbnail>https://image.tmdb.org/t/p/w1280/3CmK3XurcLeUyMifCR28ibzupbB.jpg</thumbnail>
            <fanart>https://image.tmdb.org/t/p/w1280/9Kjxr4VCU0Y4DAuXkzR2moAy7DK.jpg</fanart>
        </item>
        <item>
            <title>[COLOR=white]Toy Story 3[/COLOR]</title>
            <meta>
                <imdb>tt0435761</imdb>
                <content>movie</content>
                <title>Toy Story 3</title>
                <year>2010</year>
            </meta>
            <link>
                <sublink>searchhd</sublink>
                <sublink>searchsd</sublink>
            </link>
            <thumbnail>https://image.tmdb.org/t/p/w1280/mMltbSxwEdNE4Cv8QYLpzkHWTDo.jpg</thumbnail>
            <fanart>https://image.tmdb.org/t/p/w1280/y2qAjM37QgatWeG84DDtwsZuMW.jpg</fanart>
        </item>
		<item>
			<title>The Addams Family (1991)</title>
			<meta>
				<content>movie</content>
				<imdb>tt0101272</imdb>
				<title>The Addams Family</title>
				<year>1991</year>
			</meta>
			<link>
				<sublink>searchhd</sublink>
				<sublink>searchsd</sublink>
			</link>
			<thumbnail>https://image.tmdb.org/t/p/w1280/ajiQj0jbacMAmPxDU3fP9TeIfTi.jpg</thumbnail>
			<fanart>https://image.tmdb.org/t/p/w1280/QF8QdGN6SJm6A2dvFG0pA3SBV6.jpg</fanart>
		</item>
		<item>
			<title>The Adventures of Tintin (2011)</title>
			<meta>
				<content>movie</content>
				<imdb>tt0983193</imdb>
				<title>The Adventures of Tintin</title>
				<year>2011</year>
			</meta>
			<link>
				<sublink>searchhd</sublink>
				<sublink>searchsd</sublink>
			</link>
			<thumbnail>https://image.tmdb.org/t/p/w1280/3XOaHJARdZIXcd7sgJV24Txp3gf.jpg</thumbnail>
			<fanart>https://image.tmdb.org/t/p/w1280/m3xgF9JiTlfN1rO9hcvTd4PTIQy.jpg</fanart>
		</item>
        <item>
            <title>[COLOR red]The Adventures of Ichabod and Mr. Toad[/COLOR]</title>
            <meta>
                <imdb>tt0041094</imdb>
                <content>movie</content>
                <title>The Adventures of Ichabod and Mr. Toad</title>
                <year>1949</year>
            </meta>
            <link>
                <sublink>searchhd</sublink>
                <sublink>searchsd</sublink>
            </link>
            <thumbnail>https://image.tmdb.org/t/p/w1280/o6GfVkgPaaHJnXNywDLpHJII2tW.jpg</thumbnail>
            <fanart>https://image.tmdb.org/t/p/w1280/fi07BlzQ3HIG8GGljhwtFYjdf9N.jpg</fanart>
        </item>
		<item>
			<title>The Ant Bully (2006)</title>
			<meta>
				<content>movie</content>
				<imdb>tt0429589</imdb>
				<title>The Ant Bully</title>
				<year>2006</year>
			</meta>
			<link>
				<sublink>searchhd</sublink>
				<sublink>searchsd</sublink>
			</link>
			<thumbnail>https://image.tmdb.org/t/p/w1280/tBUlwDCdvYC5aP7DzgcmDgrbfec.jpg</thumbnail>
			<fanart>https://image.tmdb.org/t/p/w1280/gQ1MQIbEjBKTH5TBsnfv2vkMrJb.jpg</fanart>
		</item>
		<item>
			<title>The Animatrix (2003)</title>
			<meta>
				<content>movie</content>
				<imdb>tt0328832</imdb>
				<title>The Animatrix</title>
				<year>2003</year>
			</meta>
			<link>
				<sublink>searchhd</sublink>
				<sublink>searchsd</sublink>
			</link>
			<thumbnail>https://image.tmdb.org/t/p/w1280/1ISkdhJ48PDvETdxjllQ1AswTGv.jpg</thumbnail>
			<fanart>https://image.tmdb.org/t/p/w1280/2xudmFFYabaap82va87odz8FCuG.jpg</fanart>
		</item>
        <item>
            <title>[COLOR gold]The Aristocats[/COLOR]</title>
            <meta>
                <imdb>tt0065421</imdb>
                <content>movie</content>
                <title>The Aristocats</title>
                <year>1970</year>
            </meta>
            <link>
                <sublink>searchhd</sublink>
                <sublink>searchsd</sublink>
            </link>
            <thumbnail>https://image.tmdb.org/t/p/w1280/3LudCahifOrueMklYBxAXY2wpBg.jpg</thumbnail>
            <fanart>https://image.tmdb.org/t/p/w1280/fojdVtSsZa7fXyJQ6w1Exw7GWum.jpg</fanart>
        </item>
        <item>
            <title>[COLOR red]The Black Cauldron[/COLOR]</title>
            <meta>
                <imdb>tt0088814</imdb>
                <content>movie</content>
                <title>The Black Cauldron</title>
                <year>1985</year>
            </meta>
            <link>
                <sublink>searchhd</sublink>
                <sublink>searchsd</sublink>
            </link>
            <thumbnail>https://image.tmdb.org/t/p/w1280/ul51Bblm9tSaUh0vvhTRLW9xmJo.jpg</thumbnail>
            <fanart>https://image.tmdb.org/t/p/w1280/uGgOTNflRFixvKB3RKVOwSNf90m.jpg</fanart>
        </item>
		<item>
			<title>The Book of Life (2014)</title>
			<meta>
				<content>movie</content>
				<imdb>tt2262227</imdb>
				<title>The Book of Life</title>
				<year>2014</year>
			</meta>
			<link>
				<sublink>searchhd</sublink>
				<sublink>searchsd</sublink>
			</link>
			<thumbnail>https://image.tmdb.org/t/p/w1280/5B4lKHSQAtT1FSEfbjJkQ8ylxAY.jpg</thumbnail>
			<fanart>https://image.tmdb.org/t/p/w1280/lVshZpxU5EB8zXJrnXxblaDps6m.jpg</fanart>
		</item>
        <item>
            <title>[COLOR red]The Boss Baby[/COLOR]</title>
            <meta>
                <imdb>tt3874544</imdb>
                <content>movie</content>
                <title>The Boss Baby</title>
                <year>2017</year>
            </meta>
            <link>
                <sublink>searchhd</sublink>
                <sublink>searchsd</sublink>
            </link>
            <thumbnail>https://image.tmdb.org/t/p/w1280/unPB1iyEeTBcKiLg8W083rlViFH.jpg</thumbnail>
            <fanart>https://image.tmdb.org/t/p/w1280/8keMlLuzB9XIUBnbdEq5DCqZdHQ.jpg</fanart>
        </item>
		<item>
			<title>The Boxtrolls (2014)</title>
			<meta>
				<content>movie</content>
				<imdb>tt0787474</imdb>
				<title>The Boxtrolls</title>
				<year>2014</year>
			</meta>
			<link>
				<sublink>searchhd</sublink>
				<sublink>searchsd</sublink>
			</link>
			<thumbnail>https://image.tmdb.org/t/p/w1280/82BWSf1NfCm18ZJtAOIym1QRd24.jpg</thumbnail>
			<fanart>https://image.tmdb.org/t/p/w1280/AkvG7Ujjlughd34hOIhQSeC6RBZ.jpg</fanart>
		</item>
		<item>
			<title>The Breadwinner (2017)</title>
			<meta>
				<content>movie</content>
				<imdb>tt3901826</imdb>
				<title>The Breadwinner</title>
				<year>2017</year>
			</meta>
			<link>
				<sublink>searchhd</sublink>
				<sublink>searchsd</sublink>
			</link>
			<thumbnail>https://image.tmdb.org/t/p/w1280/2d6qmkJz9AWqmk9wBWtd2uFX89t.jpg</thumbnail>
			<fanart>https://image.tmdb.org/t/p/w1280/idXJ0W4N47Zc97ZTGC2shdlCNQw.jpg</fanart>
		</item>
		<item>
			<title>The Croods (2013)</title>
			<meta>
				<content>movie</content>
				<imdb>tt0481499</imdb>
				<title>The Croods</title>
				<year>2013</year>
			</meta>
			<link>
				<sublink>searchhd</sublink>
				<sublink>searchsd</sublink>
			</link>
			<thumbnail>https://image.tmdb.org/t/p/w1280/eHi3Nbgh6Cs2KiIyEMF4Ig4CdjX.jpg</thumbnail>
			<fanart>https://image.tmdb.org/t/p/w1280/vg2hf8eAZhULxtQRS87CbrH2WMQ.jpg</fanart>
		</item>
		<item>
			<title>The Curse of the Were-Rabbit (2005)</title>
			<meta>
				<content>movie</content>
				<imdb>tt0312004</imdb>
				<title>The Curse of the Were-Rabbit</title>
				<year>2005</year>
			</meta>
			<link>
				<sublink>searchhd</sublink>
				<sublink>searchsd</sublink>
			</link>
			<thumbnail>https://image.tmdb.org/t/p/w1280/tLryx0x9TDV5rifA9W8yUvDZFHB.jpg</thumbnail>
			<fanart>https://image.tmdb.org/t/p/w1280/v45E1vDhPp2hc1dEZx5KZuRsSxX.jpg</fanart>
		</item>
		<item>
			<title>The Dark Crystal (1982)</title>
			<meta>
				<content>movie</content>
				<imdb>tt0083791</imdb>
				<title>The Dark Crystal</title>
				<year>1982</year>
			</meta>
			<link>
				<sublink>searchhd</sublink>
				<sublink>searchsd</sublink>
			</link>
			<thumbnail>https://image.tmdb.org/t/p/w1280/enCcF48dvT16O2ixGRslU4mPjO7.jpg</thumbnail>
			<fanart>https://image.tmdb.org/t/p/w1280/lQBbbNOUvFVlKciHBGp8bNqZKbx.jpg</fanart>
		</item>
		<item>
			<title>The Death of Superman</title>
			<meta>
				<imdb>tt7167658</imdb>
				<content>movie</content>
				<title>The Death of Superman</title>
				<year>2018</year>
			</meta>
			<link>
				<sublink>https://rapidgator.net/file/79066d4b500b6325d8a6f2f64bd19698/The.Death.of.Superman.2018.1080p.WEB-DL.H264.AC3-EVO.mkv.html (1080P Real Debrid)</sublink>
				<sublink>http://uploaded.net/file/hfin6bpm/The.Death.of.Superman.2018.1080p.WEB-DL.H264.AC3-EVO.mkv (1080P)</sublink>
				<sublink>searchhd</sublink>
			</link>
			<thumbnail>https://image.tmdb.org/t/p/w1280//y0uxSHaSFmt6XaBJgjkeLqe7aM.jpg</thumbnail>
			<fanart>https://image.tmdb.org/t/p/w1280//9FdCHAV2YzndUR7tYWIq8O9uvVv.jpg</fanart>
		</item>
		<item>
			<title>The Emperor's New Groove (2000)</title>
			<meta>
				<content>movie</content>
				<imdb>tt0120917</imdb>
				<title>The Emperor's New Groove</title>
				<year>2000</year>
			</meta>
			<link>
				<sublink>searchhd</sublink>
				<sublink>searchsd</sublink>
			</link>
			<thumbnail>https://image.tmdb.org/t/p/w1280/rbgOxT446Wb0c4dJC4iLKgxtW1U.jpg</thumbnail>
			<fanart>https://image.tmdb.org/t/p/w1280/wWzZUuvl17RU7rlPwTsG5y1wgxi.jpg</fanart>
		</item>
        <item>
            <title>[COLOR red]The Fox and the Hound[/COLOR]</title>
            <meta>
                <imdb>tt0082406</imdb>
                <content>movie</content>
                <title>The Fox and the Hound</title>
                <year>1981</year>
            </meta>
            <link>
                <sublink>searchhd</sublink>
                <sublink>searchsd</sublink>
            </link>
            <thumbnail>https://image.tmdb.org/t/p/w1280/hDXg3U4eCxuqvrb7BEDXj2tAsdK.jpg</thumbnail>
            <fanart>https://image.tmdb.org/t/p/w1280/i6JYzuTiCDLF1gC3oufEalwJAQ9.jpg</fanart>
        </item>
		<item>
			<title>The Goonies (1985)</title>
			<meta>
				<content>movie</content>
				<imdb>tt0089218</imdb>
				<title>The Goonies</title>
				<year>1985</year>
			</meta>
			<link>
				<sublink>searchhd</sublink>
				<sublink>searchsd</sublink>
			</link>
			<thumbnail>https://image.tmdb.org/t/p/w1280/bZUbpjwnarSHJK40W9sGpyedWhx.jpg</thumbnail>
			<fanart>https://image.tmdb.org/t/p/w1280/qKeyO9gXaaK0g87tvvqOPK1siwc.jpg</fanart>
		</item>
		<item>
			<title>The Good Dinosaur (2015)</title>
			<meta>
				<content>movie</content>
				<imdb>tt1979388</imdb>
				<title>The Good Dinosaur</title>
				<year>2015</year>
			</meta>
			<link>
				<sublink>searchhd</sublink>
				<sublink>searchsd</sublink>
			</link>
			<thumbnail>https://image.tmdb.org/t/p/w1280/2ZckiMTfSkCep2JTtZbr73tnQbN.jpg</thumbnail>
			<fanart>https://image.tmdb.org/t/p/w1280/pDuD96Fz0ZZXf9buEvRu1UQsmFT.jpg</fanart>
		</item>
        <item>
            <title>[COLOR gold]The Great Mouse Detective[/COLOR]</title>
            <meta>
                <imdb>tt0091149</imdb>
                <content>movie</content>
                <title>The Great Mouse Detective</title>
                <year>1986</year>
            </meta>
            <link>
                <sublink>searchhd</sublink>
                <sublink>searchsd</sublink>
            </link>
            <thumbnail>https://image.tmdb.org/t/p/w1280/7p2ekrptHyB2qPLwVkq7vvZL7mz.jpg</thumbnail>
            <fanart>https://image.tmdb.org/t/p/w1280/A0enTetqBfL3UqLPyg0MONLQDXN.jpg</fanart>
        </item>
        <item>
            <title>[COLOR red]The Hunchback of Notre Dame[/COLOR]</title>
            <meta>
                <imdb>tt0116583</imdb>
                <content>movie</content>
                <title>The Hunchback of Notre Dame</title>
                <year>1996</year>
            </meta>
            <link>
                <sublink>searchhd</sublink>
                <sublink>searchsd</sublink>
            </link>
            <thumbnail>https://image.tmdb.org/t/p/w1280/gpMXF2Bp7GHTT8GbMgf7yuBEyuV.jpg</thumbnail>
            <fanart>https://image.tmdb.org/t/p/w1280/cHada6eEf0hCOr25paU9YEt6N6l.jpg</fanart>
        </item>
		<item>
			<title>The Incredibles (2004)</title>
			<meta>
				<content>movie</content>
				<imdb>tt0317705</imdb>
				<title>The Incredibles</title>
				<year>2004</year>
			</meta>
			<link>
				<sublink>searchhd</sublink>
				<sublink>searchsd</sublink>
			</link>
			<thumbnail>https://image.tmdb.org/t/p/w1280/2LqaLgk4Z226KkgPJuiOQ58wvrm.jpg</thumbnail>
			<fanart>https://image.tmdb.org/t/p/w1280/wiDGnsn9RtNglgKQy4J1jZQBG5v.jpg</fanart>
		</item>
		<item>
			<title>The Iron Giant (1999)</title>
			<meta>
				<content>movie</content>
				<imdb>tt0129167</imdb>
				<title>The Iron Giant</title>
				<year>1999</year>
			</meta>
			<link>
				<sublink>searchhd</sublink>
				<sublink>searchsd</sublink>
			</link>
			<thumbnail>https://image.tmdb.org/t/p/w1280/rdN6IjV4xlDDhrT8ewkkJfPvp2e.jpg</thumbnail>
			<fanart>https://image.tmdb.org/t/p/w1280/11XLucJQvdgtchSfO0ZTbo966pp.jpg</fanart>
		</item>
        <item>
            <title>[COLOR gold]The Jungle Book[/COLOR]</title>
            <meta>
                <imdb>tt0061852</imdb>
                <content>movie</content>
                <title>The Jungle Book</title>
                <year>1967</year>
            </meta>
            <link>
                <sublink>searchhd</sublink>
                <sublink>searchsd</sublink>
            </link>
            <thumbnail>https://image.tmdb.org/t/p/w1280/1AreNcL9s24Qfghbzomy0IlzCFk.jpg</thumbnail>
            <fanart>https://image.tmdb.org/t/p/w1280/pfSLaXhojt0cNU6lWRGxvbQ2HWi.jpg</fanart>
        </item>
		<item>
			<title>The Land Before Time (1988)</title>
			<meta>
				<content>movie</content>
				<imdb>tt0095489</imdb>
				<title>The Land Before Time</title>
				<year>1988</year>
			</meta>
			<link>
				<sublink>searchhd</sublink>
				<sublink>searchsd</sublink>
			</link>
			<thumbnail>https://image.tmdb.org/t/p/w1280/8YMjnTP9tL5Xj8eOfXii8bsikDM.jpg</thumbnail>
			<fanart>https://image.tmdb.org/t/p/w1280/t9svFw203MlNfgWb62HEHsrUxTt.jpg</fanart>
		</item>
		<item>
			<title>The Last Airbender (2010)</title>
			<meta>
				<content>movie</content>
				<imdb>tt0938283</imdb>
				<title>The Last Airbender</title>
				<year>2010</year>
			</meta>
			<link>
				<sublink>searchhd</sublink>
				<sublink>searchsd</sublink>
			</link>
			<thumbnail>https://image.tmdb.org/t/p/w1280/zgwRTYWEEPivTwjB9S03HtmMcbM.jpg</thumbnail>
			<fanart>https://image.tmdb.org/t/p/w1280/pKf721WaYpxEdISJ9LYg23fd3wM.jpg</fanart>
		</item>
		<item>
			<title>The Last Starfighter (1984)</title>
			<meta>
				<content>movie</content>
				<imdb>tt0087597</imdb>
				<title>The Last Starfighter</title>
				<year>1984</year>
			</meta>
			<link>
				<sublink>searchhd</sublink>
				<sublink>searchsd</sublink>
			</link>
			<thumbnail>https://image.tmdb.org/t/p/w1280/an1H0DPADLDlEsiUy8vE9AWqrhm.jpg</thumbnail>
			<fanart>https://image.tmdb.org/t/p/w1280/41mTvUFC5qtrAI12kQbgxw3Zig.jpg</fanart>
		</item>
		<item>
			<title>The Last Unicorn (1982)</title>
			<meta>
				<content>movie</content>
				<imdb>tt0084237</imdb>
				<title>The Last Unicorn</title>
				<year>1982</year>
			</meta>
			<link>
				<sublink>searchhd</sublink>
				<sublink>searchsd</sublink>
			</link>
			<thumbnail>https://image.tmdb.org/t/p/w1280/m8HUHltLUdPBzsMKY3U7evgkQVX.jpg</thumbnail>
			<fanart>https://image.tmdb.org/t/p/w1280/vvM6rA4Be344964qmyX45DI1Dck.jpg</fanart>
		</item>
		<item>
			<title>The Lego Batman Movie (2017)</title>
			<meta>
				<content>movie</content>
				<imdb>tt4116284</imdb>
				<title>The Lego Batman Movie</title>
				<year>2017</year>
			</meta>
			<link>
				<sublink>searchhd</sublink>
				<sublink>searchsd</sublink>
			</link>
			<thumbnail>https://image.tmdb.org/t/p/w1280/1pHOqpdCYNmtRVJs6pGKQKttrPm.jpg</thumbnail>
			<fanart>https://image.tmdb.org/t/p/w1280/jqnbac3oind5VOcAN0mTXyapOGh.jpg</fanart>
		</item>
		<item>
			<title>The Lego Movie (2014)</title>
			<meta>
				<content>movie</content>
				<imdb>tt1490017</imdb>
				<title>The Lego Movie</title>
				<year>2014</year>
			</meta>
			<link>
				<sublink>searchhd</sublink>
				<sublink>searchsd</sublink>
			</link>
			<thumbnail>https://image.tmdb.org/t/p/w1280/lMHbadNmznKs5vgBAkHxKGHulOa.jpg</thumbnail>
			<fanart>https://image.tmdb.org/t/p/w1280/ef7HMjpN36vrgwrkTmtVasbU3Xo.jpg</fanart>
		</item>
        <item>
            <title>[COLOR red]The Lion King[/COLOR]</title>
            <meta>
                <imdb>tt0110357</imdb>
                <content>movie</content>
                <title>The Lion King</title>
                <year>1994</year>
            </meta>
            <link>
                <sublink>searchhd</sublink>
                <sublink>searchsd</sublink>
            </link>
            <thumbnail>https://image.tmdb.org/t/p/w1280/bKPtXn9n4M4s8vvZrbw40mYsefB.jpg</thumbnail>
            <fanart>https://image.tmdb.org/t/p/w1280/6lL49SOgBtqiXMs7Y5HWBYH3X9Z.jpg</fanart>
        </item>
        <item>
            <title>[COLOR gold]The Little Mermaid[/COLOR]</title>
            <meta>
                <imdb>tt0097757</imdb>
                <content>movie</content>
                <title>The Little Mermaid</title>
                <year>1989</year>
            </meta>
            <link>
                <sublink>searchhd</sublink>
                <sublink>searchsd</sublink>
            </link>
            <thumbnail>https://image.tmdb.org/t/p/w1280/ivdzLXCVgPUyjphKbbB40z8FQp8.jpg</thumbnail>
            <fanart>https://image.tmdb.org/t/p/w1280/h62PZCsfuiCD3JvkXmGqrUpnHJL.jpg</fanart>
        </item>
		<item>
			<title>The Little Rascals (1994)</title>
			<meta>
				<content>movie</content>
				<imdb>tt0110366</imdb>
				<title>The Little Rascals</title>
				<year>1994</year>
			</meta>
			<link>
				<sublink>searchhd</sublink>
				<sublink>searchsd</sublink>
			</link>
			<thumbnail>https://image.tmdb.org/t/p/w1280/bYpc0diOR3nk9yZeDXEHmsjuKjI.jpg</thumbnail>
			<fanart>https://image.tmdb.org/t/p/w1280/yJVSn0DrkxZQJ1nD5Hgy8ygidyj.jpg</fanart>
		</item>
		<item>
			<title>The Lizzie McGuire Movie (2003)</title>
			<meta>
				<content>movie</content>
				<imdb>tt0306841</imdb>
				<title>The Lizzie McGuire Movie</title>
				<year>2003</year>
			</meta>
			<link>
				<sublink>searchhd</sublink>
				<sublink>searchsd</sublink>
			</link>
			<thumbnail>https://image.tmdb.org/t/p/w1280/6NGgmSdOJlXCnna37NqDvawyqQw.jpg</thumbnail>
			<fanart>https://image.tmdb.org/t/p/w1280/tb58JOntF2KZdNOmgFUyCEqGUmz.jpg</fanart>
		</item>
		<item>
			<title>The Lorax (2012)</title>
			<meta>
				<content>movie</content>
				<imdb>tt1482459</imdb>
				<title>The Lorax</title>
				<year>2012</year>
			</meta>
			<link>
				<sublink>searchhd</sublink>
				<sublink>searchsd</sublink>
			</link>
			<thumbnail>https://image.tmdb.org/t/p/w1280/6FuYtjegxaUv7n7C733hUEOQytR.jpg</thumbnail>
			<fanart>https://image.tmdb.org/t/p/w1280/7CuXAFUWcOlR5kt07ln1fZDxdHX.jpg</fanart>
		</item>
		<item>
			<title>The Lord of the Rings (1978)</title>
			<meta>
				<content>movie</content>
				<imdb>tt0077869</imdb>
				<title>The Lord of the Rings</title>
				<year>1978</year>
			</meta>
			<link>
				<sublink>searchhd</sublink>
				<sublink>searchsd</sublink>
			</link>
			<thumbnail>https://image.tmdb.org/t/p/w1280/1l3WpoF7TX9pOprX4XepCXjQXUV.jpg</thumbnail>
			<fanart>https://image.tmdb.org/t/p/w1280/8HqSxB9VLJkbRXRdlocbLq9wxwY.jpg</fanart>
		</item>
		<item>
			<title>The Many Adventures of Winnie the Pooh (1977)</title>
			<meta>
				<content>movie</content>
				<imdb>tt0076363</imdb>
				<title>The Many Adventures of Winnie the Pooh</title>
				<year>1977</year>
			</meta>
			<link>
				<sublink>searchhd</sublink>
				<sublink>searchsd</sublink>
			</link>
			<thumbnail>https://image.tmdb.org/t/p/w1280/nY20DcOFZFYflHT2Li5Y7kac0Sv.jpg</thumbnail>
			<fanart>https://image.tmdb.org/t/p/w1280/lSY6fPzIaYS6wvbXQP9uU9y2njf.jpg</fanart>
		</item>
		<item>
			<title>The Mighty Ducks (1992)</title>
			<meta>
				<content>movie</content>
				<imdb>tt0104868</imdb>
				<title>The Mighty Ducks</title>
				<year>1992</year>
			</meta>
			<link>
				<sublink>searchhd</sublink>
				<sublink>searchsd</sublink>
			</link>
			<thumbnail>https://image.tmdb.org/t/p/w1280/4qXfjDlDEGuN3xRNawh4WZo5o96.jpg</thumbnail>
			<fanart>https://image.tmdb.org/t/p/w1280/jbREFnhxvVFCfgdMLkcI7Fb3Hz7.jpg</fanart>
		</item>
		<item>
			<title>The NeverEnding Story (1984)</title>
			<meta>
				<content>movie</content>
				<imdb>tt0088323</imdb>
				<title>The NeverEnding Story</title>
				<year>1984</year>
			</meta>
			<link>
				<sublink>searchhd</sublink>
				<sublink>searchsd</sublink>
			</link>
			<thumbnail>https://image.tmdb.org/t/p/w1280/xnOK0p3PHwLw6C5tEkYY8xJR8zK.jpg</thumbnail>
			<fanart>https://image.tmdb.org/t/p/w1280/sG3Du3Ha6rGeSzFfXme1nh8S2Jl.jpg</fanart>
		</item>
		<item>
			<title>The Nightmare Before Christmas (1993)</title>
			<meta>
				<content>movie</content>
				<imdb>tt0107688</imdb>
				<title>The Nightmare Before Christmas</title>
				<year>1993</year>
			</meta>
			<link>
				<sublink>searchhd</sublink>
				<sublink>searchsd</sublink>
			</link>
			<thumbnail>https://image.tmdb.org/t/p/w1280/6oxkO1VgKCq74fNILKAg6t2dVEt.jpg</thumbnail>
			<fanart>https://image.tmdb.org/t/p/w1280/8MzrNA4WMwgKnGzOzqFZpa9gEhm.jpg</fanart>
		</item>
		<item>
			<title>The Peanuts Movie (2015)</title>
			<meta>
				<content>movie</content>
				<imdb>tt2452042</imdb>
				<title>The Peanuts Movie</title>
				<year>2015</year>
			</meta>
			<link>
				<sublink>searchhd</sublink>
				<sublink>searchsd</sublink>
			</link>
			<thumbnail>https://image.tmdb.org/t/p/w1280/8Riryt5HqjAjLDeIayBSAOtxUKL.jpg</thumbnail>
			<fanart>https://image.tmdb.org/t/p/w1280/yVDp8IjrZOp8MrAHc6ruWtNTsOC.jpg</fanart>
		</item>
		<item>
			<title>The Pirates! In an Adventure with Scientists! (2012)</title>
			<meta>
				<content>movie</content>
				<imdb>tt1430626</imdb>
				<title>The Pirates! In an Adventure with Scientists!</title>
				<year>2012</year>
			</meta>
			<link>
				<sublink>searchhd</sublink>
				<sublink>searchsd</sublink>
			</link>
			<thumbnail>https://image.tmdb.org/t/p/w1280/w5NquAU73QRayUB4ZfF6F6eyY2e.jpg</thumbnail>
			<fanart>https://image.tmdb.org/t/p/w1280/yJT2JCdjtuH5K202bC4YL0wOYD2.jpg</fanart>
		</item>
		<item>
			<title>The Polar Express (2004)</title>
			<meta>
				<content>movie</content>
				<imdb>tt0338348</imdb>
				<title>The Polar Express</title>
				<year>2004</year>
			</meta>
			<link>
				<sublink>searchhd</sublink>
				<sublink>searchsd</sublink>
			</link>
			<thumbnail>https://image.tmdb.org/t/p/w1280/2NETsNUxcfBdKtq3W5YbT9O03Ak.jpg</thumbnail>
			<fanart>https://image.tmdb.org/t/p/w1280/AcXCaPRB037DZoZZ2cJzRSxrNBP.jpg</fanart>
		</item>
        <item>
            <title>[COLOR red]The Prince of Egypt[/COLOR]</title>
            <meta>
                <imdb>tt0120794</imdb>
                <content>movie</content>
                <title>The Prince of Egypt</title>
                <year>1998</year>
            </meta>
            <link>
                <sublink>searchhd</sublink>
                <sublink>searchsd</sublink>
            </link>
            <thumbnail>https://image.tmdb.org/t/p/w1280/wD34ls2faCrj8YvFViEaPfBtBEe.jpg</thumbnail>
            <fanart>https://image.tmdb.org/t/p/w1280/1yB6o6L5DLteeraLhz5Q0buBm6i.jpg</fanart>
        </item>
		<item>
			<title>The Princess Bride (1987)</title>
			<meta>
				<content>movie</content>
				<imdb>tt0093779</imdb>
				<title>The Princess Bride</title>
				<year>1987</year>
			</meta>
			<link>
				<sublink>searchhd</sublink>
				<sublink>searchsd</sublink>
			</link>
			<thumbnail>https://image.tmdb.org/t/p/w1280/gpxjoE0yvRwIhFEJgNArtKtaN7S.jpg</thumbnail>
			<fanart>https://image.tmdb.org/t/p/w1280/o2gEauGHuMbWST0dDfgQWsxpx7Q.jpg</fanart>
		</item>
		<item>
			<title>The Princess and the Frog (2009)</title>
			<meta>
				<content>movie</content>
				<imdb>tt0780521</imdb>
				<title>The Princess and the Frog</title>
				<year>2009</year>
			</meta>
			<link>
				<sublink>searchhd</sublink>
				<sublink>searchsd</sublink>
			</link>
			<thumbnail>https://image.tmdb.org/t/p/w1280/bVRHirC6uIZL9VtRqYRxdedYnOG.jpg</thumbnail>
			<fanart>https://image.tmdb.org/t/p/w1280/1lwFk4K21cx0QIdmVDDF1qyLmTm.jpg</fanart>
		</item>
        <item>
            <title>[COLOR gold]The Rescuers[/COLOR]</title>
            <meta>
                <imdb>tt0076618</imdb>
                <content>movie</content>
                <title>The Rescuers</title>
                <year>1977</year>
            </meta>
            <link>
                <sublink>searchhd</sublink>
                <sublink>searchsd</sublink>
            </link>
            <thumbnail>https://image.tmdb.org/t/p/w1280/gCJuDViPCEuHVmoZUvhOj1jyqfV.jpg</thumbnail>
            <fanart>https://image.tmdb.org/t/p/w1280/8kVDTCCrcN2twIJZpkTNfG3df85.jpg</fanart>
        </item>
        <item>
            <title>[COLOR gold]The Road to El Dorado[/COLOR]</title>
            <meta>
                <imdb>tt0138749</imdb>
                <content>movie</content>
                <title>The Road to El Dorado</title>
                <year>2000</year>
            </meta>
            <link>
                <sublink>searchhd</sublink>
                <sublink>searchsd</sublink>
            </link>
            <thumbnail>https://image.tmdb.org/t/p/w1280/lQnNNjT4yW3i2rmQhGibiPBnc6e.jpg</thumbnail>
            <fanart>https://image.tmdb.org/t/p/w1280/wO94ht5j5LpFoXeQomW0ItbOfsE.jpg</fanart>
        </item>
        <item>
            <title>[COLOR red]The Rescuers Down Under[/COLOR]</title>
            <meta>
                <imdb>tt0100477</imdb>
                <content>movie</content>
                <title>The Rescuers Down Under</title>
                <year>1990</year>
            </meta>
            <link>
                <sublink>searchhd</sublink>
                <sublink>searchsd</sublink>
            </link>
            <thumbnail>https://image.tmdb.org/t/p/w1280/mpIIgBqdthvx2oVwiCFHZhOUOuv.jpg</thumbnail>
            <fanart>https://image.tmdb.org/t/p/w1280/jCbLi7MXY7mO22WO6dVta2fCPmV.jpg</fanart>
        </item>
		<item>
			<title>The Sandlot (1993)</title>
			<meta>
				<content>movie</content>
				<imdb>tt0108037</imdb>
				<title>The Sandlot</title>
				<year>1993</year>
			</meta>
			<link>
				<sublink>searchhd</sublink>
				<sublink>searchsd</sublink>
			</link>
			<thumbnail>https://image.tmdb.org/t/p/w1280/fKJUQrAm5QbVR5DqgH9U5IflHGQ.jpg</thumbnail>
			<fanart>https://image.tmdb.org/t/p/w1280/m6kXoIPsU2zkvpA08pbJ3klRSW6.jpg</fanart>
		</item>
		<item>
			<title>The Secret Garden (1993)</title>
			<meta>
				<content>movie</content>
				<imdb>tt0108071</imdb>
				<title>The Secret Garden</title>
				<year>1993</year>
			</meta>
			<link>
				<sublink>searchhd</sublink>
				<sublink>searchsd</sublink>
			</link>
			<thumbnail>https://image.tmdb.org/t/p/w1280/u0viU22u7ABDESyoPMcvM2jr4hJ.jpg</thumbnail>
			<fanart>https://image.tmdb.org/t/p/w1280/zDXBA5yaxfPCnRT2y4if5w9rxLX.jpg</fanart>
		</item>
		<item>
			<title>The Secret of Kells (2009)</title>
			<meta>
				<content>movie</content>
				<imdb>tt0485601</imdb>
				<title>The Secret of Kells</title>
				<year>2009</year>
			</meta>
			<link>
				<sublink>searchhd</sublink>
				<sublink>searchsd</sublink>
			</link>
			<thumbnail>https://image.tmdb.org/t/p/w1280/hTmIGCqLKKUoEKJYOAJJau8mgne.jpg</thumbnail>
			<fanart>https://image.tmdb.org/t/p/w1280/i9KqqGDw6aOOxtQDdzP4xHmjyHT.jpg</fanart>
		</item>
		<item>
			<title>The Secret Life of Pets (2016)</title>
			<meta>
				<content>movie</content>
				<imdb>tt2709768</imdb>
				<title>The Secret Life of Pets</title>
				<year>2016</year>
			</meta>
			<link>
				<sublink>searchhd</sublink>
				<sublink>searchsd</sublink>
			</link>
			<thumbnail>https://image.tmdb.org/t/p/w1280/WLQN5aiQG8wc9SeKwixW7pAR8K.jpg</thumbnail>
			<fanart>https://image.tmdb.org/t/p/w1280/lubzBMQLLmG88CLQ4F3TxZr2Q7N.jpg</fanart>
		</item>
		<item>
			<title>The Secret of NIMH (1982)</title>
			<meta>
				<content>movie</content>
				<imdb>tt0084649</imdb>
				<title>The Secret of NIMH</title>
				<year>1982</year>
			</meta>
			<link>
				<sublink>searchhd</sublink>
				<sublink>searchsd</sublink>
			</link>
			<thumbnail>https://image.tmdb.org/t/p/w1280/qXvgbM2cIjkoOPgzxn0hwiSUqk6.jpg</thumbnail>
			<fanart>https://image.tmdb.org/t/p/w1280/eKpqOVmANBixi8y2hHMGa5OWGU8.jpg</fanart>
		</item>
		<item>
			<title>The Simpsons Movie (2007)</title>
			<meta>
				<content>movie</content>
				<imdb>tt0462538</imdb>
				<title>The Simpsons Movie</title>
				<year>2007</year>
			</meta>
			<link>
				<sublink>searchhd</sublink>
				<sublink>searchsd</sublink>
			</link>
			<thumbnail>https://image.tmdb.org/t/p/w1280/eCytnEriVur3rT47NWfkgPXD9qs.jpg</thumbnail>
			<fanart>https://image.tmdb.org/t/p/w1280/gMjtdTP6HIi7CDilqXwnX8vouxO.jpg</fanart>
		</item>
		<item>
			<title>The Smurfs (2011)</title>
			<meta>
				<content>movie</content>
				<imdb>tt0472181</imdb>
				<title>The Smurfs</title>
				<year>2011</year>
			</meta>
			<link>
				<sublink>searchhd</sublink>
				<sublink>searchsd</sublink>
			</link>
			<thumbnail>https://image.tmdb.org/t/p/w1280/ntP7anZWyi7TxFARKp78bHTLEVr.jpg</thumbnail>
			<fanart>https://image.tmdb.org/t/p/w1280/wDWtimW82b1Fo2DwkxAt3aCi8KT.jpg</fanart>
		</item>
		<item>
			<title>The SpongeBob SquarePants Movie (2004)</title>
			<meta>
				<content>movie</content>
				<imdb>tt0345950</imdb>
				<title>The SpongeBob SquarePants Movie</title>
				<year>2004</year>
			</meta>
			<link>
				<sublink>searchhd</sublink>
				<sublink>searchsd</sublink>
			</link>
			<thumbnail>https://image.tmdb.org/t/p/w1280/9NsjFw5NEBppIb7KUDQa4010jKT.jpg</thumbnail>
			<fanart>https://image.tmdb.org/t/p/w1280/lTPaBrhOihzT03u4xYdAKnmX0uV.jpg</fanart>
		</item>
		<item>
			<title>The SpongeBob Movie: Sponge Out of Water (2015)</title>
			<meta>
				<content>movie</content>
				<imdb>tt2279373</imdb>
				<title>The SpongeBob Movie: Sponge Out of Water</title>
				<year>2015</year>
			</meta>
			<link>
				<sublink>searchhd</sublink>
				<sublink>searchsd</sublink>
			</link>
			<thumbnail>https://image.tmdb.org/t/p/w1280/9wChSuUoQDiBKUnGTcYMkzRha60.jpg</thumbnail>
			<fanart>https://image.tmdb.org/t/p/w1280/1WNayre36yQ2ZBNXzXksQotoK25.jpg</fanart>
		</item>
        <item>
            <title>[COLOR gold]The Sword in the Stone[/COLOR]</title>
            <meta>
                <imdb>tt0057546</imdb>
                <content>movie</content>
                <title>The Sword in the Stone</title>
                <year>1963</year>
            </meta>
            <link>
                <sublink>searchhd</sublink>
                <sublink>searchsd</sublink>
            </link>
            <thumbnail>https://image.tmdb.org/t/p/w1280/wZyRYmYrAWNiFhXohp4Ly8svpJH.jpg</thumbnail>
            <fanart>https://image.tmdb.org/t/p/w1280/nFM5i0ur7XstB9WvvkPX6QGPq86.jpg</fanart>
        </item>
		<item>
			<title>The Tale of Despereaux (2008)</title>
			<meta>
				<content>movie</content>
				<imdb>tt0420238</imdb>
				<title>The Tale of Despereaux</title>
				<year>2008</year>
			</meta>
			<link>
				<sublink>searchhd</sublink>
				<sublink>searchsd</sublink>
			</link>
			<thumbnail>https://image.tmdb.org/t/p/w1280/8Nge4rXAQzU5w9U8OvnXuuJltL9.jpg</thumbnail>
			<fanart>https://image.tmdb.org/t/p/w1280/3ZmsKrY96jFXtpOIpYOsJD8pEXF.jpg</fanart>
		</item>
        <item>
            <title>[COLOR red]The Three Caballeros[/COLOR]</title>
            <meta>
                <imdb>none</imdb>
                <content>movie</content>
                <title>The Three Caballeros</title>
                <year>1944</year>
            </meta>
            <link>
                <sublink>searchhd</sublink>
                <sublink>searchsd</sublink>
            </link>
            <thumbnail>https://image.tmdb.org/t/p/w1280/4cejsYPl5u9k9PY5WvIo62UdvZP.jpg</thumbnail>
            <fanart>https://image.tmdb.org/t/p/w1280/s0lw0bouIMYwuJhz0bDUA0ucab0.jpg</fanart>
        </item>
		<item>
			<title>The Toy (1982)</title>
			<meta>
				<content>movie</content>
				<imdb>tt0084809</imdb>
				<title>The Toy</title>
				<year>1982</year>
			</meta>
			<link>
				<sublink>searchhd</sublink>
				<sublink>searchsd</sublink>
			</link>
			<thumbnail>https://image.tmdb.org/t/p/w1280/qLQeHeB5kszXxKNqtrOvmfNVD69.jpg</thumbnail>
			<fanart>https://image.tmdb.org/t/p/w1280/r9vKbcr1ijVEO187V6hi3vNH7Zy.jpg</fanart>
		</item>
		<item>
			<title>The Transformers: The Movie (1986)</title>
			<meta>
				<content>movie</content>
				<imdb>tt0092106</imdb>
				<title>The Transformers: The Movie</title>
				<year>1986</year>
			</meta>
			<link>
				<sublink>searchhd</sublink>
				<sublink>searchsd</sublink>
			</link>
			<thumbnail>https://image.tmdb.org/t/p/w1280/a6v1mtEnhwBLI9q9ACbAGmHy6bb.jpg</thumbnail>
			<fanart>https://image.tmdb.org/t/p/w1280/1eYXN4MH8WZFFSgg70g6cdUpSeO.jpg</fanart>
		</item>
		<item>
			<title>The Wishing Forest</title>
			<meta>
				<imdb>tt8049858</imdb>
				<content>movie</content>
				<title>The Wishing Forest</title>
				<year>2018</year>
			</meta>
			<link>
				<sublink>https://rapidgator.net/file/04b8779f8e24b32cfe793e21fcd1bb2c (1080P Real Debrid)</sublink>
				<sublink>https://rapidgator.net/file/559289d21c40c362bdb0c6d90077e7d9/gua-g-n-1080p.mkv.html (1080P Real Debrid)</sublink>
                <sublink>searchhd</sublink>
			</link>
			<thumbnail>https://image.tmdb.org/t/p/w1280//yHP76nyVEhQ01JTFc6F7TtgCp4a.jpg</thumbnail>
		</item>
		<item>
			<title>The Witches (1990)</title>
			<meta>
				<content>movie</content>
				<imdb>tt0100944</imdb>
				<title>The Witches</title>
				<year>1990</year>
			</meta>
			<link>
				<sublink>searchhd</sublink>
				<sublink>searchsd</sublink>
			</link>
			<thumbnail>https://image.tmdb.org/t/p/w1280/kke639pfyxMNy8LekWSBVHbljeO.jpg</thumbnail>
			<fanart>https://image.tmdb.org/t/p/w1280/p9RUiryRT3nGrHZcgEidFRSpQXP.jpg</fanart>
		</item>
		<item>
			<title>The Wizard (1989)</title>
			<meta>
				<content>movie</content>
				<imdb>tt0098663</imdb>
				<title>The Wizard</title>
				<year>1989</year>
			</meta>
			<link>
				<sublink>searchhd</sublink>
				<sublink>searchsd</sublink>
			</link>
			<thumbnail>https://image.tmdb.org/t/p/w1280/xGNirmikw9OXsfR9NYQKmsxb5nF.jpg</thumbnail>
			<fanart>https://image.tmdb.org/t/p/w1280/kmfteu4gCDKKSBr97ddmNfOxw8i.jpg</fanart>
		</item>
		<item>
			<title>Tinker Bell and the Lost Treasure (2009)</title>
			<meta>
				<content>movie</content>
				<imdb>tt1216516</imdb>
				<title>Tinker Bell and the Lost Treasure</title>
				<year>2009</year>
			</meta>
			<link>
				<sublink>searchhd</sublink>
				<sublink>searchsd</sublink>
			</link>
			<thumbnail>https://image.tmdb.org/t/p/w1280/c695u6KN4E42DMbzzvq3UHLI47S.jpg</thumbnail>
			<fanart>https://image.tmdb.org/t/p/w1280/eCVyxdraegyZLxz47VxqJQ6xUZ9.jpg</fanart>
		</item>
		<item>
			<title>Titan A.E. (2000)</title>
			<meta>
				<content>movie</content>
				<imdb>tt0120913</imdb>
				<title>Titan A.E.</title>
				<year>2000</year>
			</meta>
			<link>
				<sublink>searchhd</sublink>
				<sublink>searchsd</sublink>
			</link>
			<thumbnail>https://image.tmdb.org/t/p/w1280/huI8CYyxY0BhzJSLn6XAP4nWAv.jpg</thumbnail>
			<fanart>https://image.tmdb.org/t/p/w1280/gb1EB2iKOPvA3OTPLTXHAsPb7ek.jpg</fanart>
		</item>
		<item>
			<title>Toys (1992)</title>
			<meta>
				<content>movie</content>
				<imdb>tt0105629</imdb>
				<title>Toys</title>
				<year>1992</year>
			</meta>
			<link>
				<sublink>searchhd</sublink>
				<sublink>searchsd</sublink>
			</link>
			<thumbnail>https://image.tmdb.org/t/p/w1280/l0YBVvOvOxoOkggTZ70tNGvGQo4.jpg</thumbnail>
			<fanart>https://image.tmdb.org/t/p/w1280/lJfOdg9ZbwplMukH3rN0doVNQhK.jpg</fanart>
		</item>
        <item>
            <title>[COLOR gold]Treasure Planet[/COLOR]</title>
            <meta>
                <imdb>tt0133240</imdb>
                <content>movie</content>
                <title>Treasure Planet</title>
                <year>2002</year>
            </meta>
            <link>
                <sublink>searchhd</sublink>
                <sublink>searchsd</sublink>
            </link>
            <thumbnail>https://image.tmdb.org/t/p/w1280/yfcoA7q9n852yVnYa0VcAchgA72.jpg</thumbnail>
            <fanart>https://image.tmdb.org/t/p/w1280/3HVvtFm9NvOfn1u3yfeEugh2ZWj.jpg</fanart>
        </item>
        <item>
            <title>[COLOR red]Trolls[/COLOR]</title>
            <meta>
                <imdb>tt1679335</imdb>
                <content>movie</content>
                <title>Trolls</title>
                <year>2016</year>
            </meta>
            <link>
                <sublink>searchhd</sublink>
                <sublink>searchsd</sublink>
            </link>
            <thumbnail>https://image.tmdb.org/t/p/w1280/zKu5MNy9QW1a5ZHgv7iAp3kRZpE.jpg</thumbnail>
            <fanart>https://image.tmdb.org/t/p/w1280/wc1JxADaBLuWhySkaawCBTpixCo.jpg</fanart>
        </item>
        <item>
            <title>[COLOR gold]Turbo[/COLOR]</title>
            <meta>
                <imdb>tt1860353</imdb>
                <content>movie</content>
                <title>Turbo</title>
                <year>2013</year>
            </meta>
            <link>
                <sublink>searchhd</sublink>
                <sublink>searchsd</sublink>
            </link>
            <thumbnail>https://image.tmdb.org/t/p/w1280/kajPlPUgobxci8ME5oqvzjN430q.jpg</thumbnail>
            <fanart>https://image.tmdb.org/t/p/w1280/9jP2kMPUDpBKE5viSevTa4ga4bX.jpg</fanart>
        </item>
		<item>
			<title>Up (2009)</title>
			<meta>
				<content>movie</content>
				<imdb>tt1049413</imdb>
				<title>Up</title>
				<year>2009</year>
			</meta>
			<link>
				<sublink>searchhd</sublink>
				<sublink>searchsd</sublink>
			</link>
			<thumbnail>https://image.tmdb.org/t/p/w1280/nk11pvocdb5zbFhX5oq5YiLPYMo.jpg</thumbnail>
			<fanart>https://image.tmdb.org/t/p/w1280/6fX7NF6IUJCTVssei7Shgl9J6LL.jpg</fanart>
		</item>
    </wannabe>
</dipshit>