<plugin>
<title>[COLOR orange]All Episodes[/COLOR]</title>
<link>plugin://plugin.video.youtube/playlist/PL19B0B5CCFEF1C0C9/</link>
<thumbnail></thumbnail>
<fanart></fanart>
</plugin>

<plugin>
<title>[COLOR limegreen]KAPOW![/COLOR]</title>
<link>plugin://plugin.video.youtube/playlist/PL9DA338772A68C85A/</link>
<thumbnail></thumbnail>
<fanart></fanart>
</plugin>

<plugin>
<title>[COLOR orange]TV Episodes[/COLOR]</title>
<link>plugin://plugin.video.youtube/playlist/PLB41A78E48B73AAC0/</link>
<thumbnail></thumbnail>
<fanart></fanart>
</plugin>