<item>
	<title>Women - Def Leppard</title>
	<meta>
		<content>song</content>
		<artist>Def Leppard</artist>
		<title>Women</title>
	</meta>
	<link>
		<sublink>https://openload.co/f/wENfHOjywdY/Def_Leppard_-_Women.mp3</sublink>
	</link>
		<thumbnail>https://lastfm-img2.akamaized.net/i/u/300x300/c3d513a711ac41c1c10a3f7fb274e52f.png</thumbnail>
</item>
<item>
	<title>Rocket - Def Leppard</title>
	<meta>
		<content>song</content>
		<artist>Def Leppard</artist>
		<title>Rocket</title>
	</meta>
	<link>
		<sublink>https://openload.co/f/dPRuBamKiNM/Def_Leppard_-_Rocket.mp3</sublink>
	</link>
		<thumbnail>https://lastfm-img2.akamaized.net/i/u/300x300/c3d513a711ac41c1c10a3f7fb274e52f.png</thumbnail>
</item>
<item>
	<title>Animal - Def Leppard</title>
	<meta>
		<content>song</content>
		<artist>Def Leppard</artist>
		<title>Animal</title>
	</meta>
	<link>
		<sublink>https://openload.co/f/F6VkrRckFnk/Def_Leppard_-_Animal.mp3</sublink>
	</link>
		<thumbnail>https://lastfm-img2.akamaized.net/i/u/300x300/c3d513a711ac41c1c10a3f7fb274e52f.png</thumbnail>
</item>
<item>
	<title>Love Bites - Def Leppard</title>
	<meta>
		<content>song</content>
		<artist>Def Leppard</artist>
		<title>Love Bites</title>
	</meta>
	<link>
		<sublink>https://openload.co/f/IUjDSoAuPpA/Def_Leppard_-_Love_Bites.mp3</sublink>
	</link>
		<thumbnail>https://lastfm-img2.akamaized.net/i/u/300x300/c3d513a711ac41c1c10a3f7fb274e52f.png</thumbnail>
</item>
<item>
	<title>Pour Some Sugar on Me - Def Leppard</title>
	<meta>
		<content>song</content>
		<artist>Def Leppard</artist>
		<title>Pour Some Sugar on Me</title>
	</meta>
	<link>
		<sublink>https://openload.co/f/RsRBomeY2zI/Def_Leppard_-_Pour_Some_Sugar_On_Me.mp3</sublink>
	</link>
		<thumbnail>https://lastfm-img2.akamaized.net/i/u/300x300/c3d513a711ac41c1c10a3f7fb274e52f.png</thumbnail>
</item>
<item>
	<title>Armageddon It - Def Leppard</title>
	<meta>
		<content>song</content>
		<artist>Def Leppard</artist>
		<title>Armageddon It</title>
	</meta>
	<link>
		<sublink>https://openload.co/f/sklf4RSTEE8/Def_Leppard_-_Armageddon_It.mp3</sublink>
	</link>
		<thumbnail>https://lastfm-img2.akamaized.net/i/u/300x300/c3d513a711ac41c1c10a3f7fb274e52f.png</thumbnail>
</item>
<item>
	<title>Gods of War - Def Leppard</title>
	<meta>
		<content>song</content>
		<artist>Def Leppard</artist>
		<title>Gods of War</title>
	</meta>
	<link>
		<sublink>https://openload.co/f/N22fcrQluT4/Def_Leppard_-_Gods_Of_War.mp3</sublink>
	</link>
		<thumbnail>https://lastfm-img2.akamaized.net/i/u/300x300/c3d513a711ac41c1c10a3f7fb274e52f.png</thumbnail>
</item>
<item>
	<title>Don't Shoot Shotgun - Def Leppard</title>
	<meta>
		<content>song</content>
		<artist>Def Leppard</artist>
		<title>Don't Shoot Shotgun</title>
	</meta>
	<link>
		<sublink>https://openload.co/f/hN8saYhyWUE/Def_Leppard_-_Dont_Shoot_Shot_Gun.mp3</sublink>
	</link>
		<thumbnail>https://lastfm-img2.akamaized.net/i/u/300x300/c3d513a711ac41c1c10a3f7fb274e52f.png</thumbnail>
</item>
<item>
	<title>Run Riot - Def Leppard</title>
	<meta>
		<content>song</content>
		<artist>Def Leppard</artist>
		<title>Run Riot</title>
	</meta>
	<link>
		<sublink>https://openload.co/f/-kLMjUQsLFQ/Def_Leppard_-_Run_Riot.mp3</sublink>
	</link>
		<thumbnail>https://lastfm-img2.akamaized.net/i/u/300x300/c3d513a711ac41c1c10a3f7fb274e52f.png</thumbnail>
</item>
<item>
	<title>Hysteria - Def Leppard</title>
	<meta>
		<content>song</content>
		<artist>Def Leppard</artist>
		<title>Hysteria</title>
	</meta>
	<link>
		<sublink>https://openload.co/f/iYQvFqMXA5I/Def_Leppard_-_Hysteria.mp3</sublink>
	</link>
		<thumbnail>https://lastfm-img2.akamaized.net/i/u/300x300/c3d513a711ac41c1c10a3f7fb274e52f.png</thumbnail>
</item>
<item>
	<title>Excitable - Def Leppard</title>
	<meta>
		<content>song</content>
		<artist>Def Leppard</artist>
		<title>Excitable</title>
	</meta>
	<link>
		<sublink>https://openload.co/f/w3BwCPDHnCw/Def_Leppard_-_Excitable.mp3</sublink>
	</link>
		<thumbnail>https://lastfm-img2.akamaized.net/i/u/300x300/c3d513a711ac41c1c10a3f7fb274e52f.png</thumbnail>
</item>
<item>
	<title>Love and Affection - Def Leppard</title>
	<meta>
		<content>song</content>
		<artist>Def Leppard</artist>
		<title>Love and Affection</title>
	</meta>
	<link>
		<sublink>https://openload.co/f/f5Lhrp29ftI/Def_Leppard_-_Love_and_Affection.mp3</sublink>
	</link>
		<thumbnail>https://lastfm-img2.akamaized.net/i/u/300x300/c3d513a711ac41c1c10a3f7fb274e52f.png</thumbnail>
</item>
