<arrakis>
    <livetv>
        <dir>
            <title>Spain Live TV</title>
            <meta>
                <title>Spain Live TV</title>
                <summary>Live Spain TV Feeds</summary>
            </meta>
            <swift>swiftcategory/58</swift>
            <thumbnail>http://swiftstreamz.com/SwiftLive/images/thumbs/72898_Spain.jpg</thumbnail>
        </dir>

        <dir>
            <title>UK Live TV</title>
            <meta>
                <title>UK Live TV</title>
                <summary>Live UK TV Feeds</summary>
            </meta>
            <swift>swiftcategory/42</swift>
            <thumbnail>http://swiftstreamz.com/SwiftLive/images/thumbs/22488_UK.jpg</thumbnail>
        </dir>

        <dir>
            <title>USA Live TV</title>
            <meta>
                <title>USA Live TV</title>
                <summary>Live United States TV Feeds</summary>
            </meta>
            <swift>swiftcategory/41</swift>
            <thumbnail>http://swiftstreamz.com/SwiftLive/images/thumbs/74909_USA.jpg</thumbnail>
        </dir>

        <dir>
            <title>Punjabi VOD</title>
            <meta>
                <title>Punjabi VOD</title>
                <summary>Punjabi Video On Demand</summary>
            </meta>
            <swift>swiftcategory/72</swift>
            <thumbnail>http://swiftstreamz.com/SwiftLive/images/thumbs/53276_PUNJABIMOVIES.jpg</thumbnail>
        </dir>

        <dir>
            <title>All TV Categories</title>
            <meta>
                <title>All TV Categories</title>
                <summary>All Live TV Categories for various countries and themes</summary>
            </meta>
            <swift>allthespice</swift>
            <thumbnail>special://home/addons/plugin.video.arrakis/resources/media/livetv.png</thumbnail>
        </dir>
    </livetv>
</arrakis>
