<dipshit>
    <wannabe>
		<item>
			<title>In the Line of Fire (1993)</title>
			<meta>
				<content>movie</content>
				<imdb>tt0107206</imdb>
				<title>In the Line of Fire</title>
				<year>1993</year>
			</meta>
			<link>
				<sublink>searchhd</sublink>
				<sublink>searchsd</sublink>
			</link>
			<thumbnail>https://image.tmdb.org/t/p/w1280/vXgWOXa7m3cEhOhYjR5q2UZCBBp.jpg</thumbnail>
			<fanart>https://image.tmdb.org/t/p/w1280/lWmRtLisFIZzfvhbFeyx61af0zZ.jpg</fanart>
		</item>
		<item>
			<title>Indecent Proposal (1993)</title>
			<meta>
				<content>movie</content>
				<imdb>tt0107211</imdb>
				<title>Indecent Proposal</title>
				<year>1993</year>
			</meta>
			<link>
				<sublink>searchhd</sublink>
				<sublink>searchsd</sublink>
			</link>
			<thumbnail>https://image.tmdb.org/t/p/w1280/tBsmJ9owjjnT4rO4kE1mOzxQAJc.jpg</thumbnail>
			<fanart>https://image.tmdb.org/t/p/w1280/q793LSnNfTDTvolHyWjieEceDYk.jpg</fanart>
		</item>
		<item>
			<title>Indiana Jones and the Last Crusade (1989)</title>
			<meta>
				<content>movie</content>
				<imdb>tt0097576</imdb>
				<title>Indiana Jones and the Last Crusade</title>
				<year>1989</year>
			</meta>
			<link>
				<sublink>searchhd</sublink>
				<sublink>searchsd</sublink>
			</link>
			<thumbnail>https://image.tmdb.org/t/p/w1280/4p1N2Qrt8j0H8xMHMHvtRxv9weZ.jpg</thumbnail>
			<fanart>https://image.tmdb.org/t/p/w1280/vfvVuu1JdnEGcyZUj7VHrhhbeMj.jpg</fanart>
		</item>
		<item>
			<title>Insurgent (2015)</title>
			<meta>
				<content>movie</content>
				<imdb>tt2908446</imdb>
				<title>Insurgent</title>
				<year>2015</year>
			</meta>
			<link>
				<sublink>searchhd</sublink>
				<sublink>searchsd</sublink>
			</link>
			<thumbnail>https://image.tmdb.org/t/p/w1280/6w1VjTPTjTaA5oNvsAg0y4H6bou.jpg</thumbnail>
			<fanart>https://image.tmdb.org/t/p/w1280/xOKGkKwfK79xjmBd1EiIbPpc71k.jpg</fanart>
		</item>
		<item>
			<title>Iron Man Three (2013)</title>
			<meta>
				<content>movie</content>
				<imdb>tt1300854</imdb>
				<title>Iron Man Three</title>
				<year>2013</year>
			</meta>
			<link>
				<sublink>searchhd</sublink>
				<sublink>searchsd</sublink>
			</link>
			<thumbnail>https://image.tmdb.org/t/p/w1280/1Ilv6ryHUv6rt9zIsbSEJUmmbEi.jpg</thumbnail>
			<fanart>https://image.tmdb.org/t/p/w1280/n9X2DKItL3V0yq1q1jrk8z5UAki.jpg</fanart>
		</item>
		<item>
			<title>Jack Ryan: Shadow Recruit (2014)</title>
			<meta>
				<content>movie</content>
				<imdb>tt1205537</imdb>
				<title>Jack Ryan: Shadow Recruit</title>
				<year>2014</year>
			</meta>
			<link>
				<sublink>searchhd</sublink>
				<sublink>searchsd</sublink>
			</link>
			<thumbnail>https://image.tmdb.org/t/p/w1280/jBibISmRBUO35p0Picv0nOo33sc.jpg</thumbnail>
			<fanart>https://image.tmdb.org/t/p/w1280/7WURHOyx05AWAoNcBGp72clvB49.jpg</fanart>
		</item>
		<item>
			<title>Jane Got a Gun (2015)</title>
			<meta>
				<content>movie</content>
				<imdb>tt2140037</imdb>
				<title>Jane Got a Gun</title>
				<year>2015</year>
			</meta>
			<link>
				<sublink>searchhd</sublink>
				<sublink>searchsd</sublink>
			</link>
			<thumbnail>https://image.tmdb.org/t/p/w1280/nkIy7P21LL6kWgBI4YfGrHAkans.jpg</thumbnail>
			<fanart>https://image.tmdb.org/t/p/w1280/i2KqVXm5tury4fAGgzDryiIjHw6.jpg</fanart>
		</item>
		<item>
			<title>Jeremiah Johnson (1972)</title>
			<meta>
				<content>movie</content>
				<imdb>tt0068762</imdb>
				<title>Jeremiah Johnson</title>
				<year>1972</year>
			</meta>
			<link>
				<sublink>searchhd</sublink>
				<sublink>searchsd</sublink>
			</link>
			<thumbnail>https://image.tmdb.org/t/p/w1280/i2wo9M885KcSljpbut24xZCx05r.jpg</thumbnail>
			<fanart>https://image.tmdb.org/t/p/w1280/1UuXXbXd5GvO1hQuMW3rEko1ymd.jpg</fanart>
		</item>
		<item>
			<title>Jerry Maguire (1996)</title>
			<meta>
				<content>movie</content>
				<imdb>tt0116695</imdb>
				<title>Jerry Maguire</title>
				<year>1996</year>
			</meta>
			<link>
				<sublink>searchhd</sublink>
				<sublink>searchsd</sublink>
			</link>
			<thumbnail>https://image.tmdb.org/t/p/w1280/99YTEdKOKDRClsscOpJfdkbaTrQ.jpg</thumbnail>
			<fanart>https://image.tmdb.org/t/p/w1280/n1Gh3MJAVvXmkgSDf3SOLlPCjag.jpg</fanart>
		</item>
		<item>
			<title>Johnny Mnemonic (1995)</title>
			<meta>
				<content>movie</content>
				<imdb>tt0113481</imdb>
				<title>Johnny Mnemonic</title>
				<year>1995</year>
			</meta>
			<link>
				<sublink>searchhd</sublink>
				<sublink>searchsd</sublink>
			</link>
			<thumbnail>https://image.tmdb.org/t/p/w1280/s9LyQtKhfUcQlZEw8hJLP6XqroO.jpg</thumbnail>
			<fanart>https://image.tmdb.org/t/p/w1280/vNsGZPwf45rA3BrXEu8TVRwSqKF.jpg</fanart>
		</item>
		<item>
			<title>Jupiter Ascending (2015)</title>
			<meta>
				<content>movie</content>
				<imdb>tt1617661</imdb>
				<title>Jupiter Ascending</title>
				<year>2015</year>
			</meta>
			<link>
				<sublink>searchhd</sublink>
				<sublink>searchsd</sublink>
			</link>
			<thumbnail>https://image.tmdb.org/t/p/w1280/aMEsvTUklw0uZ3gk3Q6lAj6302a.jpg</thumbnail>
			<fanart>https://image.tmdb.org/t/p/w1280/4liSXBZZdURI0c1Id1zLJo6Z3Gu.jpg</fanart>
		</item>
		<item>
			<title>Justice League (2017)</title>
			<meta>
				<content>movie</content>
				<imdb>tt0974015</imdb>
				<title>Justice League</title>
				<year>2017</year>
			</meta>
			<link>
				<sublink>searchhd</sublink>
				<sublink>searchsd</sublink>
			</link>
			<thumbnail>https://image.tmdb.org/t/p/w1280/eifGNCSDuxJeS1loAXil5bIGgvC.jpg</thumbnail>
			<fanart>https://image.tmdb.org/t/p/w1280/o5T8rZxoWSBMYwjsUFUqTt6uMQB.jpg</fanart>
		</item>
		<item>
			<title>Kingdom of Heaven (2005)</title>
			<meta>
				<content>movie</content>
				<imdb>tt0320661</imdb>
				<title>Kingdom of Heaven</title>
				<year>2005</year>
			</meta>
			<link>
				<sublink>searchhd</sublink>
				<sublink>searchsd</sublink>
			</link>
			<thumbnail>https://image.tmdb.org/t/p/w1280/aB4urkgTxBURJMUkd0kceDD7FUM.jpg</thumbnail>
			<fanart>https://image.tmdb.org/t/p/w1280/kxRYuGjccUCR1M0ZuG1TbzkMb7Y.jpg</fanart>
		</item>
		<item>
			<title>Kingsman: The Secret Service (2014)</title>
			<meta>
				<content>movie</content>
				<imdb>tt2802144</imdb>
				<title>Kingsman: The Secret Service</title>
				<year>2014</year>
			</meta>
			<link>
				<sublink>searchhd</sublink>
				<sublink>searchsd</sublink>
			</link>
			<thumbnail>https://image.tmdb.org/t/p/w1280/8x7ej0LnHdKUqilNNJXYOeyB6L9.jpg</thumbnail>
			<fanart>https://image.tmdb.org/t/p/w1280/7McaexSsSTLD8V17UgaZAfI0Cu9.jpg</fanart>
		</item>
		<item>
			<title>Kiss of the Dragon (2001)</title>
			<meta>
				<content>movie</content>
				<imdb>tt0271027</imdb>
				<title>Kiss of the Dragon</title>
				<year>2001</year>
			</meta>
			<link>
				<sublink>searchhd</sublink>
				<sublink>searchsd</sublink>
			</link>
			<thumbnail>https://image.tmdb.org/t/p/w1280/eOBwDUiDLmz1BX8PQL5U1tQloRB.jpg</thumbnail>
			<fanart>https://image.tmdb.org/t/p/w1280/kZMZ3PqcKmtBifHjfoI8JnURHJj.jpg</fanart>
		</item>
		<item>
			<title>Knight of Cups (2015)</title>
			<meta>
				<content>movie</content>
				<imdb>tt2101383</imdb>
				<title>Knight of Cups</title>
				<year>2015</year>
			</meta>
			<link>
				<sublink>searchhd</sublink>
				<sublink>searchsd</sublink>
			</link>
			<thumbnail>https://image.tmdb.org/t/p/w1280/zGN0fefqK6hg2ffxD3R7nRyaZcF.jpg</thumbnail>
			<fanart>https://image.tmdb.org/t/p/w1280/6yan1Sdwz9dNKxRwEPVrtwXFjgO.jpg</fanart>
		</item>
		<item>
			<title>Knock Knock (2015)</title>
			<meta>
				<content>movie</content>
				<imdb>tt3605418</imdb>
				<title>Knock Knock</title>
				<year>2015</year>
			</meta>
			<link>
				<sublink>searchhd</sublink>
				<sublink>searchsd</sublink>
			</link>
			<thumbnail>https://image.tmdb.org/t/p/w1280/eynMtjBB1fXsB5vsQylVmsDLmvw.jpg</thumbnail>
			<fanart>https://image.tmdb.org/t/p/w1280/A1kVYDMzZY1KpKO2AuoSQoStyQs.jpg</fanart>
		</item>
		<item>
			<title>Nikita (1990)</title>
			<meta>
				<content>movie</content>
				<imdb>tt0100263</imdb>
				<title>Nikita</title>
				<year>1990</year>
			</meta>
			<link>
				<sublink>searchhd</sublink>
				<sublink>searchsd</sublink>
			</link>
			<thumbnail>https://image.tmdb.org/t/p/w1280/mjSe0ehEPaSRMFYF9qVFGpk9ubM.jpg</thumbnail>
			<fanart>https://image.tmdb.org/t/p/w1280/qaTAX69aDbEinfhklbuI76lPO5c.jpg</fanart>
		</item>
		<item>
			<title>La La Land (I) (2016)</title>
			<meta>
				<content>movie</content>
				<imdb>tt3783958</imdb>
				<title>La La Land</title>
				<year>I 2016</year>
			</meta>
			<link>
				<sublink>searchhd</sublink>
				<sublink>searchsd</sublink>
			</link>
			<thumbnail>https://image.tmdb.org/t/p/w1280/ylXCdC106IKiarftHkcacasaAcb.jpg</thumbnail>
			<fanart>https://image.tmdb.org/t/p/w1280/nadTlnTE6DdgmYsN4iWc2a2wiaI.jpg</fanart>
		</item>
		<item>
			<title>Legend (1985)</title>
			<meta>
				<content>movie</content>
				<imdb>tt0089469</imdb>
				<title>Legend</title>
				<year>1985</year>
			</meta>
			<link>
				<sublink>searchhd</sublink>
				<sublink>searchsd</sublink>
			</link>
			<thumbnail>https://image.tmdb.org/t/p/w1280/xNWs9LM46vJWwf1q0VGPOccTKg4.jpg</thumbnail>
			<fanart>https://image.tmdb.org/t/p/w1280/kiTjtGWfQNuwz8YMyzicn4wDkET.jpg</fanart>
		</item>
		<item>
			<title>Lethal Weapon 4 (1998)</title>
			<meta>
				<content>movie</content>
				<imdb>tt0122151</imdb>
				<title>Lethal Weapon 4</title>
				<year>1998</year>
			</meta>
			<link>
				<sublink>searchhd</sublink>
				<sublink>searchsd</sublink>
			</link>
			<thumbnail>https://image.tmdb.org/t/p/w1280/kpC9Y0jhwTqtRlcetxbgn3crnlU.jpg</thumbnail>
			<fanart>https://image.tmdb.org/t/p/w1280/jssTFAf5MCBbZPA02vRSYSeVtHh.jpg</fanart>
		</item>
		<item>
			<title>Lockout (2012)</title>
			<meta>
				<content>movie</content>
				<imdb>tt1592525</imdb>
				<title>Lockout</title>
				<year>2012</year>
			</meta>
			<link>
				<sublink>searchhd</sublink>
				<sublink>searchsd</sublink>
			</link>
			<thumbnail>https://image.tmdb.org/t/p/w1280/rE1AMAaUVuzKcPwv3CR8KC0Pv0n.jpg</thumbnail>
			<fanart>https://image.tmdb.org/t/p/w1280/t2qDw8mZlwIvdBVOBogRnFdL018.jpg</fanart>
		</item>
		<item>
			<title>Lone Survivor (2013)</title>
			<meta>
				<content>movie</content>
				<imdb>tt1091191</imdb>
				<title>Lone Survivor</title>
				<year>2013</year>
			</meta>
			<link>
				<sublink>searchhd</sublink>
				<sublink>searchsd</sublink>
			</link>
			<thumbnail>https://image.tmdb.org/t/p/w1280/8ST6iVp3fkUSbUpXRAc2Q96YQRk.jpg</thumbnail>
			<fanart>https://image.tmdb.org/t/p/w1280/pPFbXcONHBntJIAsEn8TaIPPCpZ.jpg</fanart>
		</item>
		<item>
			<title>Loom (2012)</title>
			<meta>
				<content>movie</content>
				<imdb>tt2379050</imdb>
				<title>Loom</title>
				<year>2012</year>
			</meta>
			<link>
				<sublink>searchhd</sublink>
				<sublink>searchsd</sublink>
			</link>
			<thumbnail>https://image.tmdb.org/t/p/w1280/whqlRzw0U3F0JwG3DG3YUtFp2uf.jpg</thumbnail>
			<fanart>https://image.tmdb.org/t/p/w1280/z00uUNqbwpsnVDVn30oNEeXXfeT.jpg</fanart>
		</item>
		<item>
			<title>Lucy (I) (2014)</title>
			<meta>
				<content>movie</content>
				<imdb>tt2872732</imdb>
				<title>Lucy</title>
				<year>I 2014</year>
			</meta>
			<link>
				<sublink>searchhd</sublink>
				<sublink>searchsd</sublink>
			</link>
			<thumbnail>https://image.tmdb.org/t/p/w1280/rwn876MeqienhOVSSjtUPnwxn0Z.jpg</thumbnail>
			<fanart>https://image.tmdb.org/t/p/w1280/eCgIoGvfNXrbSiQGqQHccuHjQHm.jpg</fanart>
		</item>
		<item>
			<title>Machete Kills (2013)</title>
			<meta>
				<content>movie</content>
				<imdb>tt2002718</imdb>
				<title>Machete Kills</title>
				<year>2013</year>
			</meta>
			<link>
				<sublink>searchhd</sublink>
				<sublink>searchsd</sublink>
			</link>
			<thumbnail>https://image.tmdb.org/t/p/w1280/ltblMRM8clWKsjC2qQITuRN40Yr.jpg</thumbnail>
			<fanart>https://image.tmdb.org/t/p/w1280/5bxyCKV3AHlzwmvtqXkcr7Li56s.jpg</fanart>
		</item>
		<item>
			<title>Man of Steel (2013)</title>
			<meta>
				<content>movie</content>
				<imdb>tt0770828</imdb>
				<title>Man of Steel</title>
				<year>2013</year>
			</meta>
			<link>
				<sublink>searchhd</sublink>
				<sublink>searchsd</sublink>
			</link>
			<thumbnail>https://image.tmdb.org/t/p/w1280/xWlaTLnD8NJMTT9PGOD9z5re1SL.jpg</thumbnail>
			<fanart>https://image.tmdb.org/t/p/w1280/jYLh4mdOqkt30i7LTFs3o02UcGF.jpg</fanart>
		</item>
		<item>
			<title>Man of Tai Chi (2013)</title>
			<meta>
				<content>movie</content>
				<imdb>tt2016940</imdb>
				<title>Man of Tai Chi</title>
				<year>2013</year>
			</meta>
			<link>
				<sublink>searchhd</sublink>
				<sublink>searchsd</sublink>
			</link>
			<thumbnail>https://image.tmdb.org/t/p/w1280/42MutxsgeJS5pYLNWUGv8d6B9wa.jpg</thumbnail>
			<fanart>https://image.tmdb.org/t/p/w1280/fQsnOE6OpjV2wkCVBBoC47T4wUH.jpg</fanart>
		</item>
		<item>
			<title>Man on Fire (2004)</title>
			<meta>
				<content>movie</content>
				<imdb>tt0328107</imdb>
				<title>Man on Fire</title>
				<year>2004</year>
			</meta>
			<link>
				<sublink>searchhd</sublink>
				<sublink>searchsd</sublink>
			</link>
			<thumbnail>https://image.tmdb.org/t/p/w1280/qAbRLPe8T7ehKzr1Tgo78T7ASrS.jpg</thumbnail>
			<fanart>https://image.tmdb.org/t/p/w1280/2cBmeSLCyLqkn6YIERKdRUToqsa.jpg</fanart>
		</item>
		<item>
			<title>Manhunt (2017)</title>
			<meta>
				<content>movie</content>
				<imdb>tt4537986</imdb>
				<title>Manhunt</title>
				<year>2017</year>
			</meta>
			<link>
				<sublink>searchhd</sublink>
				<sublink>searchsd</sublink>
			</link>
			<thumbnail>https://image.tmdb.org/t/p/w1280/uWWmqeC1jEAGl9Nj3W65PL7Bvon.jpg</thumbnail>
			<fanart>https://image.tmdb.org/t/p/w1280/mz1ayJshHpMnQLNSRJl3Vgsp6eO.jpg</fanart>
		</item>
		<item>
			<title>Maps to the Stars (2014)</title>
			<meta>
				<content>movie</content>
				<imdb>tt2172584</imdb>
				<title>Maps to the Stars</title>
				<year>2014</year>
			</meta>
			<link>
				<sublink>searchhd</sublink>
				<sublink>searchsd</sublink>
			</link>
			<thumbnail>https://image.tmdb.org/t/p/w1280/ciIFIMR78V9BMfLEylJGSwnlwm.jpg</thumbnail>
			<fanart>https://image.tmdb.org/t/p/w1280/i1DPN19CK8rTkwyMS9iy4D9iRAO.jpg</fanart>
		</item>
		<item>
			<title>Matchstick Men (2003)</title>
			<meta>
				<content>movie</content>
				<imdb>tt0325805</imdb>
				<title>Matchstick Men</title>
				<year>2003</year>
			</meta>
			<link>
				<sublink>searchhd</sublink>
				<sublink>searchsd</sublink>
			</link>
			<thumbnail>https://image.tmdb.org/t/p/w1280/vRjT0WdjQbbIpYSG5f520BAS2dn.jpg</thumbnail>
			<fanart>https://image.tmdb.org/t/p/w1280/cd77jCV1505eHRTYKJVgNtVueHk.jpg</fanart>
		</item>
		<item>
			<title>Maximum Risk (1996)</title>
			<meta>
				<content>movie</content>
				<imdb>tt0117011</imdb>
				<title>Maximum Risk</title>
				<year>1996</year>
			</meta>
			<link>
				<sublink>searchhd</sublink>
				<sublink>searchsd</sublink>
			</link>
			<thumbnail>https://image.tmdb.org/t/p/w1280/kS3avZ9J3xTB0sOQU34hYzhzn04.jpg</thumbnail>
			<fanart>https://image.tmdb.org/t/p/w1280/fPtN1uXbcT3ToDH4ATci0QXEVGe.jpg</fanart>
		</item>
		<item>
			<title>Men of Honor (2000)</title>
			<meta>
				<content>movie</content>
				<imdb>tt0203019</imdb>
				<title>Men of Honor</title>
				<year>2000</year>
			</meta>
			<link>
				<sublink>searchhd</sublink>
				<sublink>searchsd</sublink>
			</link>
			<thumbnail>https://image.tmdb.org/t/p/w1280/wNUAnXV1mzOOfvnVBIYsalkk078.jpg</thumbnail>
			<fanart>https://image.tmdb.org/t/p/w1280/7wVtInOyDrYlcZGQcaGGH4rm8iJ.jpg</fanart>
		</item>
		<item>
			<title>Miami Vice (2006)</title>
			<meta>
				<content>movie</content>
				<imdb>tt0430357</imdb>
				<title>Miami Vice</title>
				<year>2006</year>
			</meta>
			<link>
				<sublink>searchhd</sublink>
				<sublink>searchsd</sublink>
			</link>
			<thumbnail>https://image.tmdb.org/t/p/w1280/3BsNsigWcET4tKLZZhJegw7eOjF.jpg</thumbnail>
			<fanart>https://image.tmdb.org/t/p/w1280/bJjuO0dwL1SYTrjc1VAJYlX5qY2.jpg</fanart>
		</item>
		<item>
			<title>Minority Report (2002)</title>
			<meta>
				<content>movie</content>
				<imdb>tt0181689</imdb>
				<title>Minority Report</title>
				<year>2002</year>
			</meta>
			<link>
				<sublink>searchhd</sublink>
				<sublink>searchsd</sublink>
			</link>
			<thumbnail>https://image.tmdb.org/t/p/w1280/h3lpltSn7Rj1eYTPQO1lYGdw4Bz.jpg</thumbnail>
			<fanart>https://image.tmdb.org/t/p/w1280/u8BvwuiiQ0uLFuXviKJU0cCHXIW.jpg</fanart>
		</item>
		<item>
			<title>Miss Congeniality (2000)</title>
			<meta>
				<content>movie</content>
				<imdb>tt0212346</imdb>
				<title>Miss Congeniality</title>
				<year>2000</year>
			</meta>
			<link>
				<sublink>searchhd</sublink>
				<sublink>searchsd</sublink>
			</link>
			<thumbnail>https://image.tmdb.org/t/p/w1280/mILq93mndRkMRz1MgaKqD3WpR1d.jpg</thumbnail>
			<fanart>https://image.tmdb.org/t/p/w1280/p25mxAO1ArY8bgZX6Y7B2r3vo0k.jpg</fanart>
		</item>
		<item>
			<title>Mission: Impossible - Rogue Nation (2015)</title>
			<meta>
				<content>movie</content>
				<imdb>tt2381249</imdb>
				<title>Mission: Impossible - Rogue Nation</title>
				<year>2015</year>
			</meta>
			<link>
				<sublink>searchhd</sublink>
				<sublink>searchsd</sublink>
			</link>
			<thumbnail>https://image.tmdb.org/t/p/w1280/z2sJd1OvAGZLxgjBdSnQoLCfn3M.jpg</thumbnail>
			<fanart>https://image.tmdb.org/t/p/w1280/8XeLfNQrDmFQmPTqxapfWUnKiLf.jpg</fanart>
		</item>
		<item>
			<title>Mission: Impossible II (2000)</title>
			<meta>
				<content>movie</content>
				<imdb>tt0120755</imdb>
				<title>Mission: Impossible II</title>
				<year>2000</year>
			</meta>
			<link>
				<sublink>searchhd</sublink>
				<sublink>searchsd</sublink>
			</link>
			<thumbnail>https://image.tmdb.org/t/p/w1280/eRaEC0vf5q5TSvaoJPwGTt2wa9T.jpg</thumbnail>
			<fanart>https://image.tmdb.org/t/p/w1280/bDdVZNvxb670EMlZqeIy6RdyJ4V.jpg</fanart>
		</item>
		<item>
			<title>Mortal Kombat (1995)</title>
			<meta>
				<content>movie</content>
				<imdb>tt0113855</imdb>
				<title>Mortal Kombat</title>
				<year>1995</year>
			</meta>
			<link>
				<sublink>searchhd</sublink>
				<sublink>searchsd</sublink>
			</link>
			<thumbnail>https://image.tmdb.org/t/p/w1280/bdXWixjWVA7Y03PvW74xufrROiJ.jpg</thumbnail>
			<fanart>https://image.tmdb.org/t/p/w1280/mOIvM0pQA7J9I0Caai0zTPxnE3f.jpg</fanart>
		</item>
		<item>
			<title>Mr. & Mrs. Smith (2005)</title>
			<meta>
				<content>movie</content>
				<imdb>tt0356910</imdb>
				<title>Mr. & Mrs. Smith</title>
				<year>2005</year>
			</meta>
			<link>
				<sublink>searchhd</sublink>
				<sublink>searchsd</sublink>
			</link>
			<thumbnail>https://image.tmdb.org/t/p/w1280/dqs5BmwSULtB28Kls3IB6khTQwp.jpg</thumbnail>
			<fanart>https://image.tmdb.org/t/p/w1280/fAwYX0Fha35CaYYUJ06VTN3bEeh.jpg</fanart>
		</item>
		<item>
			<title>Murder by Numbers (2002)</title>
			<meta>
				<content>movie</content>
				<imdb>tt0264935</imdb>
				<title>Murder by Numbers</title>
				<year>2002</year>
			</meta>
			<link>
				<sublink>searchhd</sublink>
				<sublink>searchsd</sublink>
			</link>
			<thumbnail>https://image.tmdb.org/t/p/w1280/zL2aUMe2haBikOZSxmndSDD4qi.jpg</thumbnail>
			<fanart>https://image.tmdb.org/t/p/w1280/lcYEctb1Llygf048dXNqKnDYjNw.jpg</fanart>
		</item>
		<item>
			<title>Ninja Assassin (2009)</title>
			<meta>
				<content>movie</content>
				<imdb>tt1186367</imdb>
				<title>Ninja Assassin</title>
				<year>2009</year>
			</meta>
			<link>
				<sublink>searchhd</sublink>
				<sublink>searchsd</sublink>
			</link>
			<thumbnail>https://image.tmdb.org/t/p/w1280/k0Nu7HuUdnjfeNPR6YSY0PDH2et.jpg</thumbnail>
			<fanart>https://image.tmdb.org/t/p/w1280/kmKZVgUPqf9v4c0UitSZlDM3RPv.jpg</fanart>
		</item>
		<item>
			<title>Ninja: Shadow of a Tear (2013)</title>
			<meta>
				<content>movie</content>
				<imdb>tt2458106</imdb>
				<title>Ninja: Shadow of a Tear</title>
				<year>2013</year>
			</meta>
			<link>
				<sublink>searchhd</sublink>
				<sublink>searchsd</sublink>
			</link>
			<thumbnail>https://image.tmdb.org/t/p/w1280/k5uuo4mvWHb80ePDZylN2xvcz7h.jpg</thumbnail>
			<fanart>https://image.tmdb.org/t/p/w1280/qkhjHfXxZKD317GeifrepN9YJSt.jpg</fanart>
		</item>
		<item>
			<title>Noah (2014)</title>
			<meta>
				<content>movie</content>
				<imdb>tt1959490</imdb>
				<title>Noah</title>
				<year>2014</year>
			</meta>
			<link>
				<sublink>searchhd</sublink>
				<sublink>searchsd</sublink>
			</link>
			<thumbnail>https://image.tmdb.org/t/p/w1280/5wioUjzwr91fvq7ydunxK2CPSxi.jpg</thumbnail>
			<fanart>https://image.tmdb.org/t/p/w1280/jnoJgpITphPoqA3e7JnNC4mtAVX.jpg</fanart>
		</item>
	</wannabe>
</dipshit>