<dir>
    <title>[COLOR limegreen]South Park[/COLOR]</name>
    <link>file://adulttoon/southpark.xml</link>
    <thumbnail>https://i.imgur.com/jK3Kzao.jpg</thumbnail>
    <fanart>https://i.imgur.com/UiI6O3O.jpg</fanart>
</dir>

<dir>
<title>[COLOR orange]American Dad[/COLOR]</title>
<tmdb>list/47077</tmdb>
<thumbnail>https://i.imgur.com/0UJnTWT.jpg</thumbnail>
<fanart>https://i.imgur.com/UiI6O3O.jpg</fanart>
</dir>

<dir>
    <title>[COLOR limegreen]Family Guy[/COLOR]</name>
    <link>file://adulttoon/familyguy.xml</link>
    <thumbnail>https://i.imgur.com/plXnsGo.jpg</thumbnail>
    <fanart>https://i.imgur.com/UiI6O3O.jpg</fanart>
</dir>

<dir>
<title>[COLOR limegreen]The Cleveland Show[/COLOR]</title>
<tmdb>list/47177</tmdb>
<thumbnail>https://i.imgur.com/UycmoqK.jpg</thumbnail>
<fanart>https://i.imgur.com/UiI6O3O.jpg</fanart>
</dir>

<dir>
    <title>[COLOR orange]The Simpsons[/COLOR]</name>
    <link>file://adulttoon/simpsons.xml</link>
    <thumbnail>https://i.imgur.com/D1qBOP4.jpg</thumbnail>
    <fanart>https://i.imgur.com/UiI6O3O.jpg</fanart>
</dir>

<dir>
<title>[COLOR limegreen]Archer[/COLOR]</title>
<tmdb>list/47080</tmdb>
<thumbnail>https://i.imgur.com/LDOsjpF.jpg</thumbnail>
<fanart>https://i.imgur.com/UiI6O3O.jpg</fanart>
</dir>

<dir>
<title>[COLOR orange]Bob's Burgers[/COLOR]</title>
<tmdb>list/47081</tmdb>
<thumbnail>https://i.imgur.com/5FbV9LB.jpg</thumbnail>
<fanart>https://i.imgur.com/UiI6O3O.jpg</fanart>
</dir>

<dir>
    <title>[COLOR limegreen]Futurama[/COLOR]</name>
    <link>file://adulttoon/futurama.xml</link>
    <thumbnail>https://i.imgur.com/R5qQc96.png</thumbnail>
    <fanart>https://i.imgur.com/UiI6O3O.jpg</fanart>
</dir>

<dir>
<title>[COLOR orange]Rick and Morty[/COLOR]</title>
<tmdb>list/47144</tmdb>
<thumbnail>https://i.imgur.com/2o0HH8u.jpg</thumbnail>
<fanart>https://i.imgur.com/UiI6O3O.jpg</fanart>
</dir>

<dir>
    <title>[COLOR limegreen]Tripping the Rift[/COLOR]</name>
    <link>file://adulttoon/trippingtherift.xml</link>
    <thumbnail>https://i.imgur.com/7t0zB6S.jpg</thumbnail>
    <fanart>https://i.imgur.com/UiI6O3O.jpg</fanart>
</dir>

<dir>
<title>[COLOR orange]King of the Hill[/COLOR]</title>
<tmdb>list/47145</tmdb>
<thumbnail>https://i.imgur.com/dIU8EFt.jpg</thumbnail>
<fanart>https://i.imgur.com/UiI6O3O.jpg</fanart>
</dir>

<dir>
    <title>[COLOR limegreen]Beavis and Butt-head[/COLOR]</name>
    <link>file://adulttoon/beavis.xml</link>
    <thumbnail>https://i.imgur.com/y6btN5a.png</thumbnail>
    <fanart>https://i.imgur.com/UiI6O3O.jpg</fanart>
</dir>

<dir>
    <title>[COLOR limegreen]Robot Chicken[/COLOR]</name>
    <link>file://adulttoon/robotchicken.xml</link>
    <thumbnail>https://i.imgur.com/tqVBo1L.jpg</thumbnail>
    <fanart>https://i.imgur.com/UiI6O3O.jpg</fanart>
</dir>

<dir>
<title>[COLOR limegreen]The Boondocks[/COLOR]</title>
<tmdb>list/47162</tmdb>
<thumbnail>https://i.imgur.com/YH7qIrJ.jpg</thumbnail>
<fanart>https://i.imgur.com/UiI6O3O.jpg</fanart>
</dir>

<dir>
<title>[COLOR limegreen]Pinky and the Brain[/COLOR]</title>
<tmdb>list/47164</tmdb>
<thumbnail>https://i.imgur.com/wxuIjRo.jpg</thumbnail>
<fanart>https://i.imgur.com/UiI6O3O.jpg</fanart>
</dir>

<dir>
<title>[COLOR orange]Aqua Teen Hunger Force[/COLOR]</title>
<tmdb>list/47173</tmdb>
<thumbnail>https://i.imgur.com/uhbLXCJ.jpg</thumbnail>
<fanart>https://i.imgur.com/UiI6O3O.jpg</fanart>
</dir>

<dir>
<title>[COLOR orange]Brickleberry[/COLOR]</title>
<tmdb>list/47182</tmdb>
<thumbnail>https://i.imgur.com/t1KtnNw.jpg</thumbnail>
<fanart>https://i.imgur.com/UiI6O3O.jpg</fanart>
</dir>

<dir>
	<title>[COLOR limegreen]F is for Family[/COLOR]</title>
	<meta>
		<imdb/>
		<content>tvshow</content>
		<tvshowtitle>F is for Family</tvshowtitle>
		<year>2015</year>
	</meta>
	<link>tmdb_tv_show(63522, 2015, F is for Family)</link>
	<thumbnail>https://image.tmdb.org/t/p/w1280//zFMXNvxjapU2eElK4ovR5gw2ax5.jpg</thumbnail>
	<fanart>https://image.tmdb.org/t/p/w1280//etusSQ2nFsxuzauzWL43qBgsHek.jpg</fanart>
</dir>

<dir>
	<title>[COLOR orange]Camp WWE[/COLOR]</title>
	<meta>
		<imdb/>
		<content>tvshow</content>
		<tvshowtitle>Camp WWE</tvshowtitle>
	</meta>
	<link>tmdb_tv_show(66281, 2016, Camp WWE)</link>
	<thumbnail>https://image.tmdb.org/t/p/w1280//td7oavKdqdTENUePffSUQDtva0e.jpg</thumbnail>
	<fanart>https://image.tmdb.org/t/p/w1280//uz96R9EhhCGL5KKl45e4OlcMNBd.jpg</fanart>
</dir>

<dir>
	<title>[COLOR limegreen]Mr. Pickles[/COLOR]</title>
	<meta>
		<imdb/>
		<content>tvshow</content>
		<tvshowtitle>Mr. Pickles</tvshowtitle>
	</meta>
	<link>tmdb_tv_show(61593, 2014, Mr. Pickles)</link>
	<thumbnail>https://image.tmdb.org/t/p/w1280//ingjEe8x28W2ChlTScpdDZ3t6H1.jpg</thumbnail>
	<fanart>https://image.tmdb.org/t/p/w1280//qvwhrxm6vaWKuVMkeGNSxBtvZJj.jpg</fanart>
</dir>

<dir>
	<title>[COLOR orange]Fugget About It[/COLOR]</title>
	<meta>
		<imdb/>
		<content>tvshow</content>
		<tvshowtitle>Fugget About It</tvshowtitle>
		<year>2012</year>
	</meta>
	<link>tmdb_tv_show(43548, 2012, Fugget About It)</link>
	<thumbnail>https://image.tmdb.org/t/p/w1280//lFz1HYRPXw533n97bpSqJWq0BZP.jpg</thumbnail>
	<fanart>https://image.tmdb.org/t/p/w1280//iwWDLp0QYeOIk7hT6eDSGRunWVe.jpg</fanart>
</dir>

<dir>
	<title>[COLOR limegreen]Monkey Dust[/COLOR]</title>
	<meta>
		<imdb/>
		<content>tvshow</content>
		<tvshowtitle>Monkey Dust</tvshowtitle>
		<year>2003</year>
	</meta>
	<link>tmdb_tv_show(2055, 2003, Monkey Dust)</link>
	<thumbnail>https://image.tmdb.org/t/p/w1280//csFfKDJtr02QVRwKD39xlE5YSeb.jpg</thumbnail>
	<fanart>https://image.tmdb.org/t/p/w1280//wQKOt1Ff6GwCBxFouF5eVhNKD4T.jpg</fanart>
</dir>

<dir>
    <title>[COLOR limegreen]iLL WiLL PrEss - (Foamy the Squirrel)[/COLOR]</title>
    <link>file://adulttoon/illwill.xml</link>
    <thumbnail>file://icons/foamy_icon.png</thumbnail>
    <fanart>file://icons/foamy_fanart.jpg</fanart>
</dir>