<dipshit>
    <wannabe>
		<item>
			<title>Rango (2011)</title>
			<meta>
				<content>movie</content>
				<imdb>tt1192628</imdb>
				<title>Rango</title>
				<year>2011</year>
			</meta>
			<link>
				<sublink>searchhd</sublink>
				<sublink>searchsd</sublink>
			</link>
			<thumbnail>https://image.tmdb.org/t/p/w1280/afxRbCwwKjrWgGJtsVNs1BW1Dk5.jpg</thumbnail>
			<fanart>https://image.tmdb.org/t/p/w1280/fX6o5DCdGVEEZ1OT1IourOUkQMb.jpg</fanart>
		</item>
		<item>
			<title>Ratatouille (2007)</title>
			<meta>
				<content>movie</content>
				<imdb>tt0382932</imdb>
				<title>Ratatouille</title>
				<year>2007</year>
			</meta>
			<link>
				<sublink>searchhd</sublink>
				<sublink>searchsd</sublink>
			</link>
			<thumbnail>https://image.tmdb.org/t/p/w1280/jEiEU8viSb8CIIHcfprVr2V6XDz.jpg</thumbnail>
			<fanart>https://image.tmdb.org/t/p/w1280/mZlf2J8qAuKr4lV0LP0FaFiyWl.jpg</fanart>
		</item>
		<item>
			<title>Redline (2009)</title>
			<meta>
				<content>movie</content>
				<imdb>tt1483797</imdb>
				<title>Redline</title>
				<year>2009</year>
			</meta>
			<link>
				<sublink>searchhd</sublink>
				<sublink>searchsd</sublink>
			</link>
			<thumbnail>https://image.tmdb.org/t/p/w1280/il2bErXZTjzuzAVhoAjV3F5WIim.jpg</thumbnail>
			<fanart>https://image.tmdb.org/t/p/w1280/kFh9LOeCEiPeSWJToPwoVvPApFc.jpg</fanart>
		</item>
		<item>
			<title>Rio (2011)</title>
			<meta>
				<content>movie</content>
				<imdb>tt1436562</imdb>
				<title>Rio</title>
				<year>2011</year>
			</meta>
			<link>
				<sublink>searchhd</sublink>
				<sublink>searchsd</sublink>
			</link>
			<thumbnail>https://image.tmdb.org/t/p/w1280/isQ9BSjdF8IrSm2g4WPHSJYN5s9.jpg</thumbnail>
			<fanart>https://image.tmdb.org/t/p/w1280/odbEuhGUgSkeWWD1sPoylXTZMUa.jpg</fanart>
		</item>
		<item>
			<title>Rio 2 (2014)</title>
			<meta>
				<content>movie</content>
				<imdb>tt2357291</imdb>
				<title>Rio 2</title>
				<year>2014</year>
			</meta>
			<link>
				<sublink>searchhd</sublink>
				<sublink>searchsd</sublink>
			</link>
			<thumbnail>https://image.tmdb.org/t/p/w1280/jZcF7xZVvrX2A4qNOqeHpmtbdBT.jpg</thumbnail>
			<fanart>https://image.tmdb.org/t/p/w1280/bRQPOVpvBmvep9WYnGcKguxjlg2.jpg</fanart>
		</item>
        <item>
            <title>[COLOR red]Rise of the Guardians[/COLOR]</title>
            <meta>
                <imdb>tt1446192</imdb>
                <content>movie</content>
                <title>Rise of the Guardians</title>
                <year>2012</year>
            </meta>
            <link>
                <sublink>searchhd</sublink>
                <sublink>searchsd</sublink>
            </link>
            <thumbnail>https://image.tmdb.org/t/p/w1280/sIZr3pWcnLTjMkOaTkBrV967lTK.jpg</thumbnail>
            <fanart>https://image.tmdb.org/t/p/w1280/uLAzeXooxaCJvxltbEqZQHLxniP.jpg</fanart>
        </item>
        <item>
            <title>[COLOR red]Robin Hood[/COLOR]</title>
            <meta>
                <imdb>tt0070608</imdb>
                <content>movie</content>
                <title>Robin Hood</title>
                <year>1973</year>
            </meta>
            <link>
                <sublink>searchhd</sublink>
                <sublink>searchsd</sublink>
            </link>
            <thumbnail>https://image.tmdb.org/t/p/w1280/78yFcKivWbLwlPcUOPj2A75k4Ii.jpg</thumbnail>
            <fanart>https://image.tmdb.org/t/p/w1280/gidtawc8Mne3Dc5UrkvXhoIZqCZ.jpg</fanart>
        </item>
		<item>
			<title>Robots (2005)</title>
			<meta>
				<content>movie</content>
				<imdb>tt0358082</imdb>
				<title>Robots</title>
				<year>2005</year>
			</meta>
			<link>
				<sublink>searchhd</sublink>
				<sublink>searchsd</sublink>
			</link>
			<thumbnail>https://image.tmdb.org/t/p/w1280/12n6dEayPtv7CqgbeSkznFQSKzh.jpg</thumbnail>
			<fanart>https://image.tmdb.org/t/p/w1280/okEMRef9hgVzTUo2U6OaCSk0t0M.jpg</fanart>
		</item>
		<item>
			<title>Rocks in My Pockets (2014)</title>
			<meta>
				<content>movie</content>
				<imdb>tt2961890</imdb>
				<title>Rocks in My Pockets</title>
				<year>2014</year>
			</meta>
			<link>
				<sublink>searchhd</sublink>
				<sublink>searchsd</sublink>
			</link>
			<thumbnail>https://image.tmdb.org/t/p/w1280/hkKS0EXA0gGP5m0P3aT0ZxPiSKq.jpg</thumbnail>
			<fanart>https://image.tmdb.org/t/p/w1280/mCjrT42LHaPbgPPXYnk3TeurRUm.jpg</fanart>
		</item>
		<item>
			<title>Rookie of the Year (1993)</title>
			<meta>
				<content>movie</content>
				<imdb>tt0107985</imdb>
				<title>Rookie of the Year</title>
				<year>1993</year>
			</meta>
			<link>
				<sublink>searchhd</sublink>
				<sublink>searchsd</sublink>
			</link>
			<thumbnail>https://image.tmdb.org/t/p/w1280/vyfinDLt7gc0wwTRFVBKc81bo6k.jpg</thumbnail>
			<fanart>https://image.tmdb.org/t/p/w1280/xl6Tj9HoUezt8fBMyROxs2Mz2Ij.jpg</fanart>
		</item>
        <item>
            <title>[COLOR gold]Saludos Amigos[/COLOR]</title>
            <meta>
                <imdb>tt0036326</imdb>
                <content>movie</content>
                <title>Saludos Amigos</title>
                <year>1942</year>
            </meta>
            <link>
                <sublink>searchhd</sublink>
                <sublink>searchsd</sublink>
            </link>
            <thumbnail>https://image.tmdb.org/t/p/w1280/fRpIlk1jtXIjBFWYBnSrjFf0ddr.jpg</thumbnail>
            <fanart>https://image.tmdb.org/t/p/w1280/trg7wvn1cVvhltOKIZ789EBexuw.jpg</fanart>
        </item>
		<item>
			<title>Shark Tale (2004)</title>
			<meta>
				<content>movie</content>
				<imdb>tt0307453</imdb>
				<title>Shark Tale</title>
				<year>2004</year>
			</meta>
			<link>
				<sublink>searchhd</sublink>
				<sublink>searchsd</sublink>
			</link>
			<thumbnail>https://image.tmdb.org/t/p/w1280/zSHqX4qklYrHMEcv2GiHG5UwVsz.jpg</thumbnail>
			<fanart>https://image.tmdb.org/t/p/w1280/v3RnhCEMu9MVxA5aHWPgVzFGdSG.jpg</fanart>
		</item>
		<item>
			<title>Shaun the Sheep Movie (2015)</title>
			<meta>
				<content>movie</content>
				<imdb>tt2872750</imdb>
				<title>Shaun the Sheep Movie</title>
				<year>2015</year>
			</meta>
			<link>
				<sublink>searchhd</sublink>
				<sublink>searchsd</sublink>
			</link>
			<thumbnail>https://image.tmdb.org/t/p/w1280/aOHsNN1p2nuiF9WaMaCNXy0T80J.jpg</thumbnail>
			<fanart>https://image.tmdb.org/t/p/w1280/jdGHRopcOEPDRQVfvuIv4BkxUgw.jpg</fanart>
		</item>
		<item>
			<title>Shrek (2001)</title>
			<meta>
				<content>movie</content>
				<imdb>tt0126029</imdb>
				<title>Shrek</title>
				<year>2001</year>
			</meta>
			<link>
				<sublink>searchhd</sublink>
				<sublink>searchsd</sublink>
			</link>
			<thumbnail>https://image.tmdb.org/t/p/w1280/140ewbWv8qHStD3mlBDvvGd0Zvu.jpg</thumbnail>
			<fanart>https://image.tmdb.org/t/p/w1280/wBG4kHfhwm3bLwKUFNRByXXv4r2.jpg</fanart>
		</item>
		<item>
			<title>Shrek 2 (2004)</title>
			<meta>
				<content>movie</content>
				<imdb>tt0298148</imdb>
				<title>Shrek 2</title>
				<year>2004</year>
			</meta>
			<link>
				<sublink>searchhd</sublink>
				<sublink>searchsd</sublink>
			</link>
			<thumbnail>https://image.tmdb.org/t/p/w1280/akWDA0BMVYK4OTM92T5i91DYnsT.jpg</thumbnail>
			<fanart>https://image.tmdb.org/t/p/w1280/nJ0TsLEeht6y30AMryc4ElQ8gzp.jpg</fanart>
		</item>
		<item>
			<title>Shrek Forever After (2010)</title>
			<meta>
				<content>movie</content>
				<imdb>tt0892791</imdb>
				<title>Shrek Forever After</title>
				<year>2010</year>
			</meta>
			<link>
				<sublink>searchhd</sublink>
				<sublink>searchsd</sublink>
			</link>
			<thumbnail>https://image.tmdb.org/t/p/w1280/enqVwbUu6OX5LHq0fuk7sLT35zy.jpg</thumbnail>
			<fanart>https://image.tmdb.org/t/p/w1280/aD8iOuLlEiMfVlHTnAe15fZLo0S.jpg</fanart>
		</item>
		<item>
			<title>Shrek the Third (2007)</title>
			<meta>
				<content>movie</content>
				<imdb>tt0413267</imdb>
				<title>Shrek the Third</title>
				<year>2007</year>
			</meta>
			<link>
				<sublink>searchhd</sublink>
				<sublink>searchsd</sublink>
			</link>
			<thumbnail>https://image.tmdb.org/t/p/w1280/lA17Mlz8hXVZsW5Y3WuUa8KPilQ.jpg</thumbnail>
			<fanart>https://image.tmdb.org/t/p/w1280/7fT1IogBbxM6S7SOIGSe7BXLEMq.jpg</fanart>
		</item>
		<item>
			<title>Sidekicks (1992)</title>
			<meta>
				<content>movie</content>
				<imdb>tt0105402</imdb>
				<title>Sidekicks</title>
				<year>1992</year>
			</meta>
			<link>
				<sublink>searchhd</sublink>
				<sublink>searchsd</sublink>
			</link>
			<thumbnail>https://image.tmdb.org/t/p/w1280/xZZvtWF8ZsCUEroDgUhlKsZmXNM.jpg</thumbnail>
			<fanart>https://image.tmdb.org/t/p/w1280/vK3PTkf87pYksRKyhPkZtDs03LJ.jpg</fanart>
		</item>
        <item>
            <title>[COLOR red]Sinbad: Legend of the Seven Seas[/COLOR]</title>
            <meta>
                <imdb>tt0165982</imdb>
                <content>movie</content>
                <title>Sinbad: Legend of the Seven Seas</title>
                <year>2003</year>
            </meta>
            <link>
                <sublink>searchhd</sublink>
                <sublink>searchsd</sublink>
            </link>
            <thumbnail>https://image.tmdb.org/t/p/w1280/6LELf4ZzVBJwR9mNq86Mf5QVERS.jpg</thumbnail>
            <fanart>https://image.tmdb.org/t/p/w1280/7FAywH8ASRQ9QsiGRrxhLatYlVS.jpg</fanart>
        </item>
		<item>
			<title>Sing (2016)</title>
			<meta>
				<content>movie</content>
				<imdb>tt3470600</imdb>
				<title>Sing</title>
				<year>2016</year>
			</meta>
			<link>
				<sublink>searchhd</sublink>
				<sublink>searchsd</sublink>
			</link>
			<thumbnail>https://image.tmdb.org/t/p/w1280/5XFchtGifv8mz4qlyT8PZ7ZsjfG.jpg</thumbnail>
			<fanart>https://image.tmdb.org/t/p/w1280/fxDXp8un4qNY9b1dLd7SH6CKzC.jpg</fanart>
		</item>
        <item>
            <title>[COLOR red]Sleeping Beauty[/COLOR]</title>
            <meta>
                <imdb>tt0053285</imdb>
                <content>movie</content>
                <title>Sleeping Beauty</title>
                <year>1959</year>
            </meta>
            <link>
                <sublink>searchhd</sublink>
                <sublink>searchsd</sublink>
            </link>
            <thumbnail>https://image.tmdb.org/t/p/w1280/iFJGafuB2f2IJWG2EmdtUpgfAn6.jpg</thumbnail>
            <fanart>https://image.tmdb.org/t/p/w1280/zWKl0O88hHRinqadToYFVWuPkdG.jpg</fanart>
        </item>
        <item>
            <title>[COLOR gold]Snow White and the Seven Dwarfs[/COLOR]</title>
            <meta>
                <imdb>tt0029583</imdb>
                <content>movie</content>
                <title>Snow White and the Seven Dwarfs</title>
                <year>1937</year>
            </meta>
            <link>
                <sublink>searchhd</sublink>
                <sublink>searchsd</sublink>
            </link>
            <thumbnail>https://image.tmdb.org/t/p/w1280/wbVGRBYPRRahIZNGXY9TfHDUSc2.jpg</thumbnail>
            <fanart>https://image.tmdb.org/t/p/w1280/c66otZnSdri67kR7ps92kRX849o.jpg</fanart>
        </item>
		<item>
			<title>Song of the Sea (2014)</title>
			<meta>
				<content>movie</content>
				<imdb>tt1865505</imdb>
				<title>Song of the Sea</title>
				<year>2014</year>
			</meta>
			<link>
				<sublink>searchhd</sublink>
				<sublink>searchsd</sublink>
			</link>
			<thumbnail>https://image.tmdb.org/t/p/w1280/uvNv23Arf2ZYtimiStSB2c1DAEX.jpg</thumbnail>
			<fanart>https://image.tmdb.org/t/p/w1280/pmzR5Q8W0wbxpBV3lp548hBESiE.jpg</fanart>
		</item>
		<item>
			<title>Soul Surfer (2011)</title>
			<meta>
				<content>movie</content>
				<imdb>tt1596346</imdb>
				<title>Soul Surfer</title>
				<year>2011</year>
			</meta>
			<link>
				<sublink>searchhd</sublink>
				<sublink>searchsd</sublink>
			</link>
			<thumbnail>https://image.tmdb.org/t/p/w1280/t7twsxCK3vIkn4z0w4WwHuVZPNy.jpg</thumbnail>
			<fanart>https://image.tmdb.org/t/p/w1280/kkRc3JndbQtbH6ZQeOvU4vztgKS.jpg</fanart>
		</item>
		<item>
			<title>SpaceCamp (1986)</title>
			<meta>
				<content>movie</content>
				<imdb>tt0091993</imdb>
				<title>SpaceCamp</title>
				<year>1986</year>
			</meta>
			<link>
				<sublink>searchhd</sublink>
				<sublink>searchsd</sublink>
			</link>
			<thumbnail>https://image.tmdb.org/t/p/w1280/nPOagP0VcfmvFwwpDkHB95XaD7V.jpg</thumbnail>
			<fanart>https://image.tmdb.org/t/p/w1280/7hchjLbgiYdrNoblNa7i1DRivnM.jpg</fanart>
		</item>
        <item>
            <title>[COLOR gold]Spirit: Stallion of the Cimarron[/COLOR]</title>
            <meta>
                <imdb>tt0166813</imdb>
                <content>movie</content>
                <title>Spirit: Stallion of the Cimarron</title>
                <year>2002</year>
            </meta>
            <link>
                <sublink>searchhd</sublink>
                <sublink>searchsd</sublink>
            </link>
            <thumbnail>https://image.tmdb.org/t/p/w1280/7cfXsSe621cWpCpAuuJgud0Gszt.jpg</thumbnail>
            <fanart>https://image.tmdb.org/t/p/w1280/7UzVI4BepB9g8822H7UCXPjrMan.jpg</fanart>
        </item>
		<item>
			<title>Spy Kids 3: Game Over (2003)</title>
			<meta>
				<content>movie</content>
				<imdb>tt0338459</imdb>
				<title>Spy Kids 3: Game Over</title>
				<year>2003</year>
			</meta>
			<link>
				<sublink>searchhd</sublink>
				<sublink>searchsd</sublink>
			</link>
			<thumbnail>https://image.tmdb.org/t/p/w1280/tethGDyocmatW6Li1NcUBXQo6Oo.jpg</thumbnail>
			<fanart>https://image.tmdb.org/t/p/w1280/bmuTrxbPcr1nKCsV5YWWJi73PGR.jpg</fanart>
		</item>
		<item>
			<title>Spy Kids: All the Time in the World in 4D (2011)</title>
			<meta>
				<content>movie</content>
				<imdb>tt1517489</imdb>
				<title>Spy Kids: All the Time in the World in 4D</title>
				<year>2011</year>
			</meta>
			<link>
				<sublink>searchhd</sublink>
				<sublink>searchsd</sublink>
			</link>
			<thumbnail>https://image.tmdb.org/t/p/w1280/eHldUGDNxb4ZPQSPDnGolyFDECa.jpg</thumbnail>
			<fanart>https://image.tmdb.org/t/p/w1280/aezGIrtl4Q8KaLltPum0hR4VRuB.jpg</fanart>
		</item>
		<item>
			<title>Stand by Me (1986)</title>
			<meta>
				<content>movie</content>
				<imdb>tt0092005</imdb>
				<title>Stand by Me</title>
				<year>1986</year>
			</meta>
			<link>
				<sublink>searchhd</sublink>
				<sublink>searchsd</sublink>
			</link>
			<thumbnail>https://image.tmdb.org/t/p/w1280/7QbJa6syM4ZYxtey0d7qB7bmhzb.jpg</thumbnail>
			<fanart>https://image.tmdb.org/t/p/w1280/pOeL0gtSLNqwenJeojlTgy1D5Qk.jpg</fanart>
		</item>
		<item>
			<title>Stay Tuned (1992)</title>
			<meta>
				<content>movie</content>
				<imdb>tt0105466</imdb>
				<title>Stay Tuned</title>
				<year>1992</year>
			</meta>
			<link>
				<sublink>searchhd</sublink>
				<sublink>searchsd</sublink>
			</link>
			<thumbnail>https://image.tmdb.org/t/p/w1280/7k9r0Qq5OmCDissX1pDE5AWVScQ.jpg</thumbnail>
			<fanart>https://image.tmdb.org/t/p/w1280/vEL86RCVx0h0H1c1XKLIZwvsQqn.jpg</fanart>
		</item>
		<item>
			<title>Storks (2016)</title>
			<meta>
				<content>movie</content>
				<imdb>tt4624424</imdb>
				<title>Storks</title>
				<year>2016</year>
			</meta>
			<link>
				<sublink>searchhd</sublink>
				<sublink>searchsd</sublink>
			</link>
			<thumbnail>https://image.tmdb.org/t/p/w1280/5qVD5TD1CiALR5vUsMzh2BschVU.jpg</thumbnail>
			<fanart>https://image.tmdb.org/t/p/w1280/yziCg46YIvmWAvPdztuZQqNBinW.jpg</fanart>
		</item>
		<item>
			<title>Surf's Up (2007)</title>
			<meta>
				<content>movie</content>
				<imdb>tt0423294</imdb>
				<title>Surf's Up</title>
				<year>2007</year>
			</meta>
			<link>
				<sublink>searchhd</sublink>
				<sublink>searchsd</sublink>
			</link>
			<thumbnail>https://image.tmdb.org/t/p/w1280/2Car4vWVDenBIMhfCjBvAHzameI.jpg</thumbnail>
			<fanart>https://image.tmdb.org/t/p/w1280/v6cvZfSAiUjvFVCCiaPNaZLA7gk.jpg</fanart>
		</item>
    </wannabe>
</dipshit>