<dipshit>
	<wannabe>
		<item>
			<title>[COLOR gold]Jurassic World: Fallen Kingdom[/COLOR]</title>
			<meta>
				<content>movie</content>
				<imdb>tt4881806</imdb>
				<title>Jurassic World: Fallen Kingdom</title>
				<year>2018</year>
			</meta>
			<link>
				<sublink>https://openload.co/embed/863M9GjeSGc/Jurassic_World_Fallen_Kingdom_%282018%29_%5B720p%5D_HDTC_x264_AAC_%5BMW%5D_mkv.mp4</sublink>
				<sublink>https://rapidgator.net/file/97ca9e38eb6bb1c93fe85591255b1391/Jurassic.World.Fallen.Kingdom.2018.NEW.Proper_720p.HCTS.AC3.LLG.mp4.html (720P HCTS Real Debrid)</sublink>
			</link>
			<thumbnail>https://image.tmdb.org/t/p/w1280//c9XxwwhPHdaImA2f1WEfEsbhaFB.jpg</thumbnail>
			<fanart>https://image.tmdb.org/t/p/w1280//t0Kn7twXduHeFhOpTW2Gncu9l5F.jpg</fanart>
		</item>
		<item>
			<title>[COLOR red]12th Man[/COLOR]</title>
			<meta>
				<content>movie</content>
				<imdb>tt3300980</imdb>
			</meta>
			<link>
				<sublink>https://streamango.com/f/rbmnfdskppaqnsrp/The_12th_Man_2018_HDRip_XviD_AC3-EVO_avi_mp4</sublink>
				<sublink>search</sublink>
			</link>
			<thumbnail>https://image.tmdb.org/t/p/w600_and_h900_bestv2/wIt8qVnazEwzOt73keqaYwf2Tvj.jpg</thumbnail>
		</item>
		<item>
			<title>[COLOR gold]2036 Origin Unknown[/COLOR]</title>
			<meta>
				<imdb>tt4575328</imdb>
				<content>movie</content>
				<title>2036 Origin Unknown</title>
				<year>2018</year>
			</meta>
			<link>
				<sublink>https://openload.co/embed/FU2h21NTos8</sublink>
				<sublink>https://streamango.com/embed/ksarklemrlmksfln</sublink>
				<sublink>https://openload.co/embed/f5A-5gVmTXU/</sublink>
				<sublink>https://uptobox.com/v2rcotmz3w6k</sublink>
				<sublink>search</sublink>
			</link>
			<thumbnail>https://image.tmdb.org/t/p/w1280//v3StJTYXbU3OZ26Vh1PbczqfyCD.jpg</thumbnail>
			<fanart>https://image.tmdb.org/t/p/w1280//4Bq50yeN11BMXTr2xNjak84nWaA.jpg</fanart>
		</item>
		<item>
			<title>[COLOR gold]211[/COLOR]</title>
			<meta>
				<content>movie</content>
				<imdb>tt4976192</imdb>
			</meta>
			<link>
				<sublink>http://dl6.dlsdm.ir/Movie/Foreign/Temporary/211.2018.1080p.WEB-DL.6CH.DibaMoviez.mkv</sublink>
				<sublink>https://cloud.mail.ru/public/12y8/2sGEFssbf</sublink>
				<sublink>http://bankupload.com/r20bzd878tsh/2-1-1.2018.720p.WEB-DL.DD5.1.H264-CMRG.mkv</sublink>
				<sublink>https://streamango.com/embed/todondbrfpfqfcsl</sublink>
				<sublink>https://uptobox.com/844jtz2zap1d</sublink>
				<sublink>search</sublink>
			</link>
			<thumbnail>https://image.tmdb.org/t/p/w600_and_h900_bestv2/raomiLDo4NQVEqsavlh7jgRnJOb.jpg</thumbnail>
		</item>
		<item>
			<title>[COLOR gold]22 Jump Street[/COLOR]</title>
			<meta>
				<content>movie</content>
				<imdb>tt2294449</imdb>
			</meta>
			<link>
				<sublink>https://streamango.com/f/qnfloebeskrftllk/22_Jump_Street_2014_1080p_mp4</sublink>
				<sublink>search</sublink>
			</link>
			<thumbnail>https://image.tmdb.org/t/p/w600_and_h900_bestv2/gNlV5FhDZ1PjxSv2aqTPS30GEon.jpg</thumbnail>
		</item>
		<item>
			<title>[COLOR red]3 Days to Kill[/COLOR]</title>
			<meta>
				<content>movie</content>
				<imdb>tt2172934</imdb>
			</meta>
			<link>
				<sublink>https://streamango.com/f/rnnnpcefrqmnbpna/3_Days_to_Kill_2014_1080p_mp4</sublink>
				<sublink>search</sublink>
			</link>
			<thumbnail>https://image.tmdb.org/t/p/w600_and_h900_bestv2/x32ZavIG7P35e3yzmaqwg46SAjx.jpg</thumbnail>
		</item>
		<item>
			<title>[COLOR gold]47 Ronin[/COLOR]</title>
			<meta>
				<content>movie</content>
				<imdb>tt1335975</imdb>
			</meta>
			<link>
				<sublink>https://streamango.com/f/fbedtcnsrkemeotb/47_Ronin_2013_1080p_mp4</sublink>
				<sublink>search</sublink>
			</link>
			<thumbnail>https://image.tmdb.org/t/p/w600_and_h900_bestv2/pUH46wa0n4zXZytpriSaoNUXai4.jpg</thumbnail>
		</item>
		<item>
			<title>[COLOR gold]7 Cases[/COLOR]</title>
			<meta>
				<content>movie</content>
				<imdb>tt3012340</imdb>
			</meta>
			<link>
				<sublink>https://streamango.com/f/fmcmoarkelblakpm/7_Cases_2015_720p_WEB-DL_AVADL_CoM_mkv_mp4</sublink>
				<sublink>search</sublink>
			</link>
			<thumbnail>https://image.tmdb.org/t/p/w600_and_h900_bestv2/df7kTe1Z8TAM7nMrZToyVhsRJMb.jpg</thumbnail>
		</item>
		<item>
			<title>[COLOR gold]A Dangerous Date[/COLOR]</title>
			<meta>
				<content>movie</content>
				<imdb>tt4117338</imdb>
				<title>A Dangerous Date</title>
				<year>2018</year>
			</meta>
			<link>
				<sublink>https://streamango.com/f/dflbpmlflamesktn/A_Dangerous_Date_2018_720p_HDTV_x264-TTL_mkv_mp4</sublink>
				<sublink>search</sublink>
			</link>
			<thumbnail>https://ia.media-imdb.com/images/M/MV5BNjhkZTAxNWUtYWI2Ni00MzU3LWFhZDQtZjMzZWQ2ODZiZWUwXkEyXkFqcGdeQXVyNTQyODQ0ODA@._V1_.jpg</thumbnail>
		</item>
		<item>
			<title>[COLOR red]A Night at the Roxbury[/COLOR]</title>
			<meta>
				<content>movie</content>
				<imdb>tt0120770</imdb>
			</meta>
			<link>
				<sublink>https://streamango.com/f/fafdlodcobtaodcr/A_Night_At_The_Roxbury_mp4</sublink>
				<sublink>search</sublink>
			</link>
			<thumbnail>https://image.tmdb.org/t/p/w600_and_h900_bestv2/s4GoobEeEKQcWpbBnJ0TSXFt67B.jpg</thumbnail>
		</item>
		<item>
			<title>[COLOR red]Alien (1979)[/COLOR]</title>
			<meta>
				<content>movie</content>
				<imdb>tt0078748</imdb>
			</meta>
			<link>
				<sublink>https://streamango.com/f/alqnmkmnoqfnnntp/Alien_mp4</sublink>
				<sublink>search</sublink>
			</link>
			<thumbnail>https://image.tmdb.org/t/p/w600_and_h900_bestv2/2h00HrZs89SL3tXB4nbkiM7BKHs.jpg</thumbnail>
		</item>
		<item>
			<title>[COLOR red]American Psycho (2000)[/COLOR]</title>
			<meta>
				<content>movie</content>
				<imdb>tt0144084</imdb>
			</meta>
			<link>
				<sublink>https://streamango.com/f/oemcntltlfbsmlkr/American_Psycho_mp4</sublink>
				<sublink>search</sublink>
			</link>
			<thumbnail>https://image.tmdb.org/t/p/w600_and_h900_bestv2/qXsylPM4Lr5397R3eHrfqHhTUNc.jpg</thumbnail>
		</item>
		<item>
			<title>[COLOR red]Annabelle (2014)[/COLOR]</title>
			<meta>
				<content>movie</content>
				<imdb>tt3322940</imdb>
			</meta>
			<link>
				<sublink>https://streamango.com/f/areredonrpfsrplb/Annabelle_2014_720p_BRRip_AVADL_CoM_mp4</sublink>
				<sublink>search</sublink>
			</link>
			<thumbnail>https://image.tmdb.org/t/p/w600_and_h900_bestv2/yAgxM61Sn0dYML4C9v3MJFp5zPI.jpg</thumbnail>
		</item>
		<item>
			<title>[COLOR red]Assassin's Creed (2016)[/COLOR]</title>
			<meta>
				<content>movie</content>
				<imdb>tt2094766</imdb>
				<title>Assassin's Creed</title>
				<year>2016</year>
			</meta>
			<link>
				<sublink>https://streamango.com/f/amkfpkppkrcordbd/Assassins_Creed_2016_720p_BluRay_GAN_mkv_mp4</sublink>
				<sublink>search</sublink>
			</link>
			<thumbnail>https://image.tmdb.org/t/p/w600_and_h900_bestv2/tIKFBxBZhSXpIITiiB5Ws8VGXjt.jpg</thumbnail>
			<fanart>https://image.tmdb.org/t/p/original/r8aRipzR4wlDx0m7Bpi43Q84imc.jpg</fanart>
		</item>
		<item>
			<title>[COLOR gold]American Assassin (2017)[/COLOR]</title>
			<meta>
				<content>movie</content>
				<imdb>tt1961175</imdb>
				<title>American Assassin</title>
				<year>2017</year>
			</meta>
			<link>
				<sublink>https://streamango.com/f/kartbbqnaflemdtc/American_Assassin_2017_720p_nItRo_mkv_mp4</sublink>
				<sublink>search</sublink>
			</link>
			<thumbnail>https://image.tmdb.org/t/p/w600_and_h900_bestv2/w6vjeHx3UEaBXIyc8VFqyZYKznD.jpg</thumbnail>
			<fanart>https://image.tmdb.org/t/p/original/wb78lmqAXsUVG84xrmAOJBfgZHr.jpg</fanart>
		</item>
		<item>
			<title>[COLOR gold]American Made (2017)[/COLOR]</title>
			<meta>
				<content>movie</content>
				<imdb>tt3532216</imdb>
				<title>American Made</title>
				<year>2017</year>
			</meta>
			<link>
				<sublink>https://streamango.com/f/nkkeqmffabdraabk/American_Made_2017_720p_Filmbaroon_com_mkv_mp4</sublink>
				<sublink>search</sublink>
			</link>
			<thumbnail>https://image.tmdb.org/t/p/w600_and_h900_bestv2/23ILgoPSO5ShKcTZOuiTVfqFAUB.jpg</thumbnail>
			<fanart>https://image.tmdb.org/t/p/original/thBankgTBZAM3YkdeeF7fuDvkcD.jpg</fanart>
		</item>
		<item>
			<title>[COLOR gold]Annabelle: Creation (2017)[/COLOR]</title>
			<meta>
				<content>movie</content>
				<imdb>tt5140878</imdb>
				<title>Annabelle: Creation</title>
				<year>2017</year>
			</meta>
			<link>
				<sublink>http://uptostream.com/ksmppic6cuoc</sublink>
				<sublink>search</sublink>
			</link>
			<thumbnail>https://image.tmdb.org/t/p/w600_and_h900_bestv2/tb86j8jVCVsdZnzf8I6cIi65IeM.jpg</thumbnail>
			<fanart>https://image.tmdb.org/t/p/original/AsltfryeN4oYHv2numOFn8NpGE8.jpg</fanart>
		</item>
		<item>
			<title>[COLOR red]Avatar (2009)[/COLOR]</title>
			<meta>
				<content>movie</content>
				<imdb>tt0499549</imdb>
			</meta>
			<link>
				<sublink>https://streamango.com/f/rftktsotpqnbkfpp/Avatar_mp4</sublink>
				<sublink>search</sublink>
			</link>
			<thumbnail>https://image.tmdb.org/t/p/w600_and_h900_bestv2/kmcqlZGaSh20zpTbuoF0Cdn07dT.jpg</thumbnail>
		</item>
		<item>
			<title>[COLOR gold]An Ordinary Man (2017)[/COLOR]</title>
			<meta>
				<content>movie</content>
				<imdb>tt1785288</imdb>
				<title>An Ordinary Man</title>
				<year>2017</year>
			</meta>
			<link>
				<sublink>https://streamango.com/f/ecksqkldtlnrcbem/An_Ordinary_Man_2017_720p_WEB-DL_Filmbaroon_com_mkv_mp4</sublink>
				<sublink>search</sublink>
			</link>
			<thumbnail>https://image.tmdb.org/t/p/w600_and_h900_bestv2/qoGRUnru2gMh8WOK74zINPT80A5.jpg</thumbnail>
			<fanart>https://image.tmdb.org/t/p/original/b48yqgYlaA9EZdCjh1EAtPe12fY.jpg</fanart>
		</item>
		<item>
			<title>[COLOR red]Austin Powers: International Man of Mystery (1997)[/COLOR]</title>
			<meta>
				<content>movie</content>
				<imdb>tt0118655</imdb>
			</meta>
			<link>
				<sublink>https://streamango.com/f/rpscoaonrnpsrnpn/Austin_Powers_Intl_Man_Of_Mystery_mp4</sublink>
				<sublink>search</sublink>
			</link>
			<thumbnail>https://image.tmdb.org/t/p/w600_and_h900_bestv2/1Ly0MRK2Na0aRpy2bD6GBRP3Rzx.jpg</thumbnail>
		</item>
		<item>
			<title>[COLOR gold]Austin Powers in Goldmember (2002)[/COLOR]</title>
			<meta>
				<content>movie</content>
				<imdb>tt0295178</imdb>
			</meta>
			<link>
				<sublink>https://streamango.com/f/mrfsmebacbakokte/Austin_Powers_Goldmember_mp4</sublink>
				<sublink>search</sublink>
			</link>
			<thumbnail>https://image.tmdb.org/t/p/w600_and_h900_bestv2/tFR7dTbX5BsmoUwKHfa2cWoZbwK.jpg</thumbnail>
		</item>
		<item>
			<title>[COLOR red]A Ghost Story (2017)[/COLOR]</title>
			<meta>
				<content>movie</content>
				<imdb>tt6265828</imdb>
				<title>A Ghost Story</title>
				<year>2017</year>
			</meta>
			<link>
				<sublink>https://streamango.com/f/psrbqftqdmepttln/A_Ghost_Story_2017_720p_MkvCage_mkv_mp4</sublink>
				<sublink>search</sublink>
			</link>
			<thumbnail>https://image.tmdb.org/t/p/w600_and_h900_bestv2/ydENrBUenr4khaP6tj4JZn1CpMs.jpg</thumbnail>
			<fanart>https://image.tmdb.org/t/p/original/2y2aqaScd7jsUee0ddI1iRNgwGq.jpg</fanart>
		</item>
		<item>
			<title>[COLOR gold]A Bad Moms Christmas (2017)[/COLOR]</title>
			<meta>
				<content>movie</content>
				<imdb>tt6359956</imdb>
				<title>A Bad Moms Christmas</title>
				<year>2017</year>
			</meta>
			<link>
				<sublink>https://streamango.com/f/esofsscmmbdcqamt/A_Bad_Moms_Christmas_2017_720p_SHeRiF_mkv_mp4</sublink>
				<sublink>search</sublink>
			</link>
			<thumbnail>https://image.tmdb.org/t/p/w600_and_h900_bestv2/gPNHolu7AGnrB7r5kvJRRTfwMFR.jpg</thumbnail>
			<fanart>https://image.tmdb.org/t/p/original/oR4u6ZlLx0nVUuq1OfYKuwVhtkg.jpg</fanart>
		</item>
		<item>
			<title>[COLOR red]Atomic Blonde (2017)[/COLOR]</title>
			<meta>
				<content>movie</content>
				<imdb>tt2406566</imdb>
				<title>Atomic Blonde</title>
				<year>2017</year>
			</meta>
			<link>
				<sublink>https://streamango.com/f/eodkmdktqrckqebp/Atomic_Blonde_2017_1080p_BRRip_6CH_MkvCage_FardaDL_mkv_mp4</sublink>
				<sublink>search</sublink>
			</link>
			<thumbnail>https://image.tmdb.org/t/p/w600_and_h900_bestv2/kV9R5h0Yct1kR8Hf8sJ1nX0Vz4x.jpg</thumbnail>
			<fanart>https://image.tmdb.org/t/p/original/e0e4hNHk2hmYqBuS08iiH6Jn873.jpg</fanart>
		</item>
		<item>
			<title>[COLOR gold]Acts Of Vengeance (2017)[/COLOR]</title>
			<meta>
				<content>movie</content>
				<imdb>tt6288694</imdb>
				<title>Acts Of Vengeance</title>
				<year>2017</year>
			</meta>
			<link>
				<sublink>https://streamango.com/f/ftbnmqsqbalmftdm/Acts_Of_Vengeance_2017_1080p_RARBG_mkv_mp4</sublink>
				<sublink>search</sublink>
			</link>
			<thumbnail>https://image.tmdb.org/t/p/w600_and_h900_bestv2/r5o6vWPYOQs6bv91gQ8kQs2zQYl.jpg</thumbnail>
			<fanart>https://image.tmdb.org/t/p/original/rjOV8legMNTLzaljkcZBR3gAc9F.jpg</fanart>
		</item>
		<item>
			<title>[COLOR red]A Gentleman (2017)[/COLOR]</title>
			<meta>
				<content>movie</content>
				<imdb>tt5613834</imdb>
				<title>A Gentleman</title>
				<year>2017</year>
			</meta>
			<link>
				<sublink>https://streamango.com/f/sbsaqrmloedntdsm/A_Gentleman_2017_1080p_SiteMovie_ir_mkv_mp4</sublink>
				<sublink>search</sublink>
			</link>
			<thumbnail>https://image.tmdb.org/t/p/w600_and_h900_bestv2/rsZmANIzl7Ut27uBFWGz1tgPWVs.jpg</thumbnail>
			<fanart>https://image.tmdb.org/t/p/original/wwPWKRteE3vxTMta2IxdRgEhYsq.jpg</fanart>
		</item>
		<item>
			<title>[COLOR gold]American History X (1998)[/COLOR]</title>
			<meta>
				<content>movie</content>
				<imdb>tt0120586</imdb>
				<title>American History X</title>
				<year>1998</year>
			</meta>
			<link>
				<sublink>https://streamango.com/f/ldccqpnqptrkqrkc/33_-_American_History_X_1998_720p_mkv_mp4</sublink>
				<sublink>search</sublink>
			</link>
			<thumbnail>https://image.tmdb.org/t/p/w600_and_h900_bestv2/fXepRAYOx1qC3wju7XdDGx60775.jpg</thumbnail>
			<fanart>https://image.tmdb.org/t/p/original/i9A0UMFg1hI2kLyCCwnmSbpT2cd.jpg</fanart>
		</item>
		<item>
			<title>[COLOR red]Avengers: Infinity War (2018)[/COLOR]</title>
			<meta>
				<content>movie</content>
				<imdb>tt4154756</imdb>
			</meta>
			<link>
				<sublink>https://streamango.com/embed/dkqakkeftslflqfk</sublink>
				<sublink>search</sublink>
			</link>
			<thumbnail>https://image.tmdb.org/t/p/w600_and_h900_bestv2/7WsyChQLEftFiDOVTGkv3hFpyyt.jpg</thumbnail>
		</item>
		<item>
			<title>[COLOR gold]Baby Driver (2017)[/COLOR]</title>
			<meta>
				<content>movie</content>
				<imdb>tt3890160</imdb>
				<title>Baby Driver</title>
				<year>2017</year>
			</meta>
			<link>
				<sublink>https://streamango.com/embed/cfkcddnarbqlqtbn</sublink>
				<sublink>search</sublink>
			</link>
			<thumbnail>https://image.tmdb.org/t/p/w600_and_h900_bestv2/9MLw0k8huAabnzsxCj5zmGHtWXm.jpg</thumbnail>
			<fanart>https://image.tmdb.org/t/p/original/goCvLSUFz0p7k8R10Hv4CVh3EQv.jpg</fanart>
		</item>
		<item>
			<title>[COLOR red]Back to School (1986)[/COLOR]</title>
			<meta>
				<content>movie</content>
				<imdb>tt0090685</imdb>
			</meta>
			<link>
				<sublink>https://streamango.com/f/cqfberbnodmmstka/Back_To_School_mp4</sublink>
				<sublink>search</sublink>
			</link>
			<thumbnail>https://image.tmdb.org/t/p/w600_and_h900_bestv2/8k0qfMvpHPttsyt8MqZJR8IOaRN.jpg</thumbnail>
		</item>
		<item>
			<title>[COLOR gold]Back to the Future (1985)[/COLOR]</title>
			<meta>
				<content>movie</content>
				<imdb>tt0088763</imdb>
			</meta>
			<link>
				<sublink>https://streamango.com/f/nbroadckmetfdemq/Back_To_The_Future_mp4</sublink>
				<sublink>search</sublink>
			</link>
			<thumbnail>https://image.tmdb.org/t/p/w600_and_h900_bestv2/pTpxQB1N0waaSc3OSn0e9oc8kx9.jpg</thumbnail>
		</item>
		<item>
			<title>[COLOR red]Back to the Future Part II (1989)[/COLOR]</title>
			<meta>
				<content>movie</content>
				<imdb>tt0096874</imdb>
			</meta>
			<link>
				<sublink>https://streamango.com/f/fppnmradcracbatc/Back_To_The_Future_Part_II_mp4</sublink>
				<sublink>search</sublink>
			</link>
			<thumbnail>https://image.tmdb.org/t/p/w600_and_h900_bestv2/k5dzvCQkXU2CAhLtlj9BHE7xmyK.jpg</thumbnail>
		</item>
		<item>
			<title>[COLOR gold]Back to the Future Part III (1990)[/COLOR]</title>
			<meta>
				<content>movie</content>
				<imdb>tt0099088</imdb>
			</meta>
			<link>
				<sublink>https://streamango.com/f/lerlskfadontqmrb/Back_To_The_Future_Part_III_mp4</sublink>
				<sublink>search</sublink>
			</link>
			<thumbnail>https://image.tmdb.org/t/p/w600_and_h900_bestv2/6DmgPTZYaug7QNDjOhUDWyjOQDl.jpg</thumbnail>
		</item>
		<item>
			<title>[COLOR red]Baywatch (2017)[/COLOR]</title>
			<meta>
				<content>movie</content>
				<imdb>tt1469304</imdb>
				<title>Baywatch</title>
				<year>2017</year>
			</meta>
			<link>
				<sublink>https://streamango.com/f/tdkqnbrpcqtocmmq/Baywatch_2017_UNRATED_720p_YIFY_mp4</sublink>
				<sublink>search</sublink>
			</link>
			<thumbnail>https://image.tmdb.org/t/p/w600_and_h900_bestv2/6HE4xd8zloDqmjMZuhUCCw2UcY1.jpg</thumbnail>
			<fanart>https://image.tmdb.org/t/p/original/t6TL7V9IsT4Ktx6YO8b1UYj3agd.jpg</fanart>
		</item>
		<item>
			<title>[COLOR gold]Behind Enemy Lines (2001)[/COLOR]</title>
			<meta>
				<content>movie</content>
				<imdb>tt0159273</imdb>
			</meta>
			<link>
				<sublink>https://streamango.com/f/bdpnosbmarfecelf/Behind_Enemy_Lines_mp4</sublink>
				<sublink>search</sublink>
			</link>
			<thumbnail>https://image.tmdb.org/t/p/w600_and_h900_bestv2/dl1OgKeKxKQsOAqGM7TZRNozbKf.jpg</thumbnail>
		</item>
		<item>
			<title>[COLOR red]Bent (2018)[/COLOR]</title>
			<meta>
				<content>movie</content>
				<imdb>tt2237324</imdb>
			</meta>
			<link>
				<sublink>https://streamango.com/f/fmccftnoceeqrotq/B-t_2018_BluRay_1080p_DTS-HDMA5_1_x264-MTeam_mkv_mp4</sublink>
				<sublink>search</sublink>
			</link>
			<thumbnail>https://image.tmdb.org/t/p/w600_and_h900_bestv2/xUqimeu4KzFeqTvblNLvG8Y1DAo.jpg</thumbnail>
		</item>
		<item>
			<title>Blockers</title>
			<meta>
				<imdb>tt2531344</imdb>
				<content>movie</content>
				<title>Blockers</title>
				<year>2018</year>
			</meta>
			<link>
				<sublink>https://openload.co/f/eWfI7408BZU/Blockers.2018.HDRip.AC3.X264-CMRG.mkv.mp4</sublink>
				<sublink>searchd</sublink>
			</link>
			<thumbnail>https://image.tmdb.org/t/p/w1280//cx0LpfM6Drla8uzFfMT09uqKPRu.jpg</thumbnail>
			<fanart>https://image.tmdb.org/t/p/w1280//fqPIDVSTl6f1l02fb2rRVYPl5JE.jpg</fanart>
		</item>
		<item>
			<title>[COLOR gold]Bleeding Steel[/COLOR]</title>
			<meta>
				<imdb>tt5813366</imdb>
				<content>movie</content>
				<title>Bleeding Steel</title>
				<year>2017</year>
			</meta>
			<link>
				<sublink>http://bit.ly/2HTmfX9</sublink>
				<sublink>http://bit.ly/2rncNkD</sublink>
				<sublink>http://bit.ly/2JSs97r</sublink>
				<sublink>search</sublink>
			</link>
			<thumbnail>https://image.tmdb.org/t/p/w1280//8qqPmQr0s2bZHPBMASpBXOKUZoi.jpg</thumbnail>
			<fanart>https://image.tmdb.org/t/p/w1280//h3ir8VfpSEtoEBJjEarEludkjKL.jpg</fanart>
		</item>
		<item>
			<title>[COLOR gold]Bomb City (2017)[/COLOR]</title>
			<meta>
				<content>movie</content>
				<imdb>tt4351548</imdb>
			</meta>
			<link>
				<sublink>https://streamango.com/f/rrleanpasencfpsa/B-C_2017_1080p_BluRay_X264-AMIABLE_mkv_mp4</sublink>
				<sublink>search</sublink>
			</link>
			<thumbnail>https://image.tmdb.org/t/p/w600_and_h900_bestv2/kho48mWJ5xuiLn5bpuIvO6ZP7ep.jpg</thumbnail>
		</item>
		<item>
			<title>[COLOR red]Bleeding Steel (2017)[/COLOR]</title>
			<meta>
				<content>movie</content>
				<imdb>tt5813366</imdb>
			</meta>
			<link>
				<sublink>https://streamango.com/f/qslqtqfenmsaceno/B_S_2017_720p_WEB-DL_DD5_1_X264-CMRG_16008_mkv</sublink>
				<sublink>search</sublink>
			</link>
			<thumbnail>https://image.tmdb.org/t/p/w600_and_h900_bestv2/uaZFzwd87Wp2IxPLkDECXDc6Yil.jpg</thumbnail>
		</item>
		<item>
			<title>[COLOR gold]Blood Honey (2017)[/COLOR]</title>
			<meta>
				<content>movie</content>
				<imdb>tt1380151</imdb>
			</meta>
			<link>
				<sublink>https://streamango.com/f/ddfadebfpptrreqn/Blood_Honey_2018_720p_WEB-DL-_iMediaShare_mkv_mp4</sublink>
				<sublink>search</sublink>
			</link>
			<thumbnail>https://image.tmdb.org/t/p/w600_and_h900_bestv2/ppApCGPCSlC9aYgTXerPeBReE3U.jpg</thumbnail>
		</item>
		<item>
			<title>[COLOR red]Brawl in Cell Block 99 (2017)[/COLOR]</title>
			<meta>
				<content>movie</content>
				<imdb>tt5657856</imdb>
				<title>Brawl in Cell Block 99</title>
				<year>2017</year>
			</meta>
			<link>
				<sublink>https://streamango.com/f/fftarmoqsaalsmeq/Brawl_in_Cell_Block_99_2017_mp4</sublink>
				<sublink>search</sublink>
			</link>
			<thumbnail>https://image.tmdb.org/t/p/w600_and_h900_bestv2/bfB1J6jsjdGWKjXxKQ5hNd1OyAs.jpg</thumbnail>
			<fanart>https://image.tmdb.org/t/p/original/tvT5OlDOBHgnyyn4QsFQXC6IWyJ.jpg</fanart>
		</item>
		<item>
			<title>[COLOR gold]Breaking In (2018)[/COLOR]</title>
			<meta>
				<content>movie</content>
				<imdb>tt7137846</imdb>
			</meta>
			<link>
				<sublink>https://streamango.com/f/tdktkneollcaqtnr/B_i_2018_HDCAM_ENG_X264-THAN0S_mkv_mp4</sublink>
				<sublink>search</sublink>
			</link>
			<thumbnail>https://image.tmdb.org/t/p/w600_and_h900_bestv2/bKH7H4f5LPBQ5KOmHPcYtxCo7Od.jpg</thumbnail>
		</item>
		<item>
			<title>[COLOR gold]Bullet Head (2017)[/COLOR]</title>
			<meta>
				<content>movie</content>
				<imdb>tt6204340</imdb>
			</meta>
			<link>
				<sublink>https://streamango.com/f/qbpbdrmbbfrcaaqb/Bullet_Head_2017_720p_WEB-DL_x264-_iMediaShare_mkv_mp4</sublink>
				<sublink>search</sublink>
			</link>
			<thumbnail>https://image.tmdb.org/t/p/w600_and_h900_bestv2/ySmKQPjWnNzuZ5YliQaOVEnWn2.jpg</thumbnail>
		</item>
		<item>
			<title>[COLOR gold]Cargo (2017)[/COLOR]</title>
			<meta>
				<content>movie</content>
				<imdb>tt3860916</imdb>
			</meta>
			<link>
				<sublink>https://streamango.com/f/enfkcatcorcaklla/C-o_2017_internal_1080p_web_x264-strife_mkv_mp4</sublink>
				<sublink>search</sublink>
			</link>
			<thumbnail>https://image.tmdb.org/t/p/w600_and_h900_bestv2/cdPSUck4tBRvRu6DFk6XciDrssn.jpg</thumbnail>
		</item>
		<item>
			<title>[COLOR gold]Catch Me If You Can (2002)[/COLOR]</title>
			<meta>
				<content>movie</content>
				<imdb>tt0264464</imdb>
			</meta>
			<link>
				<sublink>https://streamango.com/f/fnpqmtndkpebdssp/Catch_Me_If_You_Can_mp4</sublink>
				<sublink>search</sublink>
			</link>
			<thumbnail>https://image.tmdb.org/t/p/w600_and_h900_bestv2/MywWCQGJNUr5kivAQ7eseCG7rm.jpg</thumbnail>
		</item>
		<item>
			<title>[COLOR gold]Chain Reaction (1996)[/COLOR]</title>
			<meta>
				<content>movie</content>
				<imdb>tt0115857</imdb>
			</meta>
			<link>
				<sublink>https://streamango.com/f/ckdpllnsdbnormtn/Chain_Reaction_mp4</sublink>
				<sublink>search</sublink>
			</link>
			<thumbnail>https://image.tmdb.org/t/p/w600_and_h900_bestv2/t6anpB9iny456N7sVLd3S0QARGv.jpg</thumbnail>
		</item>
		<item>
			<title>[COLOR gold]Coco (2017)[/COLOR]</title>
			<meta>
				<content>movie</content>
				<imdb>tt2380307</imdb>
				<title>Coco</title>
				<year>2017</year>
			</meta>
			<link>
				<sublink>https://streamango.com/f/nckspmacbflqdlaa/c-o-c-o_2017_1080p_bluray_x264-sparks_mkv_mp4</sublink>
				<sublink>search</sublink>
			</link>
			<thumbnail>https://image.tmdb.org/t/p/w600_and_h900_bestv2/eKi8dIrr8voobbaGzDpe8w0PVbC.jpg</thumbnail>
		</item>
		<item>
			<title>[COLOR gold]Come Sunday (2018)[/COLOR]</title>
			<meta>
				<content>movie</content>
				<imdb>tt1690967</imdb>
				<title>Come Sunday</title>
				<year>2018</year>
			</meta>
			<link>
				<sublink>https://streamango.com/f/clmcmkemslcanabf/C_S_2018_1080p_WEBRip_DD5_1_x264-CiELOS_mkv_mp4</sublink>
				<sublink>search</sublink>
			</link>
			<thumbnail>https://image.tmdb.org/t/p/w600_and_h900_bestv2/oucoXiLsc07YryywgjddmU3YoDV.jpg</thumbnail>
		</item>
		<item>
			<title>[COLOR red]Corbin Nash[/COLOR]</title>
			<meta>
				<imdb>tt2948160</imdb>
				<content>movie</content>
				<title>Corbin Nash</title>
				<year>2018</year>
			</meta>
			<link>
				<sublink>http://nitroflare.com/view/DB565852FA3B31E/corbin.nash.2018.1080p.bluray.x264-latency.mkv (1080P Real Debrid)</sublink>
				<sublink>https://openload.co/embed/0H3HqIoGdWs</sublink>
				<sublink>searchhd</sublink>
			</link>
			<thumbnail>https://image.tmdb.org/t/p/w1280//2B5LnI7tytfKk7SnHCyFTVkBFWy.jpg</thumbnail>
			<fanart>https://image.tmdb.org/t/p/w1280//kikDkdcRheFwB26asLXaHueLQUS.jpg</fanart>
		</item>
		<item>
			<title>[COLOR gold]Corruptor (2017)[/COLOR]</title>
			<meta>
				<content>movie</content>
				<imdb>tt8093782</imdb>
			</meta>
			<link>
				<sublink>https://streamango.com/f/sbpbnroeqsnqtrqc/C-o-r-r-u-p-t-o-r_2018_HDRip_XviD_AC3-EVO_avi_mp4</sublink>
				<sublink>search</sublink>
			</link>
			<thumbnail>https://image.tmdb.org/t/p/w600_and_h900_bestv2/5nbIF5KcjmQxHrAs0DXHE5auWC3.jpg</thumbnail>
		</item>
		<item>
			<title>[COLOR gold]Crimson Tide (1995)[/COLOR]</title>
			<meta>
				<content>movie</content>
				<imdb>tt0112740</imdb>
			</meta>
			<link>
				<sublink>https://streamango.com/f/rqkfcnnqbpokqbdk/Crimson_Tide_mp4</sublink>
				<sublink>search</sublink>
			</link>
			<thumbnail>https://image.tmdb.org/t/p/w600_and_h900_bestv2/oDJyDX11HW4j565vUjmFagKxDTQ.jpg</thumbnail>
		</item>
		<item>
			<title>[COLOR gold]Crown Heights (2017)[/COLOR]</title>
			<meta>
				<content>movie</content>
				<imdb>tt3268340</imdb>
				<title>Crown Heights</title>
				<year>2017</year>
			</meta>
			<link>
				<sublink>https://streamango.com/f/pbnnersbesoltbqf/Crown_Heights_2017_WEB-DL_1080p_Filmbaroon_com_mkv_mp4</sublink>
				<sublink>search</sublink>
			</link>
			<thumbnail>https://image.tmdb.org/t/p/w600_and_h900_bestv2/ksTHqOb8bPPdbIsZXHnWX3NrgfH.jpg</thumbnail>
			<fanart>https://image.tmdb.org/t/p/original/8kT4NFQfNZ2ig6Nj7FVeACTH9v1.jpg</fanart>
		</item>
		<item>
			<title>[COLOR gold]Day of the Dead: Bloodline (2018)[/COLOR]</title>
			<meta>
				<content>movie</content>
				<imdb>tt3053228</imdb>
			</meta>
			<link>
				<sublink>https://streamango.com/f/snnqlspbpkfstblq/Day_of_the_Dead_Bloodline_2018_720p_WEB-DL_x264-_iMediaShare_mkv_mp4</sublink>
				<sublink>search</sublink>
			</link>
			<thumbnail>https://image.tmdb.org/t/p/w600_and_h900_bestv2/3jM4C1wJxHLWlF4tcSyyv6fnJPR.jpg</thumbnail>
		</item>
		<item>
			<title>[COLOR gold]Death Race 4: Beyond Anarchy (2018)[/COLOR]</title>
			<meta>
				<content>movie</content>
				<imdb>tt3807900</imdb>
				<title>Death Race 4: Beyond Anarchy </title>
				<year>2018</year>
			</meta>
			<link>
				<sublink>https://streamango.com/f/pdfsemstetbrtonc/Death_Race_-4_Beyond_Anarchy_2018_720p_mkv_mp4</sublink>
				<sublink>search</sublink>
			</link>
			<thumbnail>https://image.tmdb.org/t/p/w600_and_h900_bestv2/h4CrVSJO8G2xRFgkxjPX8LCLzCk.jpg</thumbnail>
			<fanart>https://image.tmdb.org/t/p/original/W8V8d9bjLZURgEGbIB5TC70yaj.jpg</fanart>
		</item>
		<item>
			<title>[COLOR gold]Demolition Man (1993)[/COLOR]</title>
			<meta>
				<content>movie</content>
				<imdb>tt0106697</imdb>
			</meta>
			<link>
				<sublink>https://streamango.com/f/bsmcctesbcpeolee/Demolition_Man_mp4</sublink>
				<sublink>search</sublink>
			</link>
			<thumbnail>https://image.tmdb.org/t/p/w600_and_h900_bestv2/k0PN3Ho12cGGIVJW7SCS7apLYaP.jpg</thumbnail>
		</item>
		<item>
			<title>[COLOR gold]Den of Thieves (2018)[/COLOR]</title>
			<meta>
				<content>movie</content>
				<imdb>tt1259528</imdb>
				<title>Den of Thieves</title>
				<year>2018</year>
			</meta>
			<link>
				<sublink>https://streamango.com/f/kakntndpflskrrot/D_Th_2018_720p_WEB-DL_H264_AC3-EVO_mkv_mp4</sublink>
				<sublink>search</sublink>
			</link>
			<thumbnail>https://image.tmdb.org/t/p/w600_and_h900_bestv2/onnxOne4EVdpqtuTpEBtD1I8tdJ.jpg</thumbnail>
		</item>
		<item>
			<title>[COLOR gold]Deep Blue Sea 2 (2018)[/COLOR]</title>
			<meta>
				<content>movie</content>
				<imdb>tt7086706</imdb>
				<title>Deep Blue Sea 2</title>
				<year>2018</year>
			</meta>
			<link>
				<sublink>https://streamango.com/f/kptmeplfescatabt/Deep_Blue_Sea_2_2018_BluRay_720p_x264_DTS-HDChina_mkv_mp4</sublink>
				<sublink>search</sublink>
			</link>
			<thumbnail>https://image.tmdb.org/t/p/w600_and_h900_bestv2/pGYZLSXiN4LfScxfrKMyR7VnmKI.jpg</thumbnail>
		</item>
		<item>
			<title>[COLOR gold]Desolation (2017)[/COLOR]</title>
			<meta>
				<content>movie</content>
				<imdb>tt4444798</imdb>
				<title>Desolation</title>
				<year>2017</year>
			</meta>
			<link>
				<sublink>https://streamango.com/f/rpapkfdbnsqbksml/Desolation_2017_2017_1080p_WEB-DL_DD5_1_H_264_CRO-DIAMOND_mkv_mp4</sublink>
				<sublink>search</sublink>
			</link>
			<thumbnail>https://image.tmdb.org/t/p/w600_and_h900_bestv2/1qkcyOEpbgrJZgAK8FsiKMp7W4w.jpg</thumbnail>
		</item>
		<item>
			<title>[COLOR gold]Detroit (2017)[/COLOR]</title>
			<meta>
				<content>movie</content>
				<imdb>tt5390504</imdb>
				<title>Detroit</title>
				<year>2017</year>
			</meta>
			<link>
				<sublink>https://streamango.com/f/ebsclrqamslrsqce/Detroit_2017_mp4</sublink>
				<sublink>search</sublink>
			</link>
			<thumbnail>https://image.tmdb.org/t/p/w600_and_h900_bestv2/tmCt2hy9QoFHft3UcHwpGX2Sihl.jpg</thumbnail>
			<fanart>https://image.tmdb.org/t/p/original/zpkWkIXEwSErbIgOlh1NkwQ6Pyj.jpg</fanart>
		</item>
		<item>
			<title>[COLOR gold]Devil's Gate (2017)[/COLOR]</title>
			<meta>
				<content>movie</content>
				<imdb>tt4610748</imdb>
			</meta>
			<link>
				<sublink>https://streamango.com/f/plcfefcmdnnkkqkl/Devils_Gate_2017_720p_WEB-DL_x264-_iMediaShare_mkv_mp4</sublink>
				<sublink>search</sublink>
			</link>
			<thumbnail>https://image.tmdb.org/t/p/w600_and_h900_bestv2/qlguwriLf7PkG6jAzpnClkZKmHi.jpg</thumbnail>
		</item>
		<item>
			<title>[COLOR gold]Fall of Grace (2017)[/COLOR]</title>
			<meta>
				<content>movie</content>
				<imdb>tt5839116</imdb>
			</meta>
			<link>
				<sublink>https://streamango.com/f/obrdfqaqbrlclaad/Fall_of_Grace_2017_720p_WEB-DL_x264-_iMediaShare_mkv_mp4</sublink>
				<sublink>search</sublink>
			</link>
			<thumbnail>https://image.tmdb.org/t/p/w600_and_h900_bestv2/bJ6pMkEppIhea1SwgZcacYYJsoM.jpg</thumbnail>
		</item>
		<item>
			<title>[COLOR gold]Fifty Shades Freed (2018)[/COLOR]</title>
			<meta>
				<content>movie</content>
				<imdb>tt4477536</imdb>
				<title>Fifty Shades Freed</title>
				<year>2018</year>
			</meta>
			<link>
				<sublink>https://streamango.com/f/kdtdpnacqokptmac/Fifty_Shades_Freed_2018_720p_HDRip_X264_AC3-EVO_mkv_mp4</sublink>
				<sublink>search</sublink>
			</link>
			<thumbnail>https://image.tmdb.org/t/p/w600_and_h900_bestv2/vwFR5WI1RQ1RCxS0cdTbiSgaXJr.jpg</thumbnail>
			<fanart>https://image.tmdb.org/t/p/original/iuyE1qy9HoTsMg0DHB1KJxM94DJ.jpg</fanart>
		</item>
		<item>
			<title>[COLOR gold]Final Destination (2000)[/COLOR]</title>
			<meta>
				<content>movie</content>
				<imdb>tt0195714</imdb>
			</meta>
			<link>
				<sublink>https://streamango.com/f/edsfrpsmabmacfke/Final_Destination_mp4</sublink>
				<sublink>search</sublink>
			</link>
			<thumbnail>https://image.tmdb.org/t/p/w600_and_h900_bestv2/nW6JfCIWqUpIESlras0nrVy4pCl.jpg</thumbnail>
		</item>
		<item>
			<title>[COLOR gold]Final Destination 2 (2003)[/COLOR]</title>
			<meta>
				<content>movie</content>
				<imdb>tt0309593</imdb>
			</meta>
			<link>
				<sublink>https://streamango.com/f/bcqqccqstraaodce/Final_Destination_2_mp4</sublink>
				<sublink>search</sublink>
			</link>
			<thumbnail>https://image.tmdb.org/t/p/w600_and_h900_bestv2/2Tj8YJJuahzwUbdYDgydYX4Yj4Y.jpg</thumbnail>
		</item>
		<item>
			<title>[COLOR gold]Final Destination 3 (2006)[/COLOR]</title>
			<meta>
				<content>movie</content>
				<imdb>tt0414982</imdb>
			</meta>
			<link>
				<sublink>https://streamango.com/f/enfebednamqkekrf/Final_Destination_3_mp4</sublink>
				<sublink>search</sublink>
			</link>
			<thumbnail>https://image.tmdb.org/t/p/w600_and_h900_bestv2/p7ARuNKUGPGvkBiDtIDvAzYzonX.jpg</thumbnail>
		</item>
		<item>
			<title>[COLOR gold]Final Destination (2009)[/COLOR]</title>
			<meta>
				<content>movie</content>
				<imdb>tt1144884</imdb>
			</meta>
			<link>
				<sublink>https://streamango.com/f/pdpmaecmpamabfqt/Final_Destination_4_mp4</sublink>
				<sublink>search</sublink>
			</link>
			<thumbnail>https://image.tmdb.org/t/p/w600_and_h900_bestv2/i7f83yPExPOtpboGn9sEZ3LHc9i.jpg</thumbnail>
		</item>
		<item>
			<title>[COLOR gold]Final Destination 5 (2011)[/COLOR]</title>
			<meta>
				<content>movie</content>
				<imdb>tt1622979</imdb>
			</meta>
			<link>
				<sublink>https://streamango.com/f/sbnnrnqdqbmeatep/Final_Destination_5_mp4</sublink>
				<sublink>search</sublink>
			</link>
			<thumbnail>https://image.tmdb.org/t/p/w600_and_h900_bestv2/m4xhyjrybUGGY2p6bjrF4AO5Osl.jpg</thumbnail>
		</item>
		<item>
			<title>[COLOR gold]Firewall (2006)[/COLOR]</title>
			<meta>
				<content>movie</content>
				<imdb>tt0408345</imdb>
			</meta>
			<link>
				<sublink>https://streamango.com/f/snlpmncopcabtcdl/Firewall_mp4</sublink>
				<sublink>search</sublink>
			</link>
			<thumbnail>https://image.tmdb.org/t/p/w600_and_h900_bestv2/bp0BTphk7bgBof20XAfKkujRxwI.jpg</thumbnail>
		</item>
		<item>
			<title>[COLOR gold]Forever My Girl (2018)[/COLOR]</title>
			<meta>
				<content>movie</content>
				<imdb>tt4103724</imdb>
				<title>Forever My Girl</title>
				<year>2018</year>
			</meta>
			<link>
				<sublink>https://streamango.com/f/tadrfotcoqkrbbef/F-M-G_2018_1080p_bluray_x264-drones_mkv_mp4</sublink>
				<sublink>search</sublink>
			</link>
			<thumbnail>https://image.tmdb.org/t/p/w600_and_h900_bestv2/hcushpAgo51nTpBAuTygLxiJ80h.jpg</thumbnail>
		</item>
		<item>
			<title>[COLOR gold]Foreman (2017)[/COLOR]</title>
			<meta>
				<content>movie</content>
				<imdb>tt7311634</imdb>
			</meta>
			<link>
				<sublink>https://streamango.com/f/eqeemarmpbrbotkl/ifpd-foreman-1080p_mkv_mp4</sublink>
				<sublink>search</sublink>
			</link>
			<thumbnail>https://image.tmdb.org/t/p/w600_and_h900_bestv2/uE1IDhlFCpYXsmv7wnrLO6I25FH.jpg</thumbnail>
		</item>
		<item>
			<title>[COLOR red]Forrest Gump (1994)[/COLOR]</title>
			<meta>
				<content>movie</content>
				<imdb>tt0109830</imdb>
			</meta>
			<link>
				<sublink>https://streamango.com/f/ftbqkdfkarlblcmm/Forrest_Gump_mp4</sublink>
				<sublink>search</sublink>
			</link>
			<thumbnail>https://image.tmdb.org/t/p/w600_and_h900_bestv2/z4ROnCrL77ZMzT0MsNXY5j25wS2.jpg</thumbnail>
		</item>
		<item>
			<title>[COLOR gold]Gangster Land (2017)[/COLOR]</title>
			<meta>
				<content>movie</content>
				<imdb>tt7241654</imdb>
				<title>Gangster Land</title>
				<year>2017</year>
			</meta>
			<link>
				<sublink>https://streamango.com/f/fnlbmmpspfdtkrps/Gangster_Land_2017_720p_mkv_mp4</sublink>
				<sublink>search</sublink>
			</link>
			<thumbnail>https://image.tmdb.org/t/p/w600_and_h900_bestv2/npteMVPwuNqt9lAqDC67Ld4NESf.jpg</thumbnail>
			<fanart>https://image.tmdb.org/t/p/original/edYClLc1MiRGtw0jJVpr3KgM3N3.jpg</fanart>
		</item>
		<item>
			<title>[COLOR red]Geostorm (2017)[/COLOR]</title>
			<meta>
				<content>movie</content>
				<imdb>tt1981128</imdb>
				<title>Geostorm</title>
				<year>2017</year>
			</meta>
			<link>
				<sublink>https://streamango.com/f/acaemdqrmmdnqqat/Geostorm_2017_720p_MkvCage_mkv_mp4 </sublink>
				<sublink>search</sublink>
			</link>
			<thumbnail>https://www.themoviedb.org/movie/274855-geostorm#</thumbnail>
			<fanart>https://image.tmdb.org/t/p/original/6jrMdMe4sMygTcJPpQTjKPmP4l0.jpg</fanart>
		</item>
		<item>
			<title>[COLOR gold]Gladiator (2000)[/COLOR]</title>
			<meta>
				<content>movie</content>
				<imdb>tt0172495</imdb>
				<title>Gladiator</title>
				<year>2000</year>
			</meta>
			<link>
				<sublink>https://streamango.com/f/neknfmnflcmmnlbf/Gladiator_2000_720p_BluRay_Filmbaroon_com_mkv_mp4</sublink>
				<sublink>search</sublink>
			</link>
			<thumbnail>https://image.tmdb.org/t/p/w600_and_h900_bestv2/6WBIzCgmDCYrqh64yDREGeDk9d3.jpg</thumbnail>
			<fanart>https://image.tmdb.org/t/p/original/5vZw7ltCKI0JiOYTtRxaIC3DX0e.jpg</fanart>
		</item>
		<item>
			<title>[COLOR red]Gleaming the Cube (1989)[/COLOR]</title>
			<meta>
				<content>movie</content>
				<imdb>tt0097438</imdb>
				<title>Gleaming the Cube</title>
				<year>1989</year>
			</meta>
			<link>
				<sublink>https://streamango.com/f/qefqlnptlrcefnfb/Gleaming_The_Cube_1989_DVDRip_mkv_mp4</sublink>
				<sublink>search</sublink>
			</link>
			<thumbnail>https://image.tmdb.org/t/p/w600_and_h900_bestv2/aXFBVIY2i3HETfBGvRojg3RRt3C.jpg</thumbnail>
			<fanart>https://image.tmdb.org/t/p/original/lBTk2RgneFZqSQyKBGHfpknT1RK.jpg</fanart>
		</item>
		<item>
			<title>[COLOR gold]Gremlin[/COLOR]</title>
			<meta>
				<imdb>tt6191390</imdb>
				<content>movie</content>
				<title>Gremlin</title>
				<year>2017</year>
			</meta>
			<link>
				<sublink>http://dl.tehmovies.pro/sr1/mari/97/1/Gremlin.2017.720p.WEB-DL.MkvCage.Tehmovies.Tehmovies.mkv</sublink>
				<sublink>search</sublink>
			</link>
			<thumbnail>https://image.tmdb.org/t/p/w1280//jq5kEkQH5HLlDvo8c1sVSrvF95B.jpg</thumbnail>
			<fanart>https://image.tmdb.org/t/p/w1280//8NJga8sxf3t4O5xQXWJVxrv8OmV.jpg</fanart>
		</item>
		<item>
			<title>[COLOR gold]Hostiles (2017)[/COLOR]</title>
			<meta>
				<content>movie</content>
				<imdb>tt5478478</imdb>
				<title>Hostiles</title>
				<year>2017</year>
			</meta>
			<link>
				<sublink>https://streamango.com/f/kmofolpbsedsdcmo/H-s_2017_720p_WEB-DL_H264_AC3-EVO_mkv_mp4</sublink>
				<sublink>search</sublink>
			</link>
			<thumbnail>https://image.tmdb.org/t/p/w600_and_h900_bestv2/rqoezyB51GfhiloOB5ZErg5HXas.jpg</thumbnail>
		</item>
		<item>
			<title>[COLOR red]I Am Heath Ledger (2017)[/COLOR]</title>
			<meta>
				<content>movie</content>
				<imdb>tt6739646</imdb>
				<title>I Am Heath Ledger</title>
				<year>2017</year>
			</meta>
			<link>
				<sublink>https://streamango.com/f/ekldrdpdakefdsqt/I_Am_Heath_Ledger_2017_720p_HDTV_x264_Funsaber_mkv_mp4</sublink>
				<sublink>search</sublink>
			</link>
			<thumbnail>https://image.tmdb.org/t/p/w600_and_h900_bestv2/nzJ44bpFglwElWk1l24bTNXE9BX.jpg</thumbnail>
			<fanart>https://image.tmdb.org/t/p/original/kTw2tPDtOK6GkCA2f720kzoqXQ9.jpg</fanart>
		</item>
		<item>
			<title>[COLOR gold]It Comes at Night (2017)[/COLOR]</title>
			<meta>
				<content>movie</content>
				<imdb>tt4695012</imdb>
				<title>It Comes at Night</title>
				<year>2017</year>
			</meta>
			<link>
				<sublink>https://streamango.com/f/kmotdedckesecqad/It_Comes_at_Night_2017_1080p_Farsi_Dubbed_Film2serial_ir_mkv_mp4</sublink>
				<sublink>search</sublink>
			</link>
			<thumbnail>https://image.tmdb.org/t/p/w600_and_h900_bestv2/h9VOirT4dKXzVyVzZZxPfAghmRV.jpg</thumbnail>
			<fanart>https://image.tmdb.org/t/p/original/6h9pjTsWzaUWuUszHHbeI1JWE1.jpg</fanart>
		</item>
		<item>
			<title>[COLOR red]Justice League (2017)[/COLOR]</title>
			<meta>
				<content>movie</content>
				<imdb>tt0974015</imdb>
				<title>Justice League</title>
				<year>2017</year>
			</meta>
			<link>
				<sublink>http://uptostream.com/h9dtyge36o8k</sublink>
				<sublink>search</sublink>
			</link>
			<thumbnail>https://image.tmdb.org/t/p/w600_and_h900_bestv2/eifGNCSDuxJeS1loAXil5bIGgvC.jpg</thumbnail>
			<fanart>https://image.tmdb.org/t/p/original/o5T8rZxoWSBMYwjsUFUqTt6uMQB.jpg</fanart>
		</item>
		<item>
			<title>[COLOR gold]Kings (2017)[/COLOR]</title>
			<meta>
				<content>movie</content>
				<imdb>tt5843850</imdb>
			</meta>
			<link>
				<sublink>https://streamango.com/f/rntfokdernadlffs/K-i-n-g-s_2018_HDCAM_ENG_X264-THAN0S_mkv_mp4</sublink>
				<sublink>search</sublink>
			</link>
			<thumbnail>https://image.tmdb.org/t/p/w600_and_h900_bestv2/tA1mXJF75y57MvsZv2gDhbi0B4x.jpg</thumbnail>
		</item>
		<item>
			<title>[COLOR red]King Arthur: Legend of the Sword (2017)[/COLOR]</title>
			<meta>
				<content>movie</content>
				<imdb>tt1972591</imdb>
				<title>King Arthur: Legend of the Sword</title>
				<year>2017</year>
			</meta>
			<link>
				<sublink>http://uptostream.com/sn3lz66j2qsg</sublink>
				<sublink>search</sublink>
			</link>
			<thumbnail>https://image.tmdb.org/t/p/w600_and_h900_bestv2/qyXPqzlCWf3T9VEpBtquUQZwsgi.jpg</thumbnail>
			<fanart>https://image.tmdb.org/t/p/original/sVkjgKq8cwKm95LCyfrLldLbQIG.jpg</fanart>
		</item>
		<item>
			<title>[COLOR gold]Kodachrome (2017)[/COLOR]</title>
			<meta>
				<content>movie</content>
				<imdb>tt1880399</imdb>
			</meta>
			<link>
				<sublink>https://streamango.com/f/leacnannbqrlkrar/Kodachrome_2018_1080p_NF_WEB-DL_DD5_1_x264-NTG_mkv_mp4</sublink>
				<sublink>search</sublink>
			</link>
			<thumbnail>https://image.tmdb.org/t/p/w600_and_h900_bestv2/mseyc8v3UD1DhaZ3kSdXs4Dj9Xf.jpg</thumbnail>
		</item>
		<item>
			<title>[COLOR red]Maze Runner: The Death Cure (2018)[/COLOR]</title>
			<meta>
				<content>movie</content>
				<imdb>tt4500922</imdb>
				<title>Maze Runner: The Death Cure</title>
				<year>2018</year>
			</meta>
			<link>
				<sublink>https://openload.co/embed/EANKWJfVOR0</sublink>
				<sublink>https://uptobox.com/pj243vn98g1e</sublink>
				<sublink>https://streamango.com/f/sqqqcoolotfsebcf/Maze_Runner_The_Death_Cure_2018_720p_BRRip-_iMediaShare_mkv_mp4</sublink>
				<sublink>https://streamango.com/f/matcfpsltacfaleo/M_R_D_C_2017_720p_WEB-DL_H264_AC3-EVO_mkv_mp4</sublink>
				<sublink>search</sublink>
			</link>
			<thumbnail>https://image.tmdb.org/t/p/w600_and_h900_bestv2/7GgZ6DGezkh3szFdvskH5XD4V0t.jpg</thumbnail>
		</item>
		<item>
			<title>[COLOR gold]Moana (2016)[/COLOR]</title>
			<meta>
				<content>movie</content>
				<imdb>tt3521164</imdb>
				<title>Moana</title>
				<year>2016</year>
			</meta>
			<link>
				<sublink>https://streamango.com/f/dkpdlqafqfnfdtfb/Moana_2016_BluRay_720p_myFilmia_mkv_mp4</sublink>
				<sublink>search</sublink>
			</link>
			<thumbnail>https://image.tmdb.org/t/p/w600_and_h900_bestv2/z4x0Bp48ar3Mda8KiPD1vwSY3D8.jpg</thumbnail>
		</item>
		<item>
			<title>[COLOR red]Mr. and Mrs. Smith (2005)[/COLOR]</title>
			<meta>
				<content>movie</content>
				<imdb>tt0356910</imdb>
			</meta>
			<link>
				<sublink>https://streamango.com/embed/nqmaronrkaombcbs</sublink>
				<sublink>search</sublink>
			</link>
			<thumbnail>https://image.tmdb.org/t/p/w600_and_h900_bestv2/dqs5BmwSULtB28Kls3IB6khTQwp.jpg</thumbnail>
		</item>
		<item>
			<title>[COLOR gold]Party Bus to Hell (2017)[/COLOR]</title>
			<meta>
				<content>movie</content>
				<imdb>tt6360872</imdb>
				<title>Party Bus to Hell</title>
				<year>2017</year>
			</meta>
			<link>
				<sublink>https://streamango.com/f/otkbqfnnqtsdqnaq/P_B_H_2017_1080p_WEB-DL_DD5_1_H264-CMRG_mkv_mp4</sublink>
				<sublink>search</sublink>
			</link>
			<thumbnail>https://image.tmdb.org/t/p/w600_and_h900_bestv2/sFTfYUE7lSK7rwTvrM9DGu3utU6.jpg</thumbnail>
		</item>
		<item>
			<title>[COLOR red]Paul Blart: Mall Cop (2009)[/COLOR]</title>
			<meta>
				<content>movie</content>
				<imdb>tt1114740</imdb>
				<title>Paul Blart: Mall Cop</title>
				<year>2009</year>
			</meta>
			<link>
				<sublink>https://streamango.com/f/aadkmlasdffcmfpr/Paul_Blart_-_Mall_Cop_2009_1080p_Farsi_Dubbed_Film2serial_ir_mkv_mp4</sublink>
				<sublink>search</sublink>
			</link>
			<thumbnail>https://image.tmdb.org/t/p/w600_and_h900_bestv2/iQpC6Yia7LpwjYlmHkeyEOeG9w2.jpg</thumbnail>
			<fanart>https://image.tmdb.org/t/p/original/fT0eEtyJWcUvma2Ho1S0DdMdUMO.jpg</fanart>
		</item>
		<item>
			<title>[COLOR gold]Rad (1986)[/COLOR]</title>
			<meta>
				<content>movie</content>
				<imdb>tt0091817</imdb>
				<title>Rad</title>
				<year>1986</year>
			</meta>
			<link>
				<sublink>https://streamango.com/f/ooordodrpltqlmtl/Rad_1986_HDRip_mp4</sublink>
				<sublink>search</sublink>
			</link>
			<thumbnail>https://image.tmdb.org/t/p/w600_and_h900_bestv2/qBYiW6TEMBtaSRiUQGRGEh6qAr4.jpg</thumbnail>
			<fanart>https://image.tmdb.org/t/p/original/heRi64AXsicBYQMXMkAs8glB736.jpg</fanart>
		</item>
		<item>
			<title>[COLOR red]Red Sparrow (2018)[/COLOR]</title>
			<meta>
				<content>movie</content>
				<imdb>tt2873282</imdb>
				<title>Red Sparrow</title>
				<year>2018</year>
			</meta>
			<link>
				<sublink>https://streamango.com/f/keelkptecdcoacar/RE-S_2018_1080p_HC_HDRip_X264_AC3-EVO_mkv_mp4</sublink>
				<sublink>search</sublink>
			</link>
			<thumbnail>https://image.tmdb.org/t/p/w600_and_h900_bestv2/3jMRGiDc6FgjLKIaJR0eS3CVXgm.jpg</thumbnail>
		</item>
		<item>
			<title>[COLOR gold]Scott and Sid (2018)[/COLOR]</title>
			<meta>
				<content>movie</content>
				<imdb>tt4702346</imdb>
				<title>Scott and Sid</title>
				<year>2018</year>
			</meta>
			<link>
				<sublink>https://streamango.com/f/lacldbsomkdfeosf/Scott_and_Sid_2018_720p_WEB-DL_H264_AC3-EVO_mkv_mp4</sublink>
				<sublink>search</sublink>
			</link>
			<thumbnail>https://image.tmdb.org/t/p/w600_and_h900_bestv2/sVrP6TQqaS4MwOhyhmOfaLGQLV6.jpg</thumbnail>
		</item>
		<item>
			<title>[COLOR red]Sleepless (2017)[/COLOR]</title>
			<meta>
				<content>movie</content>
				<imdb>tt2072233</imdb>
				<title>Sleepless</title>
				<year>2017</year>
			</meta>
			<link>
				<sublink>https://streamango.com/f/ntbfdpcopqptbdpf/Sleepless_2017_1080p_6CH_ShAaNiG_bitdownload_ir_mkv_mp4</sublink>
				<sublink>search</sublink>
			</link>
			<thumbnail>https://image.tmdb.org/t/p/w600_and_h900_bestv2/9WkUSY33MDPGmz0vtzbsfaxTHVa.jpg</thumbnail>
			<fanart>https://image.tmdb.org/t/p/original/oE8Srjdcr8BLMMVpMtq63sdLP0I.jpg</fanart>
		</item>
		<item>
			<title>[COLOR gold]Spinning Man (2018)[/COLOR]</title>
			<meta>
				<content>movie</content>
				<imdb>tt5616294</imdb>
				<title>Spinning Man</title>
				<year>2018</year>
			</meta>
			<link>
				<sublink>https://streamango.com/f/qmrdfamrsqdtnete/S_M_2018_1080p_WEB-DL_H264_AC3-EVO_mkv_mp4</sublink>
				<sublink>search</sublink>
			</link>
			<thumbnail>https://image.tmdb.org/t/p/w600_and_h900_bestv2/lvIIUOoY2PQRQ6syWchzkfNaXT1.jpg</thumbnail>
		</item>
		<item>
			<title>[COLOR red]Submergence (2017)[/COLOR]</title>
			<meta>
				<content>movie</content>
				<imdb>tt3563262</imdb>
				<title>Submergence</title>
				<year>2017</year>
			</meta>
			<link>
				<sublink>https://streamango.com/f/bkofmrbksbrnbecc/S-e_2018_1080p_WEB-DL_H264_AC3-EVO_mkv_mp4</sublink>
				<sublink>https://openload.co/embed/xhwifrTv0s8</sublink>
				<sublink>search</sublink>
			</link>
			<thumbnail>https://ia.media-imdb.com/images/M/MV5BMjEyNTQyNzY3NF5BMl5BanBnXkFtZTgwODcxMzY1NDM@._V1_SY1000_SX668_AL_.jpg</thumbnail>
		</item>
		<item>
			<title>[COLOR gold]The Debt Collector[/COLOR]</title>
			<meta>
				<imdb>tt7448180</imdb>
				<content>movie</content>
				<title>The Debt Collector</title>
				<year>2018</year>
			</meta>
			<link>
				<sublink>https://openload.co/embed/JR0SIinwU3k</sublink>
				<sublink>https://d4.downace.com/4byhy?download_token=345342744ab2697e40f05770ac54cfdc9bd98dc79fa12c6a995d7cbcbb71faa6</sublink>
				<sublink>search</sublink>
			</link>
			<thumbnail>https://image.tmdb.org/t/p/w1280//5XyuUPoIeEf3guWLQW9lATON84v.jpg</thumbnail>
			<fanart>https://image.tmdb.org/t/p/w1280//4EtSV3LmwHQSlmAeyn9pJ3ANtC8.jpg</fanart>
		</item>
		<item>
			<title>[COLOR red]The Devil's Advocate (1997)[/COLOR]</title>
			<meta>
				<content>movie</content>
				<imdb/>
			</meta>
			<link>
				<sublink>https://streamango.com/f/roakpodcsforrknf/Devils_Advocate_mp4</sublink>
				<sublink>search</sublink>
			</link>
			<thumbnail>https://image.tmdb.org/t/p/w600_and_h900_bestv2/eSivb4EyOAyEum70mOSHtAWiUe3.jpg</thumbnail>
		</item>
		<item>
			<title>[COLOR gold]The Hurricane Heist (2018)[/COLOR]</title>
			<meta>
				<content>movie</content>
				<imdb>tt5360952</imdb>
				<title>The Hurricane Heist</title>
				<year>2018</year>
			</meta>
			<link>
				<sublink>https://streamango.com/f/sebcokbsrfbldcnd/T_H_H_720p_HDRip_X264_AC3-EVO_mkv_mp4</sublink>
				<sublink>search</sublink>
			</link>
			<thumbnail>https://image.tmdb.org/t/p/w600_and_h900_bestv2/wh1f7peigW0qUXXwynwVAt7axZd.jpg</thumbnail>
		</item>
		<item>
			<title>[COLOR gold]The Last Witness[/COLOR]</title>
			<meta>
				<imdb>tt3709552</imdb>
				<content>movie</content>
				<title>The Last Witness</title>
				<year>2018</year>
			</meta>
			<link>
				<sublink>https://openload.co/embed/fQNq6JWiPos</sublink>
				<sublink>https://uptobox.com/i9d5shrxwc9o</sublink>
				<sublink>search</sublink>
			</link>
			<thumbnail>https://image.tmdb.org/t/p/w1280//v4d6UHuQ2gpsaN38pMSZ42Fj6hi.jpg</thumbnail>
			<fanart>https://image.tmdb.org/t/p/w1280//dx8LJkbWO5Y0uIZYYEpkFyoIup7.jpg</fanart>
		</item>
		<item>
			<title>[COLOR red]The Neighbor (2018)[/COLOR]</title>
			<meta>
				<content>movie</content>
				<imdb>tt3905764</imdb>
			</meta>
			<link>
				<sublink>https://streamango.com/f/pbtefqbbtolbtetr/The_Neighbor_2018_720p_WEB-DL_x264-_iMediaShare_mkv_mp4</sublink>
				<sublink>search</sublink>
			</link>
			<thumbnail>https://image.tmdb.org/t/p/w600_and_h900_bestv2/jvv66k53knzs49wnzaOZjOPYj4r.jpg</thumbnail>
		</item>
		<item>
			<title>[COLOR gold]The Post (2017)[/COLOR]</title>
			<meta>
				<content>movie</content>
				<imdb>tt6294822</imdb>
				<title>The Post</title>
				<year>2017</year>
			</meta>
			<link>
				<sublink>https://streamango.com/f/dfsktkpfettaesmc/the_post_2017_720p_bluray_x264-geckos_mkv_mp4</sublink>
				<sublink>search</sublink>
			</link>
			<thumbnail>https://image.tmdb.org/t/p/w600_and_h900_bestv2/h4XG3g6uMMPIBPjAoQhC2QIMdkl.jpg</thumbnail>
		</item>
		<item>
			<title>[COLOR red]The Titan (2018)[/COLOR]</title>
			<meta>
				<content>movie</content>
				<imdb>tt4986098</imdb>
				<title>The Titan</title>
				<year>2018</year>
			</meta>
			<link>
				<sublink>https://streamango.com/f/emrordrtntsktrac/The_Titan_2018_1080p_NF_WEB-DL_DD5_1_x264-NTG_mkv_mp4</sublink>
				<sublink>search</sublink>
			</link>
			<thumbnail>https://image.tmdb.org/t/p/w600_and_h900_bestv2/FBfA7V41ezvP1UTx9BTUS2BLsq.jpg</thumbnail>
		</item>
		<item>
			<title>[COLOR gold]The Equalizer (2014)[/COLOR]</title>
			<meta>
				<content>movie</content>
				<imdb>tt0455944</imdb>
				<title>The Equalizer</title>
				<year>2014</year>
			</meta>
			<link>
				<sublink>https://streamango.com/f/btreqbnsrpqoeack/The_Equalizer_2014_1080p_Farsi_Dubbed_Film2serial_ir_mkv_mp4</sublink>
				<sublink>search</sublink>
			</link>
			<thumbnail>https://image.tmdb.org/t/p/w600_and_h900_bestv2/2eQfjqlvPAxd9aLDs8DvsKLnfed.jpg</thumbnail>
			<fanart>https://image.tmdb.org/t/p/original/rKESeEePWWu4rATQDJOktllaDDv.jpg</fanart>
		</item>
		<item>
			<title>[COLOR red]The Greatest Showman (2017)[/COLOR]</title>
			<meta>
				<content>movie</content>
				<imdb>tt1485796</imdb>
				<title>The Greatest Showman</title>
				<year>2017</year>
			</meta>
			<link>
				<sublink>https://streamango.com/f/emocbbdecoltoeom/the_greatest_showman_2017_720p_bluray_x264-sparks_mkv_mp4</sublink>
				<sublink>search</sublink>
			</link>
			<thumbnail>https://image.tmdb.org/t/p/w600_and_h900_bestv2/b9CeobiihCx1uG1tpw8hXmpi7nm.jpg</thumbnail>
			<fanart>https://image.tmdb.org/t/p/original/fI4IM5xb94b3FWYpeMfY7orB3Gn.jpg</fanart>
		</item>
		<item>
			<title>[COLOR gold]The Forgiven (2017)[/COLOR]</title>
			<meta>
				<content>movie</content>
				<imdb>tt2249081</imdb>
			</meta>
			<link>
				<sublink>https://streamango.com/f/sfoalldepnsllrre/T_F_2017_1080p_BluRay_x264_DTS-MT_mkv_mp4</sublink>
				<sublink>search</sublink>
			</link>
			<thumbnail>https://image.tmdb.org/t/p/w600_and_h900_bestv2/jp9B3fGLmON5BV28FjZipMVFPZg.jpg</thumbnail>
		</item>
		<item>
			<title>To Catch a Killer</title>
			<meta>
				<imdb>tt0105604</imdb>
				<content>movie</content>
				<title>To Catch a Killer</title>
				<year>1992</year>
			</meta>
			<link>
				<sublink>https://openload.co/f/l_vEyfqqTf0 (Openload Link)</sublink>
				<sublink>searchsd</sublink>
			</link>
			<thumbnail>https://image.tmdb.org/t/p/w1280//9Yw3KnOrcNXZYWvpsXDBo0oiz07.jpg</thumbnail>
			<fanart>https://image.tmdb.org/t/p/w1280//7lDgJ5OpoqLGYHMjo7z6e0DexbG.jpg</fanart>
		</item>
		<item>
			<title>[COLOR gold]Truth or Dare (2017)[/COLOR]</title>
			<meta>
				<content>movie</content>
				<imdb>tt7126746</imdb>
				<title>Truth or Dare</title>
				<year>2017</year>
			</meta>
			<link>
				<sublink>https://streamango.com/f/koeqsqdsacproeec/truth_or_dare_2017_1080p_hdtv_x264-regret_mkv_mp4</sublink>
				<sublink>search</sublink>
			</link>
			<thumbnail>https://image.tmdb.org/t/p/w600_and_h900_bestv2/l5Dyos3xViHP5ROuCi01P9Q6nZA.jpg</thumbnail>
		</item>
		<item>
			<title>[COLOR gold]Truth or Dare (2018)[/COLOR]</title>
			<meta>
				<content>movie</content>
				<imdb>tt6772950</imdb>
			</meta>
			<link>
				<sublink>https://bhsr.rdeb.io/d/AIBGVV2HFRKS437/T-O-R.2018.EXTENDED.1080p.WEB-DL.H264.AC3-EVO.mkv (1080P)</sublink>
				<sublink>https://rapidgator.net/file/5a2e26caa9d62de3b84100684b12220f (1080P Real Debrid)</sublink>
				<sublink>http://nitroflare.com/view/D52C5D67D0229BF/Truth.or.Dare.2018.EXTENDED.1080p.WEB-DL.H264.AC3-EVO.mkv (1080P Real Debrid)</sublink>
				<sublink>http://www.mexashare.com/clzfj5xa9yjq</sublink>
			</link>
			<thumbnail>https://image.tmdb.org/t/p/w600_and_h900_bestv2/kdkNaQYZ7dhM80LsnAGKpH8ca2g.jpg</thumbnail>
		</item>
		<item>
			<title>[COLOR red]Twelve Monkeys (1995)[/COLOR]</title>
			<meta>
				<content>movie</content>
				<imdb>tt0114746</imdb>
			</meta>
			<link>
				<sublink>https://streamango.com/f/qcmppldookpqdrqp/12_Monkeys_mp4</sublink>
				<sublink>search</sublink>
			</link>
			<thumbnail>https://image.tmdb.org/t/p/w600_and_h900_bestv2/6Sj9wDu3YugthXsU0Vry5XFAZGg.jpg</thumbnail>
		</item>
		<item>
			<title>[COLOR gold]Wastelander (2018)[/COLOR]</title>
			<meta>
				<content>movie</content>
				<imdb>tt2651724</imdb>
			</meta>
			<link>
				<sublink>https://streamango.com/f/alfmrcnrnmmpkakr/Wastelander_2018_720p_WEB-DL_x264-_iMediaShare_mkv_mp4</sublink>
				<sublink>search</sublink>
			</link>
			<thumbnail>https://image.tmdb.org/t/p/w600_and_h900_bestv2/c7ZrgKwiwZPI7Qr1Ztu99pBmPS3.jpg</thumbnail>
		</item>
		<item>
			<title>[COLOR red]Wildling (2018)[/COLOR]</title>
			<meta>
				<content>movie</content>
				<imdb>tt5085924</imdb>
				<title>Wildling</title>
				<year>2018</year>
			</meta>
			<link>
				<sublink>https://streamango.com/f/ppttnrtltfkarqrs/W-g_2018_1080p_AMZN_WEB-DL_DDP5_1_H_264-NTG_mkv_mp4</sublink>
				<sublink>search</sublink>
			</link>
			<thumbnail>https://image.tmdb.org/t/p/w600_and_h900_bestv2/yfrRuftCruaNVoIu1QYL6VU0zsm.jpg</thumbnail>
		</item>
		<item>
			<title>[COLOR gold]Winchester (2018)[/COLOR]</title>
			<meta>
				<content>movie</content>
				<imdb>tt1072748</imdb>
				<title>Winchester</title>
				<year>2018</year>
			</meta>
			<link>
				<sublink>https://streamango.com/f/tdtbbflorffptfan/W-r_2018_1080p_WEB-DL_H264_AC3-EVO_mkv_mp4</sublink>
				<sublink>https://openload.co/embed/XZ6tqJo6zCw</sublink>
				<sublink>search</sublink>
			</link>
			<thumbnail>https://image.tmdb.org/t/p/w600_and_h900_bestv2/tHDtskokZeO9B3JBdR1dSH0uqad.jpg</thumbnail>
		</item>
		<item>
			<title>[COLOR gold]You Were Never Really Here (2017)[/COLOR]</title>
			<meta>
				<content>movie</content>
				<imdb>tt5742374</imdb>
				<title>You Were Never Really Here</title>
				<year>2017</year>
			</meta>
			<link>
				<sublink>https://streamango.com/f/rbqrlackrmkacrnt/Y_W_N_R_H_2017_1080p_Web-DL_x264_AC3-TiTAN_mkv_mp4</sublink>
				<sublink>search</sublink>
			</link>
			<thumbnail>https://image.tmdb.org/t/p/w600_and_h900_bestv2/urIWmqLrIlFAHNJ7dOKHsybXbOT.jpg</thumbnail>
		</item>
	</wannabe>
</dipshit>