<dipshit>
	<wannabe>
		<item>
			<title>[COLOR=gold]Some Links Require Pairing or Real Debrid:[/COLOR]</title>
			<heading/>
		</item>
		<item>
			<title>Passengers 4K UHD</title>
			<meta>
				<imdb>tt1355644</imdb>
				<content>movie</content>
				<title>Passengers</title>
				<year>2016</year>
			</meta>
			<link>
				<sublink>https://1fichier.com/?lw9xcxbk42my3bbelb9c (Real Debrid 4K)</sublink>
				<sublink>http://turbobit.net/jekrpagifjea.html (Real Debrid 4K)</sublink>\
				<sublink>https://openload.co/embed/UrUAawjxbUY (4K Openload)</sublink>
				<sublink>https://streamango.com/embed/ccekfproptcrabmo (4K)</sublink>
			</link>
			<thumbnail>https://image.tmdb.org/t/p/w1280//5gJkVIVU7FDp7AfRAbPSvvdbre2.jpg</thumbnail>
			<fanart>https://image.tmdb.org/t/p/w1280//5EW4TR3fWEqpKsWysNcBMtz9Sgp.jpg</fanart>
		</item>
		<item>
			<title>[COLOR blue]SuperFly[/COLOR]</title>
			<meta>
				<imdb>tt7690670</imdb>
				<content>movie</content>
				<title>SuperFly</title>
				<year>2018</year>
			</meta>
			<link>
				<sublink>https://streamango.com/f/cdblafppqaflqccs/Superfly_2018_mp4 (HDCAM)</sublink>
				<sublink>https://clipwatching.com/1naxl1yxq4cm/Superfly_(2018).mp4.html (HDCAM)</sublink>
				<sublink>https://vidoza.net/tgner3j3vif0.html (HDCAM)</sublink>
				<sublink>https://openload.co/f/i0VH5ruBLN8/Superfly_%282018%29.mp4 (HDCAM Openload Link)</sublink>
				<sublink>searchhd</sublink>
			</link>
			<thumbnail>https://image.tmdb.org/t/p/w1280//gGk9H5PVpWzbsYkmnBeKevQkwwf.jpg</thumbnail>
			<fanart>https://image.tmdb.org/t/p/w1280//fJKJXKiRSzDihp50c7j39zb3ILi.jpg</fanart>
		</item>
		<item>
			<title>[COLOR red]12 Strong[/COLOR]</title>
			<meta>
				<content>movie</content>
				<imdb>tt1413492</imdb>
				<title>12 Strong</title>
				<year>2018</year>
			</meta>
			<link>
				<sublink>https://streamango.com/embed/mbocmrbaokmamsrn</sublink>
				<sublink>https://openload.co/embed/Nr2TgBKEadI</sublink>
				<sublink>https://d5.downace.com/29jas?download_token=87e58fe9d1fb6fda9284763380f9e0b0fcf840476f169addbf82f053b5f597bc</sublink>
				<sublink>search</sublink>
			</link>
			<thumbnail>https://image.tmdb.org/t/p/w600_and_h900_bestv2/j18021qCeRi3yUBtqd2UFj1c0RQ.jpg</thumbnail>
			<fanart>https://image.tmdb.org/t/p/original/wacEk5YSNE41QeKseilyytksXmv.jpg</fanart>
		</item>
		<item>
			<title>Another WolfCop</title>
			<meta>
				<imdb>tt4515762</imdb>
				<content>movie</content>
				<title>Another WolfCop</title>
				<year>2017</year>
			</meta>
			<link>
				<sublink>https://rapidgator.net/file/792141301e4bd1dc9bd83e381aed57dd/another.wolfcop.2017.1080p.bluray.x264-sprinter.mkv.html (1080P Real Debrid)</sublink>
				<sublink>https://openload.co/f/blfdL6yCUpA/another.wolfcop.2017.1080p.bluray.x264-sprinter.mkv (1080P Openload Link)</sublink>
				<sublink>searchhd</sublink>
			</link>
			<thumbnail>https://image.tmdb.org/t/p/w1280//amvOMZgMGCg7sxScBJZOFdirlqD.jpg</thumbnail>
			<fanart>https://image.tmdb.org/t/p/w1280//xYQtSWN63pJ3OONn3gSPU6bRtsb.jpg</fanart>
		</item>
		<item>
			<title>Avengers Grimm: Time Wars</title>
			<meta>
				<imdb>tt8159584</imdb>
				<content>movie</content>
				<title>Avengers Grimm: Time Wars</title>
				<year>2018</year>
			</meta>
			<link>
				<sublink>https://rapidgator.net/file/ce6bc22b77f59c88b95902ec9908d434/A.G.T.W.2018.1080p.WEB-DL.DD5.1.H.264-FGT.mkv.html (1080P)</sublink>
				<sublink>https://rapidgator.net/file/41e45beab0c3840179fa44d29e19828c/A.G.2.T.W.2018.1080p.bluray.x264-getit.mkv.html (Blamo Link 1)</sublink>
				<sublink>https://openload.co/embed/_aJHYdcfGx8 (Openload link)</sublink>
				<sublink>https://rapidgator.net/file/77e1dafa7d216e978bd2daf3b041d8ae/avengers.grimm.2.time.wars.2018.bdrip.x264-getit.mkv.html (Blamo Link 2)</sublink>
				<sublink>searchhd</sublink>
			</link>
			<thumbnail>https://image.tmdb.org/t/p/w1280//xfAcu74DRQXeM9XqFcE5MrSRzYP.jpg</thumbnail>
			<fanart>https://image.tmdb.org/t/p/w1280//mdSrxMg4l6a76AFoBWmu7Q1X4Rt.jpg</fanart>
		</item>
		<item>
			<title>Bill</title>
			<meta>
				<content>movie</content>
				<imdb>tt0082075</imdb>
				<title>Bill</title>
				<year>1981</year>
			</meta>
			<link>
				<sublink>https://openload.co/f/eWZJ8xFm3Bo (Openload Link)</sublink>
				<sublink>https://openload.co/embed/eWZJ8xFm3Bo (Openload Link 2)</sublink>
				<sublink>searchhd</sublink>
			</link>
			<thumbnail>https://image.tmdb.org/t/p/w1280//fiPBUEjCJPZ2Qg3C5dRIpXT3wyD.jpg</thumbnail>
			<fanart>https://image.tmdb.org/t/p/w1280//eoVN2djjUGvTB4b3gX5JLh0G38x.jpg</fanart>
		</item>
		<item>
			<title>Billy Boy</title>
			<meta>
				<imdb>tt3151710</imdb>
				<content>movie</content>
				<title>Billy Boy</title>
				<year>2018</year>
			</meta>
			<link>
				<sublink>http://rapidgator.net/file/bba4c3da32c06e436a611b58d5ac2de9/Billy.Boy.2017.1080p.WEBRip.x264-YIFY.mp4.html (1080P)</sublink>
				<sublink>http://rapidgator.net/file/bba4c3da32c06e436a611b58d5ac2de9/Billy.Boy.2017.1080p.WEBRip.x264-YIFY.mp4.html (1080P)</sublink>
				<sublink>searchhd</sublink>
			</link>
			<thumbnail>https://image.tmdb.org/t/p/w1280//a1fAKX4wxnv91lbgb6q9Oc8tvmz.jpg</thumbnail>
			<fanart>https://image.tmdb.org/t/p/w1280//hKWOiGee2KYuxsUCOdaKNfZKji5.jpg</fanart>
		</item>
		<item>
			<title>[COLOR red]Blow (2001)[/COLOR]</title>
			<meta>
				<content>movie</content>
				<imdb>tt0221027</imdb>
			</meta>
			<link>
				<sublink>https://streamango.com/f/drnkspmorserclbt/Blow_mp4</sublink>
				<sublink>search</sublink>
			</link>
			<thumbnail>https://image.tmdb.org/t/p/w600_and_h900_bestv2/yCLLbZzAa7jreGus7pvjZmL0bj7.jpg</thumbnail>
		</item>
		<item>
			<title>[COLOR gold]Braveheart[/COLOR]</title>
			<meta>
				<imdb>tt0112573</imdb>
				<content>movie</content>
				<title>Braveheart</title>
				<year>1995</year>
			</meta>
			<link>
				<sublink>https://streamango.com/embed/pdblfenesfakpfal</sublink>
				<sublink>https://openload.co/f/pejqdWR-oE0</sublink>
				<sublink>https://openload.co/f/Ysg764cCHhw/Braveheart_1995_720p_BrRip_x264_YIFY.mp4</sublink>
				<sublink>search</sublink>
			</link>
			<thumbnail>https://image.tmdb.org/t/p/w1280//2qAgGeYdLjelOEqjW9FYvPHpplC.jpg</thumbnail>
			<fanart>https://image.tmdb.org/t/p/w1280//7A3uAcB6KAScHcFw0giptE1mhAZ.jpg</fanart>
		</item>
		<item>
			<title>[COLOR gold]Chappaquiddick[/COLOR]</title>
			<meta>
				<imdb>tt5270948</imdb>
				<content>movie</content>
				<title>Chappaquiddick</title>
				<year>2018</year>
			</meta>
			<link>
				<sublink>https://rapidgator.net/file/721efcf45a0b8b25d39e5acae7e8057e/ch.2017.1080p.bluray.x264-geckos.mkv.html (1080P Real Debrid)</sublink>
				<sublink>https://rapidgator.net/file/c32ffa6e5ddcf390bf8e772ad5bcfd1a (1080P Real Debrid)</sublink>
				<sublink>https://bhsa.rdeb.io/d/XD7LWSKULB5CG41/ch.2017.1080p.bluray.x264-geckos.mkv (1080P)</sublink>
				<sublink>search</sublink>
			</link>
			<thumbnail>https://image.tmdb.org/t/p/w1280//eHUYOblevtR82bCYnAgS1qSNdea.jpg</thumbnail>
			<fanart>https://image.tmdb.org/t/p/w1280//htJlsFavD4lXiJL9Q3n670uo0z9.jpg</fanart>
		</item>
		<item>
			<title>Cold Skin</title>
			<meta>
				<imdb>tt1034385</imdb>
				<content>movie</content>
				<title>Cold Skin</title>
				<year>2017</year>
			</meta>
			<link>
				<sublink>https://rapidgator.net/file/24509f3ab8c651094e2342ac12abd4a2/cold.skin.2017.dvdrip.x264-spooks.mkv.html (DVDRIP Real Debrid)</sublink>
				<sublink>http://www.filefactory.com/file/66yphsq7b849 (DVDRIP Real Debrid)</sublink>
				<sublink>https://openload.co/f/HlBRJ4o-JeU/Cold.Skin.2017.DVDRip.x264-SPOOKS.mkv (DVDRIP Openload Link)</sublink>
				<sublink>search</sublink>
			</link>
			<thumbnail>https://image.tmdb.org/t/p/w1280//4NXJIZTq4v3KyqfZ8ONIz0PQeVU.jpg</thumbnail>
			<fanart>https://image.tmdb.org/t/p/w1280//tsVW40fOPvFeyiJAfQaxncH5nhG.jpg</fanart>
		</item>
		<item>
			<title>Deadpool 2</title>
			<meta>
				<imdb>tt5463162</imdb>
				<content>movie</content>
				<title>Deadpool 2</title>
				<year>2018</year>
			</meta>
			<link>
				<sublink>http://entervideo.net/watch/09418a0e0d115c1</sublink>
				<sublink>http://vidto.me/wrqy8qhn696j.html</sublink>
				<sublink>searchhd</sublink>
			</link>
			<thumbnail>https://image.tmdb.org/t/p/w1280//to0spRl1CMDvyUbOnbb4fTk3VAd.jpg</thumbnail>
			<fanart>https://image.tmdb.org/t/p/w1280//3P52oz9HPQWxcwHOwxtyrVV1LKi.jpg</fanart>
		</item>
		<item>
			<title>[COLOR red]Death Race 4: Beyond Anarchy[/COLOR]</title>
			<meta>
				<imdb>tt3807900</imdb>
				<content>movie</content>
				<title>Death Race 4: Beyond Anarchy</title>
				<year>2018</year>
			</meta>
			<link>
				<sublink>http://entervideo.net/watch/60cbc2a25be61c9 (HD)</sublink>
				<sublink>https://openload.co/embed/b9xBw6ol5e0 (HD)</sublink>
				<sublink>searchhd</sublink>
			</link>
			<thumbnail>https://image.tmdb.org/t/p/w1280//h4CrVSJO8G2xRFgkxjPX8LCLzCk.jpg</thumbnail>
			<fanart>https://image.tmdb.org/t/p/w1280//W8V8d9bjLZURgEGbIB5TC70yaj.jpg</fanart>
		</item>
		<item>
			<title>Delirium</title>
			<meta>
				<imdb>tt2069797</imdb>
				<content>movie</content>
				<title>Delirium</title>
				<year>2018</year>
			</meta>
			<link>
				<sublink>https://openload.co/embed/txLMQHKQYso/Delirium_2018_1080p_WEB-DL_DD5.1_H264-CMRG.mkv.mp4 (1080P Openload Link)</sublink>
				<sublink>https://openload.co/embed/r67-roZKEF0 (1080P Openload Link 2)</sublink>
				<sublink>searchhd</sublink>
			</link>
			<thumbnail>https://image.tmdb.org/t/p/w1280//j2jIkjrASnjtwCmCNDwh9LDWvq9.jpg</thumbnail>
			<fanart/>
		</item>
		<item>
			<title>[COLOR gold]Every Day[/COLOR]</title>
			<meta>
				<imdb>tt7026672</imdb>
				<content>movie</content>
				<title>Every Day</title>
				<year>2018</year>
			</meta>
			<link>
				<sublink>http://dl7.film2movie.us/film/Eve.ry.Da.y.2018.1080p.b.lu.ry.Film2Movie_US.mkv (1080p Bluray X264)</sublink>
				<sublink>https://streamcherry.com/embed/edmlkdtrcsafrasl (H264 AC3)</sublink>
			</link>
			<thumbnail>https://image.tmdb.org/t/p/w1280//4UnME3icxSspwL0UoGZNSyyp7Xs.jpg</thumbnail>
			<fanart>https://image.tmdb.org/t/p/w1280//hcoeD3oLP7t2dwMK7mnRAUkUxWS.jpg</fanart>
		</item>
		<item>
			<title>[COLOR gold]Gotti[/COLOR]</title>
			<meta>
				<imdb>tt1801552</imdb>
				<content>movie</content>
				<title>Gotti</title>
				<year>2018</year>
			</meta>
			<link>
				<sublink>https://openload.co/f/RoT_J9vBS8U/Movies24.top_-_Gotti.2018.HDRip.XviD.AC3-EVO.avi (HD Openload Link)</sublink>
				<sublink>searchhd</sublink>
			</link>
			<thumbnail>https://image.tmdb.org/t/p/w1280//aJODtXkQBK0lEmD4x5KkALnSiN1.jpg</thumbnail>
			<fanart>https://image.tmdb.org/t/p/w1280//egTNbAEsfV5MMJIjNQLjDYgyu5b.jpg</fanart>
		</item>
		<item>
			<title>[COLOR gold]Grandma's Boy[/COLOR]</title>
			<meta>
				<imdb>tt0456554</imdb>
				<content>movie</content>
				<title>Grandma's Boy</title>
				<year>2006</year>
			</meta>
			<link>
				<sublink>https://openload.co/embed/wKCnhGBTQvk (HD OPenload Link)</sublink>
				<sublink>https://streamango.com/embed/fpaebpcmnsqdaodr (HD)</sublink>
				<sublink>https://openload.co/embed/YCNeKWKBYHk (HD OPenload Link)</sublink>
				<sublink>search</sublink>
			</link>
			<thumbnail>https://image.tmdb.org/t/p/w1280//9Z0Q9uIH4il75dfPVqFhVKljfY.jpg</thumbnail>
			<fanart>https://image.tmdb.org/t/p/w1280//mQDsTjzdyxTfJSe1I4MGTG45JsL.jpg</fanart>
		</item>
		<item>
			<title>[COLOR gold]Gringo[/COLOR]</title>
			<meta>
				<imdb>tt3721964</imdb>
				<content>movie</content>
				<title>Gringo</title>
				<year>2018</year>
			</meta>
			<link>
				<sublink>https://clicknupload.org/2nrb4ok35dxz</sublink>
				<sublink>https://openload.co/f/AMAnYu71t-g</sublink>
				<sublink>https://openload.co/f/pyGSc_Q_BOM</sublink>
				<sublink>search</sublink>
			</link>
			<thumbnail>https://image.tmdb.org/t/p/w1280//dxeVPklFwng2IowqRPNI4od6aXv.jpg</thumbnail>
			<fanart>https://image.tmdb.org/t/p/w1280//1u2f04uoVGTjmThK71yDDqeQwK0.jpg</fanart>
		</item>
		<item>
			<title>Higher Power</title>
			<meta>
				<imdb>tt2924392</imdb>
				<content>movie</content>
				<title>Higher Power</title>
				<year>2018</year>
			</meta>
			<link>
				<sublink>https://rapidgator.net/file/88bd14eeac4031dae7e54a373f153e3f/gua-higherpower-1080p.mkv.html (1080P Real Debrid)</sublink>
				<sublink>https://rapidgator.net/file/73b961bdeb0431f566a4d01bd76951d5/gua-higherpower-1080p.mkv.html (1080P Real Debrid)</sublink>
				<sublink>https://rapidgator.net/file/750aaf0ae7a718624622a02014ea6706/Higher.Power.2018.1080p.BluRay.x264-GUACAMOLE.mkv.html (1080P Real Debrid)</sublink>
				<sublink>https://openload.co/f/G7B1VSxO9V4/gua-higherpower-1080p.mkv (1080P Openload Link)</sublink>
				<sublink>searchhd</sublink>
			</link>
			<thumbnail>https://image.tmdb.org/t/p/w1280//cplMeBlGdkpDzypHRKZ64BrpLoL.jpg</thumbnail>
			<fanart>https://image.tmdb.org/t/p/w1280//rm4CXiSW5xta6K11e6iZGZ1mqzj.jpg</fanart>
		</item>
		<item>
			<title>How It Ends</title>
			<meta>
				<imdb>tt5246700</imdb>
				<content>movie</content>
				<title>How It Ends</title>
				<year>2018</year>
			</meta>
			<link>
				<sublink>https://rapidgator.net/file/a9bdb092b475acc22279f420c35df9db/H.I.E.2018.1080p.NF.WEB-DL.DD5.1.H.264-SiGMA.mkv.html (1080P Real Debrid)</sublink>
				<sublink>http://uploaded.net/file/t010ivoj/How.It.Ends.2018.720p.NF.WEB-DL.DDP5.1.x264-NTG.mkv (720P Real Debrid)</sublink>
				<sublink>https://openload.co/embed/L_u2FtQfXYI (720P Openload Link)</sublink>
				<sublink>searchhd</sublink>
			</link>
			<thumbnail>https://image.tmdb.org/t/p/w1280//e5Xf4RrQVrxSwV2MG3I5sSjBieX.jpg</thumbnail>
			<fanart>https://image.tmdb.org/t/p/w1280//qFPSiVDvhuL7E30r83R2ZxGQjWe.jpg</fanart>
		</item>
		<item>
			<title>[COLOR red]Incoming[/COLOR]</title>
			<meta>
				<imdb>tt6678874</imdb>
				<content>movie</content>
				<title>Incoming</title>
				<year>2018</year>
			</meta>
			<link>
				<sublink>https://streamango.com/embed/dstdfcnldokcncsa/Incoming_2018_1080p_BluRay_x264-_5movies_to_mp4 (720P)</sublink>
				<sublink>https://vev.io/embed/543v1z2lyp30</sublink>
				<sublink>search</sublink>
			</link>
			<thumbnail>https://image.tmdb.org/t/p/w1280//gb21lRTWA6uo1IdIIYotPCHHUP9.jpg</thumbnail>
			<fanart>https://image.tmdb.org/t/p/w1280//eIlAKDRlKN3doj4R6OG4UEzD6jI.jpg</fanart>
		</item>
		<item>
			<title>Killing Daddy</title>
			<meta>
				<imdb>tt3368814</imdb>
				<content>movie</content>
				<title>Killing Daddy</title>
				<year>2014</year>
			</meta>
			<link>
				<sublink>https://rapidgator.net/file/5856a657bc0ba141a6b629eec7e9859d/Killing.Daddy.2014.1080p.AMZN.WEB-DL.DDP2.0.x264-ABM.mkv.html (1080P Real Debrid)</sublink>
				<sublink>https://rapidgator.net/file/aab92690fc3063ce04d545f8cef79621/Killing.Daddy.2014.1080p.AMZN.WEB-DL.DDP2.0.x264-ABM.mkv.html (1080P Real Debrid)</sublink>
				<sublink>https://openload.co/f/OXkZNK9PObc/Killing.Daddy.2014.WEBRip.x264-ION10.mp4 (HD Openload Link)</sublink>
				<sublink>searchhd</sublink>
			</link>
			<thumbnail>https://image.tmdb.org/t/p/w1280//6yk4qSWo1U7yvLeSRErdHGQf25B.jpg</thumbnail>
			<fanart>https://image.tmdb.org/t/p/w1280//rFyLPvfsPpuDohlnQvOEm08oe5C.jpg</fanart>
		</item>
		<item>
			<title>Mad Families</title>
			<meta>
				<imdb>tt6086080</imdb>
				<content>movie</content>
				<title>Mad Families</title>
				<year>2017</year>
			</meta>
			<link>
				<sublink>searchhd</sublink>
			</link>
			<thumbnail>https://image.tmdb.org/t/p/w1280//1VZi6kc9EQd2E0WS6S8VUbgzSZA.jpg</thumbnail>
			<fanart>https://image.tmdb.org/t/p/w1280//wgXhSnWLnAuSue0c1o8nj64WKsY.jpg</fanart>
		</item>
		<item>
			<title>Palm Swings</title>
			<meta>
				<imdb>tt3465026</imdb>
				<content>movie</content>
				<title>Palm Swings</title>
				<year>2017</year>
			</meta>
			<link>
				<sublink>https://rapidgator.net/file/182cc8243fab1fc09faa9b9b685a6d24/p.s.2017.1080p.bluray.x264-getit.mkv.html (1080P Real Debrid)</sublink>
				<sublink>https://rapidgator.net/file/86e0dc63bde4cd55bdc2b3ac5e3cdf0f/P.S.2017.1080p.BluRay.x264-GETiT.mkv.html (1080P Real Debrid)</sublink>
				<sublink>https://openload.co/embed/tAcyeS32CCE (1080P Openload Link)</sublink>
				<sublink>searchhd</sublink>
			</link>
			<thumbnail>https://image.tmdb.org/t/p/w1280//g1YnKSZECx2mfCheJmmQOX3CaDn.jpg</thumbnail>
			<fanart>https://image.tmdb.org/t/p/w1280//sTuw5ARn1a795wtb63IFNxOddc1.jpg</fanart>
		</item>
		<item>
			<title>Pyewacket</title>
			<meta>
				<imdb>tt5119116</imdb>
				<content>movie</content>
				<title>Pyewacket</title>
				<year>2017</year>
			</meta>
			<link>
				<sublink>https://rapidgator.net/file/87f5fda48eb9e9accac8ae35e170a447/pyewacket.2017.1080p.bluray.x264-veto.mkv.html (1080P Real Debrid)</sublink>
				<sublink>https://rapidgator.net/file/10b27fe087149011d53563ffdaa80b61/p-y-e-w-ac-k-e-t.2017.1080p.bluray.x264-veto.mkv.html (1080P Real Debrid)</sublink>
				<sublink>https://openload.co/embed/-DfheVCFHI4 (1080P Openload Link)</sublink>
				<sublink>https://openload.co/embed/IndVsEVWksk (720P Openload Link)</sublink>
				<sublink>searchhd</sublink>
			</link>
			<thumbnail>https://image.tmdb.org/t/p/w1280//zG04TVrWrzpSMdmoTygkWR6bZWJ.jpg</thumbnail>
			<fanart>https://image.tmdb.org/t/p/w1280//yAlx2Ew98rsxyoFVKnPKtGNf3ys.jpg</fanart>
		</item>
		<item>
			<title>Skyscraper HDCAM Openload Link</title>
			<meta>
				<imdb>tt5758778</imdb>
				<content>movie</content>
				<title>Skyscraper</title>
				<year>2018</year>
			</meta>
			<link>
				<sublink>https://openload.co/f/TSA0oJU5yQg/Movies24.top_-Skyscraper.2018.NEW.FULL.HDCAM.X264.HQMic-NO.WATERMARK.mp4</sublink>
				<sublink>searchhd</sublink>
			</link>
			<thumbnail>https://image.tmdb.org/t/p/w1280//3NL1FiTEhU4SWOuWk8lkVCbmnYm.jpg</thumbnail>
			<fanart>https://image.tmdb.org/t/p/w1280//oMKFQmoVgB69fyXfSMu0lGlHJP2.jpg</fanart>
		</item>
		<item>
			<title>Star Trek Into Darkness</title>
			<meta>
				<imdb>tt1408101</imdb>
				<content>movie</content>
				<title>Star Trek Into Darkness</title>
				<year>2013</year>
			</meta>
			<link>
				<sublink>https://streamango.com/embed/rplnlkcfmrbsdees (1080P)</sublink>
				<sublink>http://cdn.movie4k.ag/files/movies/1080p/64557.mp4 (1080P)</sublink>
				<sublink>searchhd</sublink>
			</link>
			<thumbnail>https://image.tmdb.org/t/p/w1280//41mhrXASAW3sdn7LBWF49uCX0xi.jpg</thumbnail>
			<fanart>https://image.tmdb.org/t/p/w1280//ns0IojuqJe24AHTxe8RVcWJUCDM.jpg</fanart>
		</item>
		<item>
			<title>[COLOR red]Super Troopers[/COLOR]</title>
			<meta>
				<imdb>tt0247745</imdb>
				<content>movie</content>
				<title>Super Troopers</title>
				<year>2001</year>
			</meta>
			<link>
				<sublink>https://openload.co/f/frZpykY-BnY/Super.Troopers.2001.1080p.BluRay.H264.AAC-RARBG.mp4</sublink>
				<sublink>https://icerbox.com/Kgb6xMmg/ZORST01.mkv</sublink>
				<sublink>https://stream112.uploadhaven.com/112/video/mp4/f6qEpHrcSM0fEQwW2G2I6t3tE6FDEe2cZ0US5QI2.mp4?k=yrAS3sW4uHoANaQu7sokow&expire=1527495183</sublink>
				<sublink>search</sublink>
			</link>
			<thumbnail>https://image.tmdb.org/t/p/w1280//w8Uu4bqq21onmvQx4ZsTm7dqXwq.jpg</thumbnail>
			<fanart>https://image.tmdb.org/t/p/w1280//dyHIPT1Q2nZjsciWBuTPikYOxzA.jpg</fanart>
		</item>
		<item>
			<title>[COLOR gold]Super Troopers 2[/COLOR]</title>
			<meta>
				<imdb>tt0859635</imdb>
				<content>movie</content>
				<title>Super Troopers 2</title>
				<year>2018</year>
			</meta>
			<link>
				<sublink>https://rapidgator.net/file/2217177f7d02e3e533172e5fee1c62a8/super.troopers.2.2018.1080p.bluray.x264-drones.mkv.html (1080P Real Debrid)</sublink>
				<sublink>https://rapidgator.net/file/1c4bc4f83dabb0fbed2090ee2cb80877/Super_Troopers_2_2018_1080p_WEB-DL_H264_AC3-EVO.mkv.html (1080P Real Debrid)</sublink>
				<sublink>https://openload.co/f/i2t4hwwP1IQ/super.troopers.2.2018.1080p.bluray.x264-drones.mkv (1080P Openload)</sublink>
				<sublink>https://openload.co/f/qyEw7v2606I/Super.Troopers.2.2018.1080p.WEB-DL.H264.AC3-EVO.mkv (1080P Openload)</sublink>
				<sublink>search</sublink>
			</link>
			<thumbnail>https://image.tmdb.org/t/p/w1280//81Kumk0nbZAVqRMo3Zwq00IlgRa.jpg</thumbnail>
			<fanart>https://image.tmdb.org/t/p/w1280//v9N8AxyHf9crA9Iza9fF5ntPJFj.jpg</fanart>
		</item>
		<item>
			<title>Sweet Country</title>
			<meta>
				<imdb>tt6958212</imdb>
				<content>movie</content>
				<title>Sweet Country</title>
				<year>2018</year>
			</meta>
			<link>
				<sublink>https://rapidgator.net/file/a0f592dd05e345562dd11dbbbf1329d5/pfa-s.c.1080p.mkv.html (1080P Real Debrid)</sublink>
				<sublink>https://rapidgator.net/file/29113e9d4cc35486f03dfb82a3f42f5c/Sweet_Country_2017_720p_BluRay_DD5.1_x264-HEZKY.mkv.html (720P Real Debrid)</sublink>
				<sublink>searchhd</sublink>
			</link>
			<thumbnail>https://image.tmdb.org/t/p/w1280//h84IQ35u1na9nSuo5dHrzJhz9AI.jpg</thumbnail>
			<fanart>https://image.tmdb.org/t/p/w1280//5R5O1IkKz4Otrhax39AwYRPkh1h.jpg</fanart>
		</item>
		<item>
			<title>Ted</title>
			<meta>
				<imdb>tt1637725</imdb>
				<content>movie</content>
				<title>Ted</title>
				<year>2012</year>
			</meta>
			<link>
				<sublink>https://goo.gl/eUUVUc (1080P FULLHD)</sublink>
				<sublink>https://goo.gl/Ncve1h (1080P)</sublink>
				<sublink>searchhd</sublink>
			</link>
			<thumbnail>https://image.tmdb.org/t/p/w1280//yLdP2vDa1BqxLSbikGypGtAEOGe.jpg</thumbnail>
			<fanart>https://image.tmdb.org/t/p/w1280//sPiFgbWMSQxVMO6TuRFrkeWwarI.jpg</fanart>
		</item>
		<item>
			<title>Ted 2</title>
			<meta>
				<imdb>tt2637276</imdb>
				<content>movie</content>
				<title>Ted 2</title>
				<year>2015</year>
			</meta>
			<link>
				<sublink>https://goo.gl/Vtmc1z (1080P X265)</sublink>
				<sublink>https://goo.gl/KJWRMh (1080P)</sublink>
				<sublink>searchhd</sublink>
			</link>
			<thumbnail>https://image.tmdb.org/t/p/w1280//A7HtCxFe7Ms8H7e7o2zawppbuDT.jpg</thumbnail>
			<fanart>https://image.tmdb.org/t/p/w1280//nkwoiSVJLeK0NI8kTqioBna61bm.jpg</fanart>
		</item>
		<item>
			<title>Terrifier</title>
			<meta>
				<imdb>tt4281724</imdb>
				<content>movie</content>
				<title>Terrifier</title>
				<year>2017</year>
			</meta>
			<link>
				<sublink>https://rapidgator.net/file/fab1348f4b0345c1eff8942ddc1332b0/T-r.2017.1080p.BluRay.x264-HANDJOB.mkv.html (1080P Real Debrid)</sublink>
				<sublink>https://rapidgator.net/file/dee6421be9f16b8d9f57aac6c1c5d311/Terrifier.2017.1080p.BluRay.x264-HANDJOB.mkv.html (1080P Real Debrid)</sublink>
				<sublink>https://openload.co/f/vA00E82kFi4/Terrifier.2017.1080p.BluRay.x264-HANDJOB.mkv (1080P Openload Link)</sublink>
				<sublink>searchhd</sublink>
			</link>
			<thumbnail>https://image.tmdb.org/t/p/w1280//6PQqC4SbY910VvyVad6mvsboILU.jpg</thumbnail>
			<fanart>https://image.tmdb.org/t/p/w1280//cchLWQ9rryO92IcUsRU2GJbHyE9.jpg</fanart>
		</item>
		<item>
			<title>The Catcher Was a Spy</title>
			<meta>
				<imdb>tt4602066</imdb>
				<content>movie</content>
				<title>The Catcher Was a Spy</title>
				<year>2018</year>
			</meta>
			<link>
				<sublink>https://rapidgator.net/file/0001ffe428173fff09f02cae9a13f986/The.Catcher.Was.a.Spy.2018.1080p.WEB-DL.DD5.1.H264-CMRG.mkv.html (1080P Real Debrid)</sublink>
				<sublink>http://uploaded.net/file/3ntquvfj/The.Catcher.Was.a.Spy.2018.1080p.WEB-DL.DD5.1.H264-CMRG.mkv (1080P)</sublink>
				<sublink>searchhd</sublink>
			</link>
			<thumbnail>https://image.tmdb.org/t/p/w1280//eF6LubTEp1KI6NXUP2o5G4g9AOP.jpg</thumbnail>
			<fanart>https://image.tmdb.org/t/p/w1280//tq5Dq9IvXlag9iOdqoMWDx9cw7z.jpg</fanart>
		</item>
		<item>
			<title>The Endless</title>
			<meta>
				<imdb>tt3986820</imdb>
				<content>movie</content>
				<title>The Endless</title>
				<year>2017</year>
			</meta>
			<link>
				<sublink>https://rapidgator.net/file/b66c687174417b34f9b9670b02cb3861/the.endless.2017.1080p.bluray.x264-cinefile.mkv.html (1080P Real Debrid)</sublink>
				<sublink>http://www.filefactory.com/file/71rjf1urckgb/the.endless.2017.bdrip.x264-lpd.mkv (Real Debrid)</sublink>
				<sublink>https://rapidgator.net/file/d08f0b1f324b851b3a5c0dae2078e110/the.endless.2017.bdrip.x264-lpd.mkv.html (Real Debrid)</sublink>
				<sublink>searchhd</sublink>
			</link>
			<thumbnail>https://image.tmdb.org/t/p/w1280//uVHPBTLb6Sj1Eso9HzyBAOMRheM.jpg</thumbnail>
			<fanart>https://image.tmdb.org/t/p/w1280//zX0pEwk0zDnS85Nxl1hI6h6dfFu.jpg</fanart>
		</item>
		<item>
			<title>The Equalizer 2</title>
			<meta>
				<imdb>tt3766354</imdb>
				<content>movie</content>
				<title>The Equalizer 2</title>
				<year>2018</year>
			</meta>
			<link>
				<sublink>https://openload.co/embed/FGF6Hzt4dS8</sublink>
				<sublink>searchhd</sublink>
			</link>
			<thumbnail>https://image.tmdb.org/t/p/w1280//cQvc9N6JiMVKqol3wcYrGshsIdZ.jpg</thumbnail>
			<fanart>https://image.tmdb.org/t/p/w1280//z6KLDE72SxE1A8JcJTmmnWArOvR.jpg</fanart>
		</item>
		<item>
			<title>[COLOR red]The Gambler[/COLOR]</title>
			<meta>
				<imdb>tt2039393</imdb>
				<content>movie</content>
				<title>The Gambler</title>
				<year>2014</year>
			</meta>
			<link>
				<sublink>searchhd</sublink>
			</link>
			<thumbnail>https://image.tmdb.org/t/p/w1280//ilgnN4esei2fDpTYCpxV6oEzL07.jpg</thumbnail>
			<fanart>https://image.tmdb.org/t/p/w1280//1RJPQF39moa25GeB02Q5P9TxRQf.jpg</fanart>
		</item>
		<item>
			<title>[COLOR gold]The Humanity Bureau[/COLOR]</title>
			<meta>
				<imdb>tt6143568</imdb>
				<content>movie</content>
				<title>The Humanity Bureau</title>
				<year>2017</year>
			</meta>
			<link>
				<sublink>http://bit.ly/2HyFioA</sublink>
				<sublink>http://bit.ly/2HB7A1Q</sublink>
				<sublink>https://oload.stream/f/qjKtI2N7ARU</sublink>
				<sublink>search</sublink>
			</link>
			<thumbnail>https://image.tmdb.org/t/p/w1280//2qf4wJoaYAXwY0Lov4OfBhSGbTQ.jpg</thumbnail>
			<fanart>https://image.tmdb.org/t/p/w1280//mOPR6T2lYvtH1daPJXmCeKu0eie.jpg</fanart>
		</item>
		<item>
			<title>[COLOR gold]The Inbetweeners 2[/COLOR]</title>
			<meta>
				<imdb>tt3097204</imdb>
				<content>movie</content>
				<title>The Inbetweeners 2</title>
				<year>2014</year>
			</meta>
			<link>
				<sublink>https://streamango.com/f/ccsfrpdoeqbebetq (1080P)</sublink>
				<sublink>https://openload.co/embed/um-hhivFrT4 (1080P)</sublink>
				<sublink>https://vidzi.tv/daqgnmqsivim.html</sublink>
				<sublink>searchhd</sublink>
			</link>
			<thumbnail>https://image.tmdb.org/t/p/w1280//qaUeXI9am1IkEoDoccnBy5W6kA4.jpg</thumbnail>
			<fanart>https://image.tmdb.org/t/p/w1280//4qyOBWkymaX4SwENJLquhgorm6c.jpg</fanart>
		</item>
		<item>
			<title>[COLOR gold]The Last Man (2018)[/COLOR]</title>
			<meta>
				<imdb>tt3312180</imdb>
				<content>movie</content>
				<title>The Last Man</title>
				<year>2018</year>
			</meta>
			<link>
				<sublink>https://streamango.com/embed/tknlnfksesslereb (HDHC Link)</sublink>
				<sublink>search</sublink>
			</link>
			<thumbnail>https://m.media-amazon.com/images/M/MV5BYTM2MDAzOWQtY2EyNy00YjFkLWI1NGUtZGRiNzY4MGQxMDE5XkEyXkFqcGdeQXVyNDUyOTk5Njc@._V1_SY999_CR0,0,710,999_AL_.jpg</thumbnail>
		</item>
		<item>
			<title>The Outsider</title>
			<meta>
				<imdb>tt2011311</imdb>
				<content>movie</content>
				<title>The Outsider</title>
				<year>2018</year>
			</meta>
			<link>
				<sublink>https://streamango.com/embed/qlqcoraftrsbeoab (1080P Blamo Link)</sublink>
				<sublink>https://streamango.com/embed/paedfomptanscbqr (1080P Blamo Link 2)</sublink>
				<sublink>searchhd</sublink>
			</link>
			<thumbnail>https://image.tmdb.org/t/p/w1280//m2riQcEzjVrkP8wKHDXwC5EQpHQ.jpg</thumbnail>
			<fanart>https://image.tmdb.org/t/p/w1280//23SZepxYhpeaBeEGiMrtWA84ANu.jpg</fanart>
		</item>
		<item>
			<title>The Ultimate Legacy</title>
			<meta>
				<imdb>tt4738238</imdb>
				<content>movie</content>
				<title>The Ultimate Legacy</title>
				<year>2016</year>
			</meta>
			<link>
				<sublink>https://rapidgator.net/file/08182ed071649293aa8aad2c2001e5d8/T.U.L.2015.1080p.BluRay.x264.DTS-FGT.mkv.html (1080P Real Debrid)</sublink>
				<sublink>searchsd</sublink>
				<sublink>searchsd</sublink>
			</link>
			<thumbnail>https://image.tmdb.org/t/p/w1280//88jxizesV8pUYkZpyMy0zzcEdxp.jpg</thumbnail>
			<fanart>https://image.tmdb.org/t/p/w1280//oNMNV5OEQ6NJ3tFmBXxYdNV6Go9.jpg</fanart>
		</item>
		<item>
			<title>[COLOR gold]The Week Of[/COLOR]</title>
			<meta>
				<imdb>tt6821012</imdb>
				<content>movie</content>
				<title>The Week Of</title>
				<year>2018</year>
			</meta>
			<link>
				<sublink>https://streamango.com/f/noppettpemrtfetk/The_Week_Of_2018_1080p_WEBRip_x264-_YTS_AM_mp4 (1080P Blamo Link)</sublink>
				<sublink>searchhd</sublink>
				<sublink>https://streamango.com/embed/noppettpemrtfetk (720P)</sublink>
				<sublink>searchhd</sublink>
			</link>
			<thumbnail>https://image.tmdb.org/t/p/w1280//2MW56TDpVEv4Zi8VyclL35VxhTM.jpg</thumbnail>
			<fanart>https://image.tmdb.org/t/p/w1280//pGIcZ1WD0cxpiQ0JaGy9VFvAZwW.jpg</fanart>
		</item>
		<item>
			<title>Tomb Invader</title>
			<meta>
				<imdb>tt7781732</imdb>
				<content>movie</content>
				<title>Tomb Invader</title>
				<year>2018</year>
			</meta>
			<link>
				<sublink>https://rapidgator.net/file/def763e252f6532049f767fdd98dacfc/T.I.2018.-1080p.mkv.html (1080P Real Debrid)</sublink>
				<sublink>https://rapidgator.net/file/b2b33e72ea498db21a1f21ebe1ca6dc0/gua-tombinvader-1080p.mkv.html (1080P Real Debrid)</sublink>
				<sublink>https://openload.co/f/EIKf2LvtvUs/gua-tombinvader-1080p.mkv (1080P Openload)</sublink>
				<sublink>searchhd</sublink>
			</link>
			<thumbnail>https://image.tmdb.org/t/p/w1280//mTz0qaYuXIHBAUiwAqJZQxOgWlZ.jpg</thumbnail>
			<fanart>https://image.tmdb.org/t/p/w1280//tQW5cNNclBco7GKINpoBTDweyuC.jpg</fanart>
		</item>
		<item>
			<title>[COLOR red]Kingsman: The Golden Circle[/COLOR]</title>
			<meta>
				<imdb>tt4649466</imdb>
				<content>movie</content>
				<title>Kingsman: The Golden Circle</title>
				<year>2017</year>
			</meta>
			<link>
				<sublink>https://streamango.com/embed/celsllrnneentfsl (1080P)</sublink>
				<sublink>https://estream.to/i82y5dhrsvx8.html (1080P)</sublink>
				<sublink>https://vidzi.tv/y4b21ehi6t9c.html</sublink>
				<sublink>searchhd</sublink>
			</link>
			<thumbnail>https://image.tmdb.org/t/p/w1280//34xBL6BXNYFqtHO9zhcgoakS4aP.jpg</thumbnail>
			<fanart>https://image.tmdb.org/t/p/w1280//uExPmkOHJySrbJyJDJylHDqaT58.jpg</fanart>
		</item>
		<dir>
			<title>[COLOR red]Cobra Kai[/COLOR][COLOR lawngreen](First links 4K)[/COLOR]</title>
			<meta>
				<imdb>tt7221388</imdb>
				<content>tvshow</content>
				<tvshowtitle>Cobra Kai</tvshowtitle>
				<year>2018</year>
			</meta>
			<link>file://blams/cobrakai.xml</link>
			<thumbnail>https://image.tmdb.org/t/p/w1280//5qMupAz4A9EN5Rutrkmov45mNXZ.jpg</thumbnail>
			<fanart>https://image.tmdb.org/t/p/w1280//x7QOl4QEVMOp6V4wsp3Kte3NLDY.jpg</fanart>
		</dir>
		<item>
			<title>Ruin Me</title>
			<meta>
				<imdb>tt4807272</imdb>
				<content>movie</content>
				<title>Ruin Me</title>
				<year>2017</year>
			</meta>
			<link>
				<sublink>https://rapidgator.net/file/05c9d0f2affebca2080f4d5ca7f36104/R.M.2017.1080p.AMZN.WEB-DL.DDP2.0.H.264-NTG.mkv.html (1080P)</sublink>
				<sublink>http://uploaded.net/file/e767tjrd/Ruin.Me.2017.1080p.AMZN.WEB-DL.DDP2.0.H.264-NTG.mkv (1080P)</sublink>
				<sublink>https://openload.co/f/CTk_NGtUtyk/Ruin.Me.2017.1080p.AMZN.WEB-DL.DDP2.0.H.264-NTG.mkv (1080P Openload Link)</sublink>
				<sublink>searchhd</sublink>
			</link>
			<thumbnail>https://image.tmdb.org/t/p/w1280//ikq8ZArFcEfj73S8k4N0wksYxSs.jpg</thumbnail>
			<fanart>https://image.tmdb.org/t/p/w1280//eNQMq6AvxkErsiQItUxi6ihGtZH.jpg</fanart>
		</item>
		<item>
			<title>[COLOR gold]Solo: A Star Wars Story CAM[/COLOR] [COLORlawngreen](MORE LINKS SOON)[/COLOR]</title>
			<meta>
				<imdb>tt3778644</imdb>
				<content>movie</content>
				<title>Solo: A Star Wars Story</title>
				<year>2018</year>
			</meta>
			<link>
				<sublink>https://1fichier.com/?08nj8j10s4(RD)</sublink>
				<sublink>https://openload.co/embed/28uX2iz78Io</sublink>
				<sublink>search</sublink>
			</link>
			<thumbnail>https://image.tmdb.org/t/p/w1280//4oD6VEccFkorEBTEDXtpLAaz0Rl.jpg</thumbnail>
			<fanart>https://image.tmdb.org/t/p/w1280//7LZ0K4FsALrt7OeNIGOVLNuKQRU.jpg</fanart>
		</item>
		<item>
			<title>Slash - Raised On the Sunset Strip</title>
			<meta>
				<imdb>tt4267610</imdb>
				<content>movie</content>
				<title>Slash - Raised On the Sunset Strip</title>
				<year>2014</year>
			</meta>
			<link>
				<sublink>https://rapidgator.net/file/5329c5c783b16bfbad1c286069833b27/Slash.Raised.On.the.Sunset.Strip.2014.1080p.WEB-DL.DD.5.1.H.264-EYEZ.mkv.html (1080P 5.1 X264)</sublink>
				<sublink>https://rapidgator.net/file/6338939b6b1a8cea17787f026edaff54/Slash.Raised.On.the.Sunset.Strip.2014.1080p.WEB-DL.DD.5.1.H.264-EYEZ.mkv.html (1080P 5.1 X264)</sublink>
				<sublink>https://openload.co/embed/1sktD4dSUSc (Opneload Link)</sublink>
				<sublink>searchhd</sublink>
			</link>
			<thumbnail>https://image.tmdb.org/t/p/w1280//6pjg3Pp4PZnzCslAZhBgtPsZ05l.jpg</thumbnail>
			<fanart/>
		</item>

		<item>
			<title>Welcome to Curiosity</title>
			<meta>
				<imdb>tt3517306</imdb>
				<content>movie</content>
				<title>Welcome to Curiosity</title>
				<year>2018</year>
			</meta>
			<link>
				<sublink>https://rapidgator.net/file/6804b08e297a115f3a0cbf7d32143fea/welcome.to.curiosity.2018.limited.1080p.bluray.x264-cadaver.mkv.html (1080P Real Debrid)</sublink>
				<sublink>https://rapidgator.net/file/934732789bdcef28cace0e87018dd9fc/welcomtcur.2018.BRRip.XviD.AC3-EVO.avi.html (Real Debrid)</sublink>
			</link>
			<thumbnail>https://image.tmdb.org/t/p/w1280//mHkrgUoWS2jRutTt9sprJo6nOLb.jpg</thumbnail>
			<fanart>https://image.tmdb.org/t/p/w1280//tfi2Rpk04jkf2Zm2OdnkLBxnMhk.jpg</fanart>
		</item>
		<item>
			<title>West of Hell</title>
			<meta>
				<imdb>tt4287470</imdb>
				<content>movie</content>
				<title>West of Hell</title>
				<year>2018</year>
			</meta>
			<link>
				<sublink>https://rapidgator.net/file/4d482a5b3d5e7fa564067ba70f4faf47/West.of.Hell.2018.BDRip.10Bit.1080p.DD5.1.H265-d3g.mkv.html (1080P Real Debrid)</sublink>
				<sublink>https://rapidgator.net/file/7c2247b3530ae81f5324a5fdf8e24cc1/West.of.Hell.2018.UNCUT.1080p.BluRay.x264-GETiT.mkv.html (1080P Real Debrid)</sublink>
				<sublink>https://rapidgator.net/file/d3966fcca60b2990e64fc3b0c98994f0/W.H.2018.uncut.1080p.bluray.x264-getit.mkv.html (1080P Real Debrid)</sublink>
				<sublink>searchhd</sublink>
			</link>
			<thumbnail>https://image.tmdb.org/t/p/w1280//oJcuslAltQP7bxAI4J7Jk7dxvbx.jpg</thumbnail>
			<fanart>https://image.tmdb.org/t/p/w1280//cx7buQxagnvI01Do8Sxh7PSCNwk.jpg</fanart>
		</item>
		<item>
			<title>World War Z</title>
			<meta>
				<imdb>tt0816711</imdb>
				<content>movie</content>
				<title>World War Z</title>
				<year>2013</year>
			</meta>
			<link>
				<sublink>http://dl.serverdl.in/1/files/World.War.Z.2013.Bluray.REMUX.Full.HD.Sparks.mkv (1080P FULLHD)</sublink>
				<sublink>http://dl.film2movie.us/film/World.War.Z.2013.1080p.BluRay.Film2Movie_ORG.mkv (1080P)</sublink>
				<sublink>searchhd</sublink>
			</link>
			<thumbnail>https://image.tmdb.org/t/p/w1280//Ha5t0J21eyiq6Az1EXzx0iwsGH.jpg</thumbnail>
			<fanart>https://image.tmdb.org/t/p/w1280//xMOQVYLeIKBXenJ9KMeasj7S64y.jpg</fanart>
		</item>
		<item>
			<title>[COLOR=white]-------------------------[/COLOR]</title>
			<heading/>
		</item>
		<dir>
			<title>[COLOR gold]Rick and Morty[/COLOR]</title>
			<wctoon>wcsearch/rick and morty</wctoon>
		</dir>
		<dir>
			<title>[COLOR gold]Fugget About It[/COLOR]</title>
			<wctoon>wcsearch/fugget about it</wctoon>
		</dir>
		<dir>
			<title>[COLOR gold]The Simpsons[/COLOR]</title>
			<wctoon>wcsearch/the simpsons</wctoon>
		</dir>
		<dir>
			<title>[COLOR gold]Camp WWE[/COLOR]</title>
			<wctoon>wcsearch/camp wwe</wctoon>
		</dir>
		<dir>
			<title>[COLOR gold]American Dad[/COLOR]</title>
			<wctoon>wcsearch/american dad</wctoon>
		</dir>
		<dir>
			<title>[COLOR gold]Looney Tunes[/COLOR]</title>
			<wctoon>wcsearch/looney tunes</wctoon>
		</dir>
		<dir>
			<title>[COLOR gold]Johnny Bravo[/COLOR]</title>
			<wctoon>wcsearch/johnny bravo</wctoon>
		</dir>
		<dir>
			<title>[COLOR gold]Dungeons and Dragons[/COLOR]</title>
			<wctoon>wcsearch/dungeons and dragons</wctoon>
		</dir>
		<dir>
			<title>[COLOR gold]Scooby Doo[/COLOR]</title>
			<wctoon>wcsearch/scooby doo</wctoon>
		</dir>
		<dir>
			<title>[COLOR gold]Archie's Weird Mysteries[/COLOR]</title>
			<wctoon>wcsearch/archies weird mysteries</wctoon>
		</dir>
		<dir>
			<title>[COLOR gold]Aqua Teen Hunger Force[/COLOR]</title>
			<wctoon>wcsearch/aqua teen hunger force</wctoon>
		</dir>
		<dir>
			<title>[COLOR gold]Stargate Infinity[/COLOR]</title>
			<wctoon>wcsearch/stargate</wctoon>
		</dir>
		<dir>
			<title>[COLOR gold]Thundercats (1985)[/COLOR]</title>
			<wctoon>wcsearch/thundercats 1985</wctoon>
		</dir>
		<dir>
			<title>[COLOR gold]Inspector Gadget[/COLOR]</title>
			<wctoon>wcsearch/inspector gadget</wctoon>
		</dir>
		<dir>
			<title>[COLOR gold]Jumanji[/COLOR]</title>
			<wctoon>wcsearch/jumanji</wctoon>
		</dir>
		<dir>
			<title>[COLOR gold]G.I. Joe[/COLOR]</title>
			<wctoon>wcsearch/g.i. joe</wctoon>
		</dir>
		<dir>
			<title>[COLOR gold]Red vs Blue[/COLOR]</title>
			<wctoon>wcsearch/red vs blue</wctoon>
		</dir>
		<dir>
			<title>[COLOR gold]F is for Family[/COLOR]</title>
			<wctoon>wcsearch/f is for family</wctoon>
		</dir>
		<dir>
			<title>[COLOR gold]Duck Dodgers[/COLOR]</title>
			<wctoon>wcsearch/duck dodgers</wctoon>
		</dir>
		<dir>
			<title>[COLOR gold]Doctor Who[/COLOR]</title>
			<wctoon>wcsearch/doctor who</wctoon>
		</dir>
		<dir>
			<title>[COLOR gold]Brickleberry[/COLOR]</title>
			<wctoon>wcsearch/brickleberry</wctoon>
		</dir>
		<dir>
			<title>[COLOR gold]Beavis and Butt Head[/COLOR]</title>
			<wctoon>wcsearch/beavis and butt head</wctoon>
		</dir>
		<dir>
			<title>[COLOR gold]Peppa Pig[/COLOR]</title>
			<wctoon>wcsearch/peppa pig</wctoon>
		</dir>
	</wannabe>
</dipshit>