<arrakis>
    <livesports>
        <dir>
            <title>HesGoal Live Feeds</title>
            <meta>
                <title>HesGoal Live Feeds</title>
                <summary>Live Feeds via the HesGoal Plugin</summary>
            </meta>
            <hesgoal>games</hesgoal>
            <thumbnail>special://home/addons/plugin.video.arrakis/resources/media/sports.png</thumbnail>
        </dir>

        <dir>
            <title>Sports Live TV</title>
            <meta>
                <title>Sports Live TV</title>
                <summary>Live Sports Channel Feeds</summary>
            </meta>
            <swift>swiftcategory/36</swift>
            <thumbnail>special://home/addons/plugin.video.arrakis/resources/media/sports.png</thumbnail>
        </dir>

        <dir>
            <title>Sports Streams Live Feeds</title>
            <meta>
                <title>Sports Streams Live Feeds</title>
                <summary>Live Feeds via the Sports Streams Plugin</summary>
            </meta>
            <sport_stream>games</sport_stream>
            <thumbnail>special://home/addons/plugin.video.arrakis/resources/media/sports.png</thumbnail>
        </dir>
    </livesports>
</arrakis>
