<arrakis><dune2003>
        <item>
            <title>Frank Herbert's Children of Dune (2003) Part 1</title>
            <meta>
                <content>movie</content>
                <imdb>tt1439621</imdb>
                <title>Children of Dune (2003) Mini-Series</title>
                <year>2003</year>
            </meta>
            <link>https://my.mail.ru/bk/tantrumtv/video/dune/3.html</link>
            <thumbnail>special://home/addons/plugin.video.arrakis/resources/media/kids.png</thumbnail>
        </item>

        <item>
            <title>Frank Herbert's Children of Dune (2003) Part 2</title>
            <meta>
                <content>movie</content>
                <imdb>tt1684390</imdb>
                <title>Children of Dune (2003) Mini-Series</title>
                <year>2003</year>
            </meta>
            <link>https://my.mail.ru/bk/tantrumtv/video/dune/4.html</link>
            <thumbnail>special://home/addons/plugin.video.arrakis/resources/media/kids.png</thumbnail>
        </item>

        <item>
            <title>Frank Herbert's Children of Dune (2003) Part 3</title>
            <meta>
                <content>movie</content>
                <imdb>tt1684391</imdb>
                <title>Children of Dune (2003) Mini-Series</title>
                <year>2003</year>
            </meta>
            <link>https://my.mail.ru/bk/tantrumtv/video/dune/5.html</link>
            <thumbnail>special://home/addons/plugin.video.arrakis/resources/media/kids.png</thumbnail>
        </item>

</dune2003></arrakis>