<arrakis>
    <mysettings>
        <plugin>
            <title>ARRAKIS: Customization</title>
            <meta>
                <summary>Open the Settings for the addon on the Customization tab</summary>
            </meta>
            <mysettings>0/0</mysettings>
            <thumbnail>special://home/addons/plugin.video.arrakis/resources/media/settings.png</thumbnail>
        </plugin>

        <plugin>
            <title>ARRAKIS: Cache</title>
            <meta>
                <summary>Open the Settings for the addon on the General tab</summary>
            </meta>
            <mysettings>1/0</mysettings>
            <thumbnail>special://home/addons/plugin.video.arrakis/resources/media/settings.png</thumbnail>
        </plugin>

        <plugin>
            <title>ARRAKIS: Sports Setup</title>
            <meta>
                <summary>Open the Settings for the addon on the Sports tab</summary>
            </meta>
            <mysettings>2/0</mysettings>
            <thumbnail>special://home/addons/plugin.video.arrakis/resources/media/settings.png</thumbnail>
        </plugin>
        
        <plugin>
            <title>ARRAKIS: Scraper Setup</title>
            <meta>
                <summary>Open the Settings for the addon on the General tab</summary>
            </meta>
            <mysettings>3/0</mysettings>
            <thumbnail>special://home/addons/plugin.video.arrakis/resources/media/settings.png</thumbnail>
        </plugin>

        <plugin>
            <title>ARRAKIS: Resolver Setup</title>
            <meta>
                <summary>Open the Settings for the addon on the Resolvers tab</summary>
            </meta>
            <mysettings>4/0</mysettings>
            <thumbnail>special://home/addons/plugin.video.arrakis/resources/media/settings.png</thumbnail>
        </plugin>
        
        <plugin>
            <title>ARRAKIS: API Settings</title>
            <meta>
                <summary>Open the API Settings if you wish to add your own API Keys to Arrakis</summary>
            </meta>
            <mysettings>5/0</mysettings>
            <thumbnail>special://home/addons/plugin.video.arrakis/resources/media/settings.png</thumbnail>
        </plugin>

        <plugin>
            <title>REAL-DEBRID: Re-Authorize (ResolveURL)</title>
            <meta>
                <summary>(Re)Authorize Real-Debrid in the Resolve URL Addon</summary>
            </meta>
            <link>plugin://script.module.resolveurl/?mode=auth_rd</link>
            <thumbnail>special://home/addons/plugin.video.arrakis/resources/media/settings.png</thumbnail>
        </plugin>

        <item>
            <title>PAIRING: Pair My Connection</title>
            <meta>
                <summary>(Re)Authorize Real-Debrid in the Resolve URL Addon</summary>
            </meta>
            <pairwith>pairlist</pairwith>
            <thumbnail>special://home/addons/plugin.video.arrakis/resources/media/settings.png</thumbnail>
        </item>
    </mysettings>
</arrakis>