<arrakis>
    <beahero>
        <dir>
            <title>DC Movies</title>
            <meta>
                <title>DC Movies</title>
                <summary>DC Universe Movies</summary>
            </meta>
            <tmdb>list/3</tmdb>
            <thumbnail>special://home/addons/plugin.video.arrakis/resources/media/dcmarvel.png</thumbnail>
        </dir>

        <dir>
            <title>DC TV</title>
            <meta>
                <title>DC TV</title>
                <summary>DC Universe TV Shows (Cartoon and Live Action)</summary>
            </meta>
            <trakt>https://api.trakt.tv/users/sroyalty/lists/dc-tv-shows-arrakis/items</trakt>
            <thumbnail>special://home/addons/plugin.video.arrakis/resources/media/dcmarvel.png</thumbnail>
        </dir>

        <dir>
            <title>Marvel Movies</title>
            <meta>
                <title>Marvel Movies</title>
                <summary>Marvel Universe Movies</summary>
            </meta>
            <tmdb>list/11332</tmdb>
            <thumbnail>special://home/addons/plugin.video.arrakis/resources/media/dcmarvel.png</thumbnail>
        </dir>

        <dir>
            <title>Marvel TV</title>
            <meta>
                <title>Marvel TV</title>
                <summary>Marvel Universe TV Shows (Cartoon and Live Action)</summary>
            </meta>
            <trakt>https://api.trakt.tv/users/sroyalty/lists/marvel-tv-shows-arrakis/items</trakt>
            <thumbnail>special://home/addons/plugin.video.arrakis/resources/media/dcmarvel.png</thumbnail>
        </dir>
    </beahero>
</arrakis>