<arrakis><dune2000>
        <item>
            <title>Frank Herbert's Dune (2000) Part 1</title>
            <meta>
                <content>movie</content>
                <imdb>tt1262235</imdb>
                <title>Dune (2000) Mini-Series</title>
                <year>2000</year>
            </meta>
            <link>https://my.mail.ru/bk/tantrumtv/video/dune/8.html</link>
            <thumbnail>special://home/addons/plugin.video.arrakis/resources/media/dune2000.png</thumbnail>
        </item>

        <item>
            <title>Frank Herbert's Dune (2000) Part 2</title>
            <meta>
                <content>movie</content>
                <imdb>tt1262236</imdb>
                <title>Dune (2000) Mini-Series</title>
                <year>2000</year>
            </meta>
            <link>https://my.mail.ru/bk/tantrumtv/video/dune/9.html</link>
            <thumbnail>special://home/addons/plugin.video.arrakis/resources/media/dune2000.png</thumbnail>
        </item>

        <item>
            <title>Frank Herbert's Dune (2000) Part 3</title>
            <meta>
                <content>movie</content>
                <imdb>tt1262237</imdb>
                <title>Dune (2000) Mini-Series</title>
                <year>2000</year>
            </meta>
            <link>https://my.mail.ru/bk/tantrumtv/video/dune/10.html</link>
            <thumbnail>special://home/addons/plugin.video.arrakis/resources/media/dune2000.png</thumbnail>
        </item>
</dune2000></arrakis>