<arrakis>
    <kidstube>
        <plugin>
            <title>ABC Kid.tv</title>
            <link>plugin://plugin.video.youtube/channel/UCbCmjCuTUZos6Inko4u57UQ/playlists/</link>
            <thumbnail>https://i.imgur.com/jtPn8gR.jpg</thumbnail>
        </plugin>

        <plugin>
            <title>Baby Joy Joy</title>
            <link>plugin://plugin.video.youtube/channel/UCkIz27-hS4O-mCiChXZgNKw/playlists/</link>
            <thumbnail>https://i.imgur.com/IkCLaPp.jpg</thumbnail>
        </plugin>

        <plugin>
            <title>Blues Clues</title>
            <link>plugin://plugin.video.youtube/channel/UCesJOpRA7VlQV87nRPPeKlA/playlists/</link>
            <thumbnail>https://i.imgur.com/1OQvO5K.jpg</thumbnail>
        </plugin>

        <plugin>
            <title>Bob the Builder</title>
            <link>plugin://plugin.video.youtube/channel/UCZLYbETi-hygKzyCerJ5daw/playlists/</link>
            <thumbnail>https://raw.githubusercontent.com/muaddibttv/tantrumxmls/master/kidsnation/icons/btb.jpg</thumbnail>
        </plugin>

        <plugin>
            <title>Bob the Builder (Australia)</title>
            <link>plugin://plugin.video.youtube/channel/UC4-ct2mbZsOwSDf000L8bNg/playlists/</link>
            <thumbnail>https://raw.githubusercontent.com/muaddibttv/tantrumxmls/master/kidsnation/icons/btb.jpg</thumbnail>
        </plugin>

        <plugin>
            <title>Bob the Builder (US)</title>
            <link>plugin://plugin.video.youtube/channel/UCXv3404_UQsWG46lTgx2MRQ/playlists/</link>
            <thumbnail>https://raw.githubusercontent.com/muaddibttv/tantrumxmls/master/kidsnation/icons/btb.jpg</thumbnail>
        </plugin>

        <plugin>
            <title>The Brain Scoop</title>
            <link>plugin://plugin.video.youtube/channel/UCkyfHZ6bY2TjqbJhiH8Y2QQ/playlists/</link>
            <thumbnail>https://raw.githubusercontent.com/muaddibttv/tantrumxmls/master/kidsnation/icons/tbs.jpg</thumbnail>
        </plugin>

        <plugin>
            <title>Caillou</title>
            <link>plugin://plugin.video.youtube/channel/UC4yQCVlLhTmOqX5kUkAGr0g/playlists/</link>
            <thumbnail>https://raw.githubusercontent.com/muaddibttv/tantrumxmls/master/kidsnation/icons/caillou.png</thumbnail>
        </plugin>

        <plugin>
            <title>Caillou - Full HD Episodes</title>
            <link>plugin://plugin.video.youtube/playlist/PLC9Qdm15h_EVixE4J9SbZgkWLBNqEldS9/</link>
            <thumbnail>https://raw.githubusercontent.com/muaddibttv/tantrumxmls/master/kidsnation/icons/caillou.png</thumbnail>
        </plugin>

        <plugin>
            <title>Crash Course Kids</title>
            <link>plugin://plugin.video.youtube/channel/UCONtPx56PSebXJOxbFv-2jQ/playlists/</link>
            <thumbnail>https://raw.githubusercontent.com/muaddibttv/tantrumxmls/master/kidsnation/icons/crashcoursekids.jpg</thumbnail>
        </plugin>

        <plugin>
            <title>Farmees - Nursery Rhymes And Kids Songs</title>
            <link>plugin://plugin.video.youtube/channel/UCu9MYfF0vosVcK38oNnnJxw/playlists/</link>
            <thumbnail>https://i.imgur.com/Z5bFVvB.jpg</thumbnail>
        </plugin>

        <plugin>
            <title>Geek Gurl Diaries</title>
            <link>plugin://plugin.video.youtube/channel/UCxrp2coE9wRrnlOO3V3UmdQ/playlists/</link>
            <thumbnail>https://raw.githubusercontent.com/muaddibttv/tantrumxmls/master/kidsnation/icons/ggd.jpg</thumbnail>
        </plugin>

        <plugin>
            <title>HooplaKidz - Official Nursery Rhymes Channel</title>
            <link>plugin://plugin.video.youtube/channel/UC3djj8jS0370cu_ghKs_Ong/playlists/</link>
            <thumbnail>https://raw.githubusercontent.com/muaddibttv/tantrumxmls/master/kidsnation/icons/hooplakids.jpg</thumbnail>
        </plugin>

        <plugin>
            <title>HooplaKidz How To - DIY Crafts and Play Doh Videos</title>
            <link>plugin://plugin.video.youtube/channel/UCxkkhCFRexEyFHUHEcH5Uzg/playlists/</link>
            <thumbnail>https://raw.githubusercontent.com/muaddibttv/tantrumxmls/master/kidsnation/icons/hooplahow.jpg</thumbnail>
        </plugin>

        <plugin>
            <title>HooplaKidz TV - Funny Cartoons For Children</title>
            <link>plugin://plugin.video.youtube/channel/UCMfZ_z0LUm805JOZLktl2QQ/playlists/</link>
            <thumbnail>https://raw.githubusercontent.com/muaddibttv/tantrumxmls/master/kidsnation/icons/hooplatoons.jpg</thumbnail>
        </plugin>

        <plugin>
            <title>HooplaKidz TV - Hoopla Lab</title>
            <link>plugin://plugin.video.youtube/channel/UCZYqWTQJzJaMW7jFG16p8ug/playlists/</link>
            <thumbnail>https://raw.githubusercontent.com/muaddibttv/tantrumxmls/master/kidsnation/icons/hooplalab.jpg</thumbnail>
        </plugin>

        <plugin>
            <title>HooplaKidz TV - Hoopla Recipes</title>
            <link>plugin://plugin.video.youtube/channel/UC-vObULK1w635bdFQpNlbQA/playlists/</link>
            <thumbnail>https://raw.githubusercontent.com/muaddibttv/tantrumxmls/master/kidsnation/icons/hooplafood.jpg</thumbnail>
        </plugin>

        <plugin>
            <title>HooplaKidz TV - Hoopla Kids Education</title>
            <link>plugin://plugin.video.youtube/channel/UCaIS49HEvpCrHuVCVEAYKWA/playlists/</link>
            <thumbnail>https://raw.githubusercontent.com/muaddibttv/tantrumxmls/master/kidsnation/icons/hooplaedu.jpg</thumbnail>
        </plugin>

        <plugin>
            <title>Junior Squad - nursery rhymes & kids songs</title>
            <link>plugin://plugin.video.youtube/channel/UCkOny4N1-Qn9UTx7pYnEL3A/playlists/</link>
            <thumbnail>https://i.imgur.com/hOXfPUf.jpg</thumbnail>
        </plugin>

        <plugin>
            <title>Kids Channel - Cartoon Videos for Kids</title>
            <link>plugin://plugin.video.youtube/channel/UC3KknIJZXRygH2pZ6MDtGbg/playlists/</link>
            <thumbnail>https://raw.githubusercontent.com/muaddibttv/tantrumxmls/master/kidsnation/icons/kidschannel.jpg</thumbnail>
        </plugin>

        <plugin>
            <title>Kids Hut</title>
            <link>plugin://plugin.video.youtube/channel/UChz5aEi3dfrDVC8-YJsMUDA/playlists/</link>
            <thumbnail>https://raw.githubusercontent.com/muaddibttv/tantrumxmls/master/kidsnation/icons/kidshut.jpg</thumbnail>
        </plugin>

        <plugin>
            <title>Kids Rhymes - Cartoon Videos for Children</title>
            <link>plugin://plugin.video.youtube/channel/UCf4-1iHEgNgNWH_HKmYAtcw/playlists/</link>
            <thumbnail>https://i.imgur.com/Q9AMQpo.jpg</thumbnail>
        </plugin>

        <plugin>
            <title>Kids TV</title>
            <link>plugin://plugin.video.youtube/channel/UC7Pq3Ko42YpkCB_Q4E981jw/playlists/</link>
            <thumbnail>https://raw.githubusercontent.com/muaddibttv/tantrumxmls/master/kidsnation/icons/kidstv.jpg</thumbnail>
        </plugin>

        <plugin>
            <title>Little Baby Bum</title>
            <link>plugin://plugin.video.youtube/channel/UCKAqou7V9FAWXpZd9xtOg3Q/playlists/</link>
            <thumbnail>https://raw.githubusercontent.com/muaddibttv/tantrumxmls/master/kidsnation/icons/lbb.jpg</thumbnail>
        </plugin>

        <plugin>
            <title>LBB Junior</title>
            <link>plugin://plugin.video.youtube/channel/UC3_PaZ3Eso1JkuJyE_v4-3g/playlists/</link>
            <thumbnail>https://raw.githubusercontent.com/muaddibttv/tantrumxmls/master/kidsnation/icons/lbb.jpg</thumbnail>
        </plugin>

        <plugin>
            <title>Little Eddie - Nursery Rhymes and Kids Songs</title>
            <link>plugin://plugin.video.youtube/channel/UCXKuQPLe82SCtxtua4wWm8g/playlists/</link>
            <thumbnail>https://i.imgur.com/dDkHanx.jpg</thumbnail>
        </plugin>

        <plugin>
            <title>Mother Goose Club</title>
            <link>plugin://plugin.video.youtube/channel/UCJkWoS4RsldA1coEIot5yDA/playlists/</link>
            <thumbnail>https://raw.githubusercontent.com/muaddibttv/tantrumxmls/master/kidsnation/icons/mgc.jpg</thumbnail>
        </plugin>

        <plugin>
            <title>Mother Goose Club - Playhouse</title>
            <link>plugin://plugin.video.youtube/channel/UC6zPzUJo8hu-5TzUk8IEC2Q/playlists/</link>
            <thumbnail>https://raw.githubusercontent.com/muaddibttv/tantrumxmls/master/kidsnation/icons/mgc.jpg</thumbnail>
        </plugin>

        <plugin>
            <title>PBS KIDS</title>
            <link>plugin://plugin.video.youtube/channel/UCrNnk0wFBnCS1awGjq_ijGQ/playlists/</link>
            <thumbnail>https://raw.githubusercontent.com/muaddibttv/tantrumxmls/master/kidsnation/icons/pbs.jpg</thumbnail>
        </plugin>

        <plugin>
            <title>Peppa Pig</title>
            <link>plugin://plugin.video.youtube/channel/UCAOtE1V7Ots4DjM8JLlrYgg/playlists/</link>
            <thumbnail>https://raw.githubusercontent.com/muaddibttv/tantrumxmls/master/kidsnation/icons/peppaofficial.jpg</thumbnail>
        </plugin>

        <plugin>
            <title>Peppa Pig - Full Episodes</title>
            <link>plugin://plugin.video.youtube/channel/UC1aLdPsHl5R81q4Ga0YBkBw/playlists/</link>
            <thumbnail>https://raw.githubusercontent.com/muaddibttv/tantrumxmls/master/kidsnation/icons/peppafullepisodes.jpg</thumbnail>
        </plugin>

        <plugin>
            <title>Peppa Pig English Channel</title>
            <link>plugin://plugin.video.youtube/channel/UCmIZUrJjE4bgRqhd8BVvxsg/playlists/</link>
            <thumbnail>https://raw.githubusercontent.com/muaddibttv/tantrumxmls/master/kidsnation/icons/peppaenglish.jpg</thumbnail>
        </plugin>

        <plugin>
            <title>SciShow Kids</title>
            <link>plugin://plugin.video.youtube/channel/UCRFIPG2u1DxKLNuE3y2SjHA/playlists/</link>
            <thumbnail>https://raw.githubusercontent.com/muaddibttv/tantrumxmls/master/kidsnation/icons/scishowkids.jpg</thumbnail>
        </plugin>

        <plugin>
            <title>SmartGirls</title>
            <link>plugin://plugin.video.youtube/channel/UCi_BjZoqPnMmkCLv2FlyBxQ/playlists/</link>
            <thumbnail>https://raw.githubusercontent.com/muaddibttv/tantrumxmls/master/kidsnation/icons/smartgirls.jpg</thumbnail>
        </plugin>

        <plugin>
            <title>Videogyan Kids Shows - Cartoon Animation For Kids</title>
            <link>plugin://plugin.video.youtube/channel/UCCc1DMB-AcOssKJ7KweLXBg/playlists/</link>
            <thumbnail>https://i.imgur.com/W7ol0VU.jpg</thumbnail>
        </plugin>
    </kidstube>
</arrakis>
