<arrakis>
    <horroryearsmain>
        <dir>
            <title>[B][COLOR white]2018[/COLOR][/B]</title>
            <link>file://moviemania/trepidation/2018.xml</link>
            <thumbnail>special://home/addons/plugin.video.arrakis/resources/media/trepidation/years/2018.png</thumbnail>
        </dir>

        <dir>
            <title>[B][COLOR white]2017[/COLOR][/B]</title>
            <link>file://moviemania/trepidation/2017.xml</link>
            <thumbnail>special://home/addons/plugin.video.arrakis/resources/media/trepidation/years/2017.png</thumbnail>
        </dir>

        <dir>
            <title>[B][COLOR white]2016[/COLOR][/B]</title>
            <link>file://moviemania/trepidation/2016.xml</link>
            <thumbnail>special://home/addons/plugin.video.arrakis/resources/media/trepidation/years/2016.png</thumbnail>
        </dir>

        <dir>
            <title>[B][COLOR white]2015[/COLOR][/B]</title>
            <link>file://moviemania/trepidation/2015.xml</link>
            <thumbnail>special://home/addons/plugin.video.arrakis/resources/media/trepidation/years/2015.png</thumbnail>
        </dir>

        <dir>
            <title>[B][COLOR white]2014[/COLOR][/B]</title>
            <link>file://moviemania/trepidation/2014.xml</link>
            <thumbnail>special://home/addons/plugin.video.arrakis/resources/media/trepidation/years/2014.png</thumbnail>
        </dir>

        <dir>
            <title>[B][COLOR white]2013[/COLOR][/B]</title>
            <link>file://moviemania/trepidation/2013.xml</link>
            <thumbnail>special://home/addons/plugin.video.arrakis/resources/media/trepidation/years/2013.png</thumbnail>
        </dir>

        <dir>
            <title>[B][COLOR white]2012[/COLOR][/B]</title>
            <link>file://moviemania/trepidation/2012.xml</link>
            <thumbnail>special://home/addons/plugin.video.arrakis/resources/media/trepidation/years/2012.png</thumbnail>
        </dir>

        <dir>
            <title>[B][COLOR white]2011[/COLOR][/B]</title>
            <link>file://moviemania/trepidation/2011.xml</link>
            <thumbnail>special://home/addons/plugin.video.arrakis/resources/media/trepidation/years/2011.png</thumbnail>
        </dir>

        <dir>
            <title>[B][COLOR white]2010[/COLOR][/B]</title>
            <link>file://moviemania/trepidation/2010.xml</link>
            <thumbnail>special://home/addons/plugin.video.arrakis/resources/media/trepidation/years/2010.png</thumbnail>
        </dir>

        <dir>
            <title>[B][COLOR white]2009[/COLOR][/B]</title>
            <link>file://moviemania/trepidation/2009.xml</link>
            <thumbnail>special://home/addons/plugin.video.arrakis/resources/media/trepidation/years/2009.png</thumbnail>
        </dir>

        <dir>
            <title>[B][COLOR white]2008[/COLOR][/B]</title>
            <link>file://moviemania/trepidation/2008.xml</link>
            <thumbnail>special://home/addons/plugin.video.arrakis/resources/media/trepidation/years/2008.png</thumbnail>
        </dir>

        <dir>
            <title>[B][COLOR white]2007[/COLOR][/B]</title>
            <link>file://moviemania/trepidation/2007.xml</link>
            <thumbnail>special://home/addons/plugin.video.arrakis/resources/media/trepidation/years/2007.png</thumbnail>
        </dir>

        <dir>
            <title>[B][COLOR white]2006[/COLOR][/B]</title>
            <link>file://moviemania/trepidation/2006.xml</link>
            <thumbnail>special://home/addons/plugin.video.arrakis/resources/media/trepidation/years/2006.png</thumbnail>
        </dir>

        <dir>
            <title>[B][COLOR white]2005[/COLOR][/B]</title>
            <link>file://moviemania/trepidation/2005.xml</link>
            <thumbnail>special://home/addons/plugin.video.arrakis/resources/media/trepidation/years/2005.png</thumbnail>
        </dir>

        <dir>
            <title>[B][COLOR white]2004[/COLOR][/B]</title>
            <link>file://moviemania/trepidation/2004.xml</link>
            <thumbnail>special://home/addons/plugin.video.arrakis/resources/media/trepidation/years/2004.png</thumbnail>
        </dir>

        <dir>
            <title>[B][COLOR white]2003[/COLOR][/B]</title>
            <link>file://moviemania/trepidation/2003.xml</link>
            <thumbnail>special://home/addons/plugin.video.arrakis/resources/media/trepidation/years/2003.png</thumbnail>
        </dir>

        <dir>
            <title>[B][COLOR white]2002[/COLOR][/B]</title>
            <link>file://moviemania/trepidation/2002.xml</link>
            <thumbnail>special://home/addons/plugin.video.arrakis/resources/media/trepidation/years/2002.png</thumbnail>
        </dir>

        <dir>
            <title>[B][COLOR white]2001[/COLOR][/B]</title>
            <link>file://moviemania/trepidation/2001.xml</link>
            <thumbnail>special://home/addons/plugin.video.arrakis/resources/media/trepidation/years/2001.png</thumbnail>
        </dir>

        <dir>
            <title>[B][COLOR white]2000[/COLOR][/B]</title>
            <link>file://moviemania/trepidation/2000.xml</link>
            <thumbnail>special://home/addons/plugin.video.arrakis/resources/media/trepidation/years/2000.png</thumbnail>
        </dir>

        <dir>
            <title>[B][COLOR white]1999[/COLOR][/B]</title>
            <link>file://moviemania/trepidation/1999.xml</link>
            <thumbnail>special://home/addons/plugin.video.arrakis/resources/media/trepidation/years/1999.png</thumbnail>
        </dir>

        <dir>
            <title>[B][COLOR white]1998[/COLOR][/B]</title>
            <link>file://moviemania/trepidation/1998.xml</link>
            <thumbnail>special://home/addons/plugin.video.arrakis/resources/media/trepidation/years/1998.png</thumbnail>
        </dir>

        <dir>
            <title>[B][COLOR white]1997[/COLOR][/B]</title>
            <link>file://moviemania/trepidation/1997.xml</link>
            <thumbnail>special://home/addons/plugin.video.arrakis/resources/media/trepidation/years/1997.png</thumbnail>
        </dir>

        <dir>
            <title>[B][COLOR white]1996[/COLOR][/B]</title>
            <link>file://moviemania/trepidation/1996.xml</link>
            <thumbnail>special://home/addons/plugin.video.arrakis/resources/media/trepidation/years/1996.png</thumbnail>
        </dir>

        <dir>
            <title>[B][COLOR white]1995[/COLOR][/B]</title>
            <link>file://moviemania/trepidation/1995.xml</link>
            <thumbnail>special://home/addons/plugin.video.arrakis/resources/media/trepidation/years/1995.png</thumbnail>
        </dir>

        <dir>
            <title>[B][COLOR white]1994[/COLOR][/B]</title>
            <link>file://moviemania/trepidation/1994.xml</link>
            <thumbnail>special://home/addons/plugin.video.arrakis/resources/media/trepidation/years/1994.png</thumbnail>
        </dir>

        <dir>
            <title>[B][COLOR white]1993[/COLOR][/B]</title>
            <link>file://moviemania/trepidation/1993.xml</link>
            <thumbnail>special://home/addons/plugin.video.arrakis/resources/media/trepidation/years/1993.png</thumbnail>
        </dir>

        <dir>
            <title>[B][COLOR white]1992[/COLOR][/B]</title>
            <link>file://moviemania/trepidation/1992.xml</link>
            <thumbnail>special://home/addons/plugin.video.arrakis/resources/media/trepidation/years/1992.png</thumbnail>
        </dir>

        <dir>
            <title>[B][COLOR white]1991[/COLOR][/B]</title>
            <link>file://moviemania/trepidation/1991.xml</link>
            <thumbnail>special://home/addons/plugin.video.arrakis/resources/media/trepidation/years/1991.png</thumbnail>
        </dir>

        <dir>
            <title>[B][COLOR white]1990[/COLOR][/B]</title>
            <link>file://moviemania/trepidation/1990.xml</link>
            <thumbnail>special://home/addons/plugin.video.arrakis/resources/media/trepidation/years/1990.png</thumbnail>
        </dir>

        <dir>
            <title>[B][COLOR white]1980s[/COLOR][/B]</title>
            <link>file://moviemania/trepidation/1980s.xml</link>
            <thumbnail>special://home/addons/plugin.video.arrakis/resources/media/trepidation/years/1980s.png</thumbnail>
        </dir>
    </horroryearsmain>
</arrakis>