<item>
	<title>13 Hours (2016)</title>
	<meta>
		<content>movie</content>
		<imdb>tt4172430</imdb>
		<title>13 Hours</title>
		<year>2016</year>
	</meta>
	<link>
		<sublink>searchhd</sublink>
		<sublink>searchsd</sublink>
	</link>
	<thumbnail>https://image.tmdb.org/t/p/w1280/4gpW4MkRI0BB17GHOJzXq0WamDP.jpg</thumbnail>
	<fanart>https://image.tmdb.org/t/p/w1280/cVIb8GGPzASoN9j9z1jIJD942oJ.jpg</fanart>
</item>
<item>
	<title>1492: Conquest of Paradise (1992)</title>
	<meta>
		<content>movie</content>
		<imdb>tt0103594</imdb>
		<title>1492: Conquest of Paradise</title>
		<year>1992</year>
	</meta>
	<link>
		<sublink>searchhd</sublink>
		<sublink>searchsd</sublink>
	</link>
	<thumbnail>https://image.tmdb.org/t/p/w1280/bdrP911VLCPBX7AGgYRT3Dlr1OD.jpg</thumbnail>
	<fanart>https://image.tmdb.org/t/p/w1280/98h2NpMPCHjB7hWaZmEKcX8mNSz.jpg</fanart>
</item>
<item>
	<title>2 Guns (2013)</title>
	<meta>
		<content>movie</content>
		<imdb>tt1272878</imdb>
		<title>2 Guns</title>
		<year>2013</year>
	</meta>
	<link>
		<sublink>searchhd</sublink>
		<sublink>searchsd</sublink>
	</link>
	<thumbnail>https://image.tmdb.org/t/p/w1280/30lM3Uvzs6HOG5l4hzhwxYTWgd3.jpg</thumbnail>
	<fanart>https://image.tmdb.org/t/p/w1280/wZsX7160l5feO646shRx3liMutx.jpg</fanart>
</item>
<item>
	<title>3 Days to Kill (2014)</title>
	<meta>
		<content>movie</content>
		<imdb>tt2172934</imdb>
		<title>3 Days to Kill</title>
		<year>2014</year>
	</meta>
	<link>
		<sublink>searchhd</sublink>
		<sublink>searchsd</sublink>
	</link>
	<thumbnail>https://image.tmdb.org/t/p/w1280/x32ZavIG7P35e3yzmaqwg46SAjx.jpg</thumbnail>
	<fanart>https://image.tmdb.org/t/p/w1280/hMuPjDgT3MyZkGpST4vky8t0m6h.jpg</fanart>
</item>
<item>
	<title>300 (2006)</title>
	<meta>
		<content>movie</content>
		<imdb>tt0416449</imdb>
		<title>300</title>
		<year>2006</year>
	</meta>
	<link>
		<sublink>searchhd</sublink>
		<sublink>searchsd</sublink>
	</link>
	<thumbnail>https://image.tmdb.org/t/p/w1280/bYR8O1H1ZlME7Dm9ysfTYZnRDpw.jpg</thumbnail>
	<fanart>https://image.tmdb.org/t/p/w1280/oHOTQkTYgDuoCYMaBEzuB9DqguX.jpg</fanart>
</item>
<item>
	<title>300: Rise of an Empire (2014)</title>
	<meta>
		<content>movie</content>
		<imdb>tt1253863</imdb>
		<title>300: Rise of an Empire</title>
		<year>2014</year>
	</meta>
	<link>
		<sublink>searchhd</sublink>
		<sublink>searchsd</sublink>
	</link>
	<thumbnail>https://image.tmdb.org/t/p/w1280/gWQf5j3ZqEfOdW2rIZnkuOOva78.jpg</thumbnail>
	<fanart>https://image.tmdb.org/t/p/w1280/3C4o2ozlFAfCgx5T0mC1XKHoeUM.jpg</fanart>
</item>
<item>
	<title>A Few Good Men (1992)</title>
	<meta>
		<content>movie</content>
		<imdb>tt0104257</imdb>
		<title>A Few Good Men</title>
		<year>1992</year>
	</meta>
	<link>
		<sublink>searchhd</sublink>
		<sublink>searchsd</sublink>
	</link>
	<thumbnail>https://image.tmdb.org/t/p/w1280/WgWLwk55YaXFZdlMnPJTKlxGcz.jpg</thumbnail>
	<fanart>https://image.tmdb.org/t/p/w1280/ynNzKnXWQ2Gs1okPNAsBTUn1eLZ.jpg</fanart>
</item>
<item>
	<title>A Good Day to Die Hard (2013)</title>
	<meta>
		<content>movie</content>
		<imdb>tt1606378</imdb>
		<title>A Good Day to Die Hard</title>
		<year>2013</year>
	</meta>
	<link>
		<sublink>searchhd</sublink>
		<sublink>searchsd</sublink>
	</link>
	<thumbnail>https://image.tmdb.org/t/p/w1280/c2SQMd00CCGTiDxGXVqA2J9lmzF.jpg</thumbnail>
	<fanart>https://image.tmdb.org/t/p/w1280/17zArExB7ztm6fjUXZwQWgGMC9f.jpg</fanart>
</item>
<item>
	<title>A History of Violence (2005)</title>
	<meta>
		<content>movie</content>
		<imdb>tt0399146</imdb>
		<title>A History of Violence</title>
		<year>2005</year>
	</meta>
	<link>
		<sublink>searchhd</sublink>
		<sublink>searchsd</sublink>
	</link>
	<thumbnail>https://image.tmdb.org/t/p/w1280/mz1qCHXxTUJm2AqOdW3IIpwYdo3.jpg</thumbnail>
	<fanart>https://image.tmdb.org/t/p/w1280/8rbvmhGmUqEjLmo2mDycTazEaAc.jpg</fanart>
</item>
<item>
	<title>A Time to Kill (1996)</title>
	<meta>
		<content>movie</content>
		<imdb>tt0117913</imdb>
		<title>A Time to Kill</title>
		<year>1996</year>
	</meta>
	<link>
		<sublink>searchhd</sublink>
		<sublink>searchsd</sublink>
	</link>
	<thumbnail>https://image.tmdb.org/t/p/w1280/1q2kU8NMGO446b0QAvVdY2v778x.jpg</thumbnail>
	<fanart>https://image.tmdb.org/t/p/w1280/eTRN3FFppNiXJo0GucyHMSryFjB.jpg</fanart>
</item>
<item>
	<title>After Earth (2013)</title>
	<meta>
		<content>movie</content>
		<imdb>tt1815862</imdb>
		<title>After Earth</title>
		<year>2013</year>
	</meta>
	<link>
		<sublink>searchhd</sublink>
		<sublink>searchsd</sublink>
	</link>
	<thumbnail>https://image.tmdb.org/t/p/w1280/d0vReo0jcMhBjCLYZAFqWHcb7Lj.jpg</thumbnail>
	<fanart>https://image.tmdb.org/t/p/w1280/79sgOV7YZk846qwy7g5sarYN08O.jpg</fanart>
</item>
<item>
	<title>Aloha (2015)</title>
	<meta>
		<content>movie</content>
		<imdb>tt1243974</imdb>
		<title>Aloha</title>
		<year>I 2015</year>
	</meta>
	<link>
		<sublink>searchhd</sublink>
		<sublink>searchsd</sublink>
	</link>
	<thumbnail>https://image.tmdb.org/t/p/w1280/4Q0rnkCsQ9GhdnR66Bqjvav2Q1x.jpg</thumbnail>
	<fanart>https://image.tmdb.org/t/p/w1280/o8KUFmZlAmi4dgbNxyVf5PH0GL3.jpg</fanart>
</item>
<item>
	<title>American Gangster (2007)</title>
	<meta>
		<content>movie</content>
		<imdb>tt0765429</imdb>
		<title>American Gangster</title>
		<year>2007</year>
	</meta>
	<link>
		<sublink>searchhd</sublink>
		<sublink>searchsd</sublink>
	</link>
	<thumbnail>https://image.tmdb.org/t/p/w1280/uDSP5H5akJ85xMGSHRtaqHGBRLD.jpg</thumbnail>
	<fanart>https://image.tmdb.org/t/p/w1280/uSWzHRan14Kxe7AgbA43CSN1fXw.jpg</fanart>
</item>
<item>
	<title>Angel-A (2005)</title>
	<meta>
		<content>movie</content>
		<imdb>tt0473753</imdb>
		<title>Angel-A</title>
		<year>2005</year>
	</meta>
	<link>
		<sublink>searchhd</sublink>
		<sublink>searchsd</sublink>
	</link>
	<thumbnail>https://image.tmdb.org/t/p/w1280/ojUGHGfroGRwW7jO0727txepQbC.jpg</thumbnail>
	<fanart>https://image.tmdb.org/t/p/w1280/d5K3tXg22EONfYq4NodtjpOB8cO.jpg</fanart>
</item>
<item>
	<title>Any Given Sunday (1999)</title>
	<meta>
		<content>movie</content>
		<imdb>tt0146838</imdb>
		<title>Any Given Sunday</title>
		<year>1999</year>
	</meta>
	<link>
		<sublink>searchhd</sublink>
		<sublink>searchsd</sublink>
	</link>
	<thumbnail>https://image.tmdb.org/t/p/w1280/ofxxBtOoNRQD9yuiVIEo8sbsqkK.jpg</thumbnail>
	<fanart>https://image.tmdb.org/t/p/w1280/2xQVXJrANGTaaoOn9g2IDQmBhJB.jpg</fanart>
</item>
<item>
	<title>Armageddon (1998)</title>
	<meta>
		<content>movie</content>
		<imdb>tt0120591</imdb>
		<title>Armageddon</title>
		<year>1998</year>
	</meta>
	<link>
		<sublink>searchhd</sublink>
		<sublink>searchsd</sublink>
	</link>
	<thumbnail>https://image.tmdb.org/t/p/w1280/coINnuCzcw5FMHBty8hcudMOBnO.jpg</thumbnail>
	<fanart>https://image.tmdb.org/t/p/w1280/lI3qV4kiSg0BvE6gelzV0tPAoFK.jpg</fanart>
</item>
<item>
	<title>Assassin's Creed (2016)</title>
	<meta>
		<content>movie</content>
		<imdb>tt2094766</imdb>
		<title>Assassin's Creed</title>
		<year>2016</year>
	</meta>
	<link>
		<sublink>searchhd</sublink>
		<sublink>searchsd</sublink>
	</link>
	<thumbnail>https://image.tmdb.org/t/p/w1280/tIKFBxBZhSXpIITiiB5Ws8VGXjt.jpg</thumbnail>
	<fanart>https://image.tmdb.org/t/p/w1280/r8aRipzR4wlDx0m7Bpi43Q84imc.jpg</fanart>
</item>
<item>
	<title>Assassins (1995)</title>
	<meta>
		<content>movie</content>
		<imdb>tt0112401</imdb>
		<title>Assassins</title>
		<year>1995</year>
	</meta>
	<link>
		<sublink>searchhd</sublink>
		<sublink>searchsd</sublink>
	</link>
	<thumbnail>https://image.tmdb.org/t/p/w1280/xAx5MP7Dg4y85pyS7atX6eWk4Qd.jpg</thumbnail>
	<fanart>https://image.tmdb.org/t/p/w1280/5OGlGPKphapyntNprVaoxF04Ccm.jpg</fanart>
</item>
<item>
	<title>Avengers: Age of Ultron (2015)</title>
	<meta>
		<content>movie</content>
		<imdb>tt2395427</imdb>
		<title>Avengers: Age of Ultron</title>
		<year>2015</year>
	</meta>
	<link>
		<sublink>searchhd</sublink>
		<sublink>searchsd</sublink>
	</link>
	<thumbnail>https://image.tmdb.org/t/p/w1280/t90Y3G8UGQp0f0DrP60wRu9gfrH.jpg</thumbnail>
	<fanart>https://image.tmdb.org/t/p/w1280/rFtsE7Lhlc2jRWF7SRAU0fvrveQ.jpg</fanart>
</item>
<item>
	<title>Bad Boys (1995)</title>
	<meta>
		<content>movie</content>
		<imdb>tt0112442</imdb>
		<title>Bad Boys</title>
		<year>1995</year>
	</meta>
	<link>
		<sublink>searchhd</sublink>
		<sublink>searchsd</sublink>
	</link>
	<thumbnail>https://image.tmdb.org/t/p/w1280/x1ygBecKHfXX4M2kRhmFKWfWbJc.jpg</thumbnail>
	<fanart>https://image.tmdb.org/t/p/w1280/2jNSXfITbGYxxWLJOLTh9eAx3y8.jpg</fanart>
</item>
<item>
	<title>Bad Boys II (2003)</title>
	<meta>
		<content>movie</content>
		<imdb>tt0172156</imdb>
		<title>Bad Boys II</title>
		<year>2003</year>
	</meta>
	<link>
		<sublink>searchhd</sublink>
		<sublink>searchsd</sublink>
	</link>
	<thumbnail>https://image.tmdb.org/t/p/w1280/680X9apSqmAcebLg8evnnUeQNeI.jpg</thumbnail>
	<fanart>https://image.tmdb.org/t/p/w1280/5xQVApmdUbBlCi1QzS8NwbCF0Ne.jpg</fanart>
</item>
<item>
	<title>Bandidas (2006)</title>
	<meta>
		<content>movie</content>
		<imdb>tt0416496</imdb>
		<title>Bandidas</title>
		<year>2006</year>
	</meta>
	<link>
		<sublink>searchhd</sublink>
		<sublink>searchsd</sublink>
	</link>
	<thumbnail>https://image.tmdb.org/t/p/w1280/6WnSdouYhXDowg9NrKY2fSV5o1W.jpg</thumbnail>
	<fanart>https://image.tmdb.org/t/p/w1280/q0eS323TqNtxPqYpgtRa2X9G9xx.jpg</fanart>
</item>
<item>
	<title>Batman v Superman: Dawn of Justice (2016)</title>
	<meta>
		<content>movie</content>
		<imdb>tt2975590</imdb>
		<title>Batman v Superman: Dawn of Justice</title>
		<year>2016</year>
	</meta>
	<link>
		<sublink>searchhd</sublink>
		<sublink>searchsd</sublink>
	</link>
	<thumbnail>https://image.tmdb.org/t/p/w1280/cGOPbv9wA5gEejkUN892JrveARt.jpg</thumbnail>
	<fanart>https://image.tmdb.org/t/p/w1280/vsjBeMPZtyB7yNsYY56XYxifaQZ.jpg</fanart>
</item>
<item>
	<title>Beat the Devil (2002)</title>
	<meta>
		<content>movie</content>
		<imdb>tt0338768</imdb>
		<title>Beat the Devil</title>
		<year>2002</year>
	</meta>
	<link>
		<sublink>searchhd</sublink>
		<sublink>searchsd</sublink>
	</link>
	<thumbnail>https://image.tmdb.org/t/p/w1280/f21Cf12xkwVaA89IUjfD1k8RxeD.jpg</thumbnail>
	<fanart>https://image.tmdb.org/t/p/w1280none</fanart>
</item>
<item>
	<title>Beauty and the Beast (2017)</title>
	<meta>
		<content>movie</content>
		<imdb>tt2771200</imdb>
		<title>Beauty and the Beast</title>
		<year>2017</year>
	</meta>
	<link>
		<sublink>searchhd</sublink>
		<sublink>searchsd</sublink>
	</link>
	<thumbnail>https://image.tmdb.org/t/p/w1280/tWqifoYuwLETmmasnGHO7xBjEtt.jpg</thumbnail>
	<fanart>https://image.tmdb.org/t/p/w1280/6aUWe0GSl69wMTSWWexsorMIvwU.jpg</fanart>
</item>
<item>
	<title>Before Midnight (2013)</title>
	<meta>
		<content>movie</content>
		<imdb>tt2209418</imdb>
		<title>Before Midnight</title>
		<year>2013</year>
	</meta>
	<link>
		<sublink>searchhd</sublink>
		<sublink>searchsd</sublink>
	</link>
	<thumbnail>https://image.tmdb.org/t/p/w1280/uDdobcCBfPObD2pqDSTjXxELt3c.jpg</thumbnail>
	<fanart>https://image.tmdb.org/t/p/w1280/gXJXJiQtvm0JsSMybsaEQaiQKlq.jpg</fanart>
</item>
<item>
	<title>Ben-Hur (2016)</title>
	<meta>
		<content>movie</content>
		<imdb>tt2638144</imdb>
		<title>Ben-Hur</title>
		<year>2016</year>
	</meta>
	<link>
		<sublink>searchhd</sublink>
		<sublink>searchsd</sublink>
	</link>
	<thumbnail>https://image.tmdb.org/t/p/w1280/gq6wTEw3ViZr4n4vL1dBlRBVjBc.jpg</thumbnail>
	<fanart>https://image.tmdb.org/t/p/w1280/ceJWH2bq7voYYWNNDtkBQ4oGXFQ.jpg</fanart>
</item>
<item>
	<title>Beverly Hills Cop II (1987)</title>
	<meta>
		<content>movie</content>
		<imdb>tt0092644</imdb>
		<title>Beverly Hills Cop II</title>
		<year>1987</year>
	</meta>
	<link>
		<sublink>searchhd</sublink>
		<sublink>searchsd</sublink>
	</link>
	<thumbnail>https://image.tmdb.org/t/p/w1280/2y1z1baxKT0coTTRlnkI6McnR9f.jpg</thumbnail>
	<fanart>https://image.tmdb.org/t/p/w1280/mXenFohxCO4jQ0e1bJf4e9gebxL.jpg</fanart>
</item>
<item>
	<title>Black Hawk Down (2001)</title>
	<meta>
		<content>movie</content>
		<imdb>tt0265086</imdb>
		<title>Black Hawk Down</title>
		<year>2001</year>
	</meta>
	<link>
		<sublink>searchhd</sublink>
		<sublink>searchsd</sublink>
	</link>
	<thumbnail>https://image.tmdb.org/t/p/w1280/yUzQ4r3q1Dy0bUAkMvUIwf0rPpR.jpg</thumbnail>
	<fanart>https://image.tmdb.org/t/p/w1280/7u2p0VxnhVMHzfSnxiwz5iD3EP7.jpg</fanart>
</item>
<item>
	<title>Black Mass (2015)</title>
	<meta>
		<content>movie</content>
		<imdb>tt1355683</imdb>
		<title>Black Mass</title>
		<year>2015</year>
	</meta>
	<link>
		<sublink>searchhd</sublink>
		<sublink>searchsd</sublink>
	</link>
	<thumbnail>https://image.tmdb.org/t/p/w1280/yIVnNriiyl522hk3LFLJrrMovhP.jpg</thumbnail>
	<fanart>https://image.tmdb.org/t/p/w1280/fop31RWFi9sVL0xK5hAJGh7Fwkz.jpg</fanart>
</item>
<item>
	<title>Black Rain (1989)</title>
	<meta>
		<content>movie</content>
		<imdb>tt0096933</imdb>
		<title>Black Rain</title>
		<year>1989</year>
	</meta>
	<link>
		<sublink>searchhd</sublink>
		<sublink>searchsd</sublink>
	</link>
	<thumbnail>https://image.tmdb.org/t/p/w1280/dmMIMuByEbzE0x73gjc9YcDjjlx.jpg</thumbnail>
	<fanart>https://image.tmdb.org/t/p/w1280/558Cx8MdKgU4iDnLETYs6qkTGBt.jpg</fanart>
</item>
<item>
	<title>Blackhat (2015)</title>
	<meta>
		<content>movie</content>
		<imdb>tt2717822</imdb>
		<title>Blackhat</title>
		<year>2015</year>
	</meta>
	<link>
		<sublink>searchhd</sublink>
		<sublink>searchsd</sublink>
	</link>
	<thumbnail>https://image.tmdb.org/t/p/w1280/sW3VEsulmxMlOmQwm0h7H7lZROi.jpg</thumbnail>
	<fanart>https://image.tmdb.org/t/p/w1280/biw5Nn85iBZZd8GWYO9XXH56VK2.jpg</fanart>
</item>
<item>
	<title>Blackjack (1998 TV Movie)</title>
	<meta>
		<content>movie</content>
		<imdb>tt0126816</imdb>
		<title>Blackjack</title>
		<year>1998 TV Movie</year>
	</meta>
	<link>
		<sublink>searchhd</sublink>
		<sublink>searchsd</sublink>
	</link>
	<thumbnail>https://image.tmdb.org/t/p/w1280/2xctWgwfmg9kgiki1F8rLUSdQ5d.jpg</thumbnail>
	<fanart>https://image.tmdb.org/t/p/w1280/hDAQqoEnetpEZq24GI3XRr67Vi2.jpg</fanart>
</item>
<item>
	<title>Blade II (2002)</title>
	<meta>
		<content>movie</content>
		<imdb>tt0187738</imdb>
		<title>Blade II</title>
		<year>2002</year>
	</meta>
	<link>
		<sublink>searchhd</sublink>
		<sublink>searchsd</sublink>
	</link>
	<thumbnail>https://image.tmdb.org/t/p/w1280/jlURNpXCMK830CsGRd939PJLh8c.jpg</thumbnail>
	<fanart>https://image.tmdb.org/t/p/w1280/2n0kjNEI3uF0ju9H5jiE3rBk5C0.jpg</fanart>
</item>
<item>
	<title>Blade Runner (1982)</title>
	<meta>
		<content>movie</content>
		<imdb>tt0083658</imdb>
		<title>Blade Runner</title>
		<year>1982</year>
	</meta>
	<link>
		<sublink>searchhd</sublink>
		<sublink>searchsd</sublink>
	</link>
	<thumbnail>https://image.tmdb.org/t/p/w1280/5ig0kdWz5kxR4PHjyCgyI5khCzd.jpg</thumbnail>
	<fanart>https://image.tmdb.org/t/p/w1280/5hJ0XDCxE3qGfp1H3h7HQP9rLfU.jpg</fanart>
</item>
<item>
	<title>Blade Runner 2049 (2017)</title>
	<meta>
		<content>movie</content>
		<imdb>tt1856101</imdb>
		<title>Blade Runner 2049</title>
		<year>2017</year>
	</meta>
	<link>
		<sublink>searchhd</sublink>
		<sublink>searchsd</sublink>
	</link>
	<thumbnail>https://image.tmdb.org/t/p/w1280/gajva2L0rPYkEWjzgFlBXCAVBE5.jpg</thumbnail>
	<fanart>https://image.tmdb.org/t/p/w1280/mVr0UiqyltcfqxbAUcLl9zWL8ah.jpg</fanart>
</item>
<item>
	<title>Bloodsport (1988)</title>
	<meta>
		<content>movie</content>
		<imdb>tt0092675</imdb>
		<title>Bloodsport</title>
		<year>1988</year>
	</meta>
	<link>
		<sublink>searchhd</sublink>
		<sublink>searchsd</sublink>
	</link>
	<thumbnail>https://image.tmdb.org/t/p/w1280/E4d48dFICxN1tcGywt1p5zBHYJ.jpg</thumbnail>
	<fanart>https://image.tmdb.org/t/p/w1280/5xrZTFHhAdlg0WtjkkGDqf4Knck.jpg</fanart>
</item>
<item>
	<title>Body of Lies (2008)</title>
	<meta>
		<content>movie</content>
		<imdb>tt0758774</imdb>
		<title>Body of Lies</title>
		<year>2008</year>
	</meta>
	<link>
		<sublink>searchhd</sublink>
		<sublink>searchsd</sublink>
	</link>
	<thumbnail>https://image.tmdb.org/t/p/w1280/ngQAEKZVpT0SD9i98ApEgsQKC52.jpg</thumbnail>
	<fanart>https://image.tmdb.org/t/p/w1280/8NKlqvUJ5IHk58KhM3Vwqp588jU.jpg</fanart>
</item>
<item>
	<title>Dracula (1992)</title>
	<meta>
		<content>movie</content>
		<imdb>tt0103874</imdb>
		<title>Dracula</title>
		<year>1992</year>
	</meta>
	<link>
		<sublink>searchhd</sublink>
		<sublink>searchsd</sublink>
	</link>
	<thumbnail>https://image.tmdb.org/t/p/w1280/ioHxm3D3JdSXR61LRhcVb8KdZOz.jpg</thumbnail>
	<fanart>https://image.tmdb.org/t/p/w1280/x4RwLFKvVm5X6zkrKRLBUkDIwuq.jpg</fanart>
</item>
<item>
	<title>Braveheart (1995)</title>
	<meta>
		<content>movie</content>
		<imdb>tt0112573</imdb>
		<title>Braveheart</title>
		<year>1995</year>
	</meta>
	<link>
		<sublink>searchhd</sublink>
		<sublink>searchsd</sublink>
	</link>
	<thumbnail>https://image.tmdb.org/t/p/w1280/2qAgGeYdLjelOEqjW9FYvPHpplC.jpg</thumbnail>
	<fanart>https://image.tmdb.org/t/p/w1280/7A3uAcB6KAScHcFw0giptE1mhAZ.jpg</fanart>
</item>
<item>
	<title>Brick Mansions (2014)</title>
	<meta>
		<content>movie</content>
		<imdb>tt1430612</imdb>
		<title>Brick Mansions</title>
		<year>2014</year>
	</meta>
	<link>
		<sublink>searchhd</sublink>
		<sublink>searchsd</sublink>
	</link>
	<thumbnail>https://image.tmdb.org/t/p/w1280/v6M79FGu0G9KSR7bvXL76NbwyqC.jpg</thumbnail>
	<fanart>https://image.tmdb.org/t/p/w1280/cmVWRQn2zKPL7NEViKkWOepLM6s.jpg</fanart>
</item>
<item>
	<title>Broken Arrow (1996)</title>
	<meta>
		<content>movie</content>
		<imdb>tt0115759</imdb>
		<title>Broken Arrow</title>
		<year>1996</year>
	</meta>
	<link>
		<sublink>searchhd</sublink>
		<sublink>searchsd</sublink>
	</link>
	<thumbnail>https://image.tmdb.org/t/p/w1280/avqUG5RYB93rwSUNL5r16Vtbc9g.jpg</thumbnail>
	<fanart>https://image.tmdb.org/t/p/w1280/pi0Z4gmbvwl6j7tKbwMj8elSzzT.jpg</fanart>
</item>
<item>
	<title>Die xue jie tou (1990)</title>
	<meta>
		<content>movie</content>
		<imdb>tt0099426</imdb>
		<title>Die xue jie tou</title>
		<year>1990</year>
	</meta>
	<link>
		<sublink>searchhd</sublink>
		<sublink>searchsd</sublink>
	</link>
	<thumbnail>https://image.tmdb.org/t/p/w1280/pF6oXdCpxZg6re2K8IjHfH9icuu.jpg</thumbnail>
	<fanart>https://image.tmdb.org/t/p/w1280/fliXFLQ6R8la5bHlHDkNFMBKRDn.jpg</fanart>
</item>
<item>
	<title>Bullet to the Head (2012)</title>
	<meta>
		<content>movie</content>
		<imdb>tt1308729</imdb>
		<title>Bullet to the Head</title>
		<year>2012</year>
	</meta>
	<link>
		<sublink>searchhd</sublink>
		<sublink>searchsd</sublink>
	</link>
	<thumbnail>https://image.tmdb.org/t/p/w1280/in6KZhkj6UCpXhjVm00VzdisHyf.jpg</thumbnail>
	<fanart>https://image.tmdb.org/t/p/w1280/9viReI7LM6RV9UxsgLsO5XO0hFi.jpg</fanart>
</item>
<item>
	<title>Butch Cassidy and the Sundance Kid (1969)</title>
	<meta>
		<content>movie</content>
		<imdb>tt0064115</imdb>
		<title>Butch Cassidy and the Sundance Kid</title>
		<year>1969</year>
	</meta>
	<link>
		<sublink>searchhd</sublink>
		<sublink>searchsd</sublink>
	</link>
	<thumbnail>https://image.tmdb.org/t/p/w1280/khLTBO6uAaJJGh1LDqmHZlnKwsP.jpg</thumbnail>
	<fanart>https://image.tmdb.org/t/p/w1280/9l71hJurR6cGqyCnleKod5Dlg5L.jpg</fanart>
</item>
<item>
	<title>Captain America: The Winter Soldier (2014)</title>
	<meta>
		<content>movie</content>
		<imdb>tt1843866</imdb>
		<title>Captain America: The Winter Soldier</title>
		<year>2014</year>
	</meta>
	<link>
		<sublink>searchhd</sublink>
		<sublink>searchsd</sublink>
	</link>
	<thumbnail>https://image.tmdb.org/t/p/w1280/5TQ6YDmymBpnF005OyoB7ohZps9.jpg</thumbnail>
	<fanart>https://image.tmdb.org/t/p/w1280/4qfXT9BtxeFuamR4F49m2mpKQI1.jpg</fanart>
</item>
<item>
	<title>Carol (2015)</title>
	<meta>
		<content>movie</content>
		<imdb>tt2402927</imdb>
		<title>Carol</title>
		<year>2015</year>
	</meta>
	<link>
		<sublink>searchhd</sublink>
		<sublink>searchsd</sublink>
	</link>
	<thumbnail>https://image.tmdb.org/t/p/w1280/2vLRjvAjXDaqU8niiZxP7IilHiD.jpg</thumbnail>
	<fanart>https://image.tmdb.org/t/p/w1280/knczzNAjBXzSYkeWxoT1u9VNmjR.jpg</fanart>
</item>
<item>
	<title>Casino Royale (2006)</title>
	<meta>
		<content>movie</content>
		<imdb>tt0381061</imdb>
		<title>Casino Royale</title>
		<year>2006</year>
	</meta>
	<link>
		<sublink>searchhd</sublink>
		<sublink>searchsd</sublink>
	</link>
	<thumbnail>https://image.tmdb.org/t/p/w1280/zlWBxz2pTA9p45kUTrI8AQiKrHm.jpg</thumbnail>
	<fanart>https://image.tmdb.org/t/p/w1280/xq6hXdBpDPIXWjtmvbFmtLvBFJt.jpg</fanart>
</item>
<item>
	<title>Centurion (2010)</title>
	<meta>
		<content>movie</content>
		<imdb>tt1020558</imdb>
		<title>Centurion</title>
		<year>2010</year>
	</meta>
	<link>
		<sublink>searchhd</sublink>
		<sublink>searchsd</sublink>
	</link>
	<thumbnail>https://image.tmdb.org/t/p/w1280/lwQs5DNvy9RHTB0RWEScgZqPPiS.jpg</thumbnail>
	<fanart>https://image.tmdb.org/t/p/w1280/izb3iimHxLAbs439DnLHNpJsyps.jpg</fanart>
</item>
<item>
	<title>Certain Women (2016)</title>
	<meta>
		<content>movie</content>
		<imdb>tt4468634</imdb>
		<title>Certain Women</title>
		<year>2016</year>
	</meta>
	<link>
		<sublink>searchhd</sublink>
		<sublink>searchsd</sublink>
	</link>
	<thumbnail>https://image.tmdb.org/t/p/w1280/mjtDQ9yx0Atb8QxBGcfXNBu0EmX.jpg</thumbnail>
	<fanart>https://image.tmdb.org/t/p/w1280/RHHlHJgxkij3KihdvDiJ9sSiWW.jpg</fanart>
</item>
<item>
	<title>Cinderella (I) (2015)</title>
	<meta>
		<content>movie</content>
		<imdb>tt1661199</imdb>
		<title>Cinderella</title>
		<year>I 2015</year>
	</meta>
	<link>
		<sublink>searchhd</sublink>
		<sublink>searchsd</sublink>
	</link>
	<thumbnail>https://image.tmdb.org/t/p/w1280/2i0JH5WqYFqki7WDhUW56Sg0obh.jpg</thumbnail>
	<fanart>https://image.tmdb.org/t/p/w1280/gkuyOdCeuKLdOlwQIUF44SHsYCq.jpg</fanart>
</item>
<item>
	<title>Cinderella Man (2005)</title>
	<meta>
		<content>movie</content>
		<imdb>tt0352248</imdb>
		<title>Cinderella Man</title>
		<year>2005</year>
	</meta>
	<link>
		<sublink>searchhd</sublink>
		<sublink>searchsd</sublink>
	</link>
	<thumbnail>https://image.tmdb.org/t/p/w1280/xZhumK43Z6jmwCWglh7uHcpkqdb.jpg</thumbnail>
	<fanart>https://image.tmdb.org/t/p/w1280/ozvvHdadtBYpExCwAjsNPSjV6hT.jpg</fanart>
</item>
<item>
	<title>Cliffhanger (1993)</title>
	<meta>
		<content>movie</content>
		<imdb>tt0106582</imdb>
		<title>Cliffhanger</title>
		<year>1993</year>
	</meta>
	<link>
		<sublink>searchhd</sublink>
		<sublink>searchsd</sublink>
	</link>
	<thumbnail>https://image.tmdb.org/t/p/w1280/8XefYka77ypAnPJvaVlfUGBBs4a.jpg</thumbnail>
	<fanart>https://image.tmdb.org/t/p/w1280/d27LVnipDWhfj5HqAOrBB2wQDUn.jpg</fanart>
</item>
<item>
	<title>Collateral (2004)</title>
	<meta>
		<content>movie</content>
		<imdb>tt0369339</imdb>
		<title>Collateral</title>
		<year>2004</year>
	</meta>
	<link>
		<sublink>searchhd</sublink>
		<sublink>searchsd</sublink>
	</link>
	<thumbnail>https://image.tmdb.org/t/p/w1280/fmkv2eRuYCTq7A5jzMBNgoNe1vA.jpg</thumbnail>
	<fanart>https://image.tmdb.org/t/p/w1280/whhU7492W0fcZE73r1HNhfyc5uV.jpg</fanart>
</item>
<item>
	<title>Collide (I) (2016)</title>
	<meta>
		<content>movie</content>
		<imdb>tt2126235</imdb>
		<title>Collide</title>
		<year>I 2016</year>
	</meta>
	<link>
		<sublink>searchhd</sublink>
		<sublink>searchsd</sublink>
	</link>
	<thumbnail>https://image.tmdb.org/t/p/w1280/7WqR10HKafhzE9LXEYg0AtM4J6O.jpg</thumbnail>
	<fanart>https://image.tmdb.org/t/p/w1280/eVct9lH9AkLZ8x72Ld0xxfnwZn9.jpg</fanart>
</item>
<item>
	<title>Colombiana (2011)</title>
	<meta>
		<content>movie</content>
		<imdb>tt1657507</imdb>
		<title>Colombiana</title>
		<year>2011</year>
	</meta>
	<link>
		<sublink>searchhd</sublink>
		<sublink>searchsd</sublink>
	</link>
	<thumbnail>https://image.tmdb.org/t/p/w1280/tJIWuZC4ZVUJdVHXJfefUDzS2BX.jpg</thumbnail>
	<fanart>https://image.tmdb.org/t/p/w1280/uo5krr5i4q33TlHhTHI3PmpVjJu.jpg</fanart>
</item>
<item>
	<title>Colonia (2015)</title>
	<meta>
		<content>movie</content>
		<imdb>tt4005402</imdb>
		<title>Colonia</title>
		<year>2015</year>
	</meta>
	<link>
		<sublink>searchhd</sublink>
		<sublink>searchsd</sublink>
	</link>
	<thumbnail>https://image.tmdb.org/t/p/w1280/buEhROtfCEFNhjPWdJVgeVnrThj.jpg</thumbnail>
	<fanart>https://image.tmdb.org/t/p/w1280/3Sfjr8UCYrbtDubyDA0MCFjDccI.jpg</fanart>
</item>
<item>
	<title>Conan the Barbarian (1982)</title>
	<meta>
		<content>movie</content>
		<imdb>tt0082198</imdb>
		<title>Conan the Barbarian</title>
		<year>1982</year>
	</meta>
	<link>
		<sublink>searchhd</sublink>
		<sublink>searchsd</sublink>
	</link>
	<thumbnail>https://image.tmdb.org/t/p/w1280/9siMCK6u0TtgDVtCJQGKRQAnAqA.jpg</thumbnail>
	<fanart>https://image.tmdb.org/t/p/w1280/nvMjK1uiIN5PDHwA6BF7ij8SUFB.jpg</fanart>
</item>
<item>
	<title>Concussion (2015)</title>
	<meta>
		<content>movie</content>
		<imdb>tt3322364</imdb>
		<title>Concussion</title>
		<year>2015</year>
	</meta>
	<link>
		<sublink>searchhd</sublink>
		<sublink>searchsd</sublink>
	</link>
	<thumbnail>https://image.tmdb.org/t/p/w1280/vdK1f9kpY5QEwrAiXs9R7PlerNC.jpg</thumbnail>
	<fanart>https://image.tmdb.org/t/p/w1280/vu82PVUjEaAmrxBdeH8hbx2ZBxy.jpg</fanart>
</item>
<item>
	<title>Constantine (2005)</title>
	<meta>
		<content>movie</content>
		<imdb>tt0360486</imdb>
		<title>Constantine</title>
		<year>2005</year>
	</meta>
	<link>
		<sublink>searchhd</sublink>
		<sublink>searchsd</sublink>
	</link>
	<thumbnail>https://image.tmdb.org/t/p/w1280/9Q6bzCQ19sJkQ9IIfT3ybf24aFL.jpg</thumbnail>
	<fanart>https://image.tmdb.org/t/p/w1280/y6UDPkSAcO08O9dmijgZ7tYw4HK.jpg</fanart>
</item>
<item>
	<title>Cop Land (1997)</title>
	<meta>
		<content>movie</content>
		<imdb>tt0118887</imdb>
		<title>Cop Land</title>
		<year>1997</year>
	</meta>
	<link>
		<sublink>searchhd</sublink>
		<sublink>searchsd</sublink>
	</link>
	<thumbnail>https://image.tmdb.org/t/p/w1280/th2UDVewgUAfIXFUaWGWWBxCM91.jpg</thumbnail>
	<fanart>https://image.tmdb.org/t/p/w1280/ltq1i8ienPm7OSdOXl3o8ROgmKc.jpg</fanart>
</item>
<item>
	<title>Crash (I) (2004)</title>
	<meta>
		<content>movie</content>
		<imdb>tt0375679</imdb>
		<title>Crash</title>
		<year>I 2004</year>
	</meta>
	<link>
		<sublink>searchhd</sublink>
		<sublink>searchsd</sublink>
	</link>
	<thumbnail>https://image.tmdb.org/t/p/w1280/pG8LL4LYMCr5uikhx9rewrW8352.jpg</thumbnail>
	<fanart>https://image.tmdb.org/t/p/w1280/36fUo8iuN0pb4oEYrPuvsGp4W4P.jpg</fanart>
</item>
<item>
	<title>Crazy, Stupid, Love. (2011)</title>
	<meta>
		<content>movie</content>
		<imdb>tt1570728</imdb>
		<title>Crazy, Stupid, Love.</title>
		<year>2011</year>
	</meta>
	<link>
		<sublink>searchhd</sublink>
		<sublink>searchsd</sublink>
	</link>
	<thumbnail>https://image.tmdb.org/t/p/w1280/cPVdrpMuFffG44WclMDEGmIp37h.jpg</thumbnail>
	<fanart>https://image.tmdb.org/t/p/w1280/6ECnUXleS9G2O02f1b5tvZiVn3D.jpg</fanart>
</item>
<item>
	<title>Creed (2015)</title>
	<meta>
		<content>movie</content>
		<imdb>tt3076658</imdb>
		<title>Creed</title>
		<year>2015</year>
	</meta>
	<link>
		<sublink>searchhd</sublink>
		<sublink>searchsd</sublink>
	</link>
	<thumbnail>https://image.tmdb.org/t/p/w1280/hKzhV274pkZBSpXfCjUyzbyYKLl.jpg</thumbnail>
	<fanart>https://image.tmdb.org/t/p/w1280/fs2yhdSCzMVlNECrN84WuCkgXov.jpg</fanart>
</item>
<item>
	<title>Crimson Peak (2015)</title>
	<meta>
		<content>movie</content>
		<imdb>tt2554274</imdb>
		<title>Crimson Peak</title>
		<year>2015</year>
	</meta>
	<link>
		<sublink>searchhd</sublink>
		<sublink>searchsd</sublink>
	</link>
	<thumbnail>https://image.tmdb.org/t/p/w1280/pCj8zem1NDAODdtvha9WFEB6iWR.jpg</thumbnail>
	<fanart>https://image.tmdb.org/t/p/w1280/t8wLhfVbfCHbirEgDPQhiuLcFGp.jpg</fanart>
</item>
<item>
	<title>Crimson Tide (1995)</title>
	<meta>
		<content>movie</content>
		<imdb>tt0112740</imdb>
		<title>Crimson Tide</title>
		<year>1995</year>
	</meta>
	<link>
		<sublink>searchhd</sublink>
		<sublink>searchsd</sublink>
	</link>
	<thumbnail>https://image.tmdb.org/t/p/w1280/oDJyDX11HW4j565vUjmFagKxDTQ.jpg</thumbnail>
	<fanart>https://image.tmdb.org/t/p/w1280/27RVxku4mEr4fHW5oUu5KtSLO9D.jpg</fanart>
</item>
<item>
	<title>DOA: Dead or Alive (2006)</title>
	<meta>
		<content>movie</content>
		<imdb>tt0398913</imdb>
		<title>DOA: Dead or Alive</title>
		<year>2006</year>
	</meta>
	<link>
		<sublink>searchhd</sublink>
		<sublink>searchsd</sublink>
	</link>
	<thumbnail>https://image.tmdb.org/t/p/w1280/w1DbRfGKWWS3JR74q4vawHVQy5B.jpg</thumbnail>
	<fanart>https://image.tmdb.org/t/p/w1280/tBWZkKMcrWdrpkOAA84FBlzE2XK.jpg</fanart>
</item>
<item>
	<title>Dallas Buyers Club (2013)</title>
	<meta>
		<content>movie</content>
		<imdb>tt0790636</imdb>
		<title>Dallas Buyers Club</title>
		<year>2013</year>
	</meta>
	<link>
		<sublink>searchhd</sublink>
		<sublink>searchsd</sublink>
	</link>
	<thumbnail>https://image.tmdb.org/t/p/w1280/nxJFUxDRP9qQCiyD5sH24N5SCSu.jpg</thumbnail>
	<fanart>https://image.tmdb.org/t/p/w1280/3hGRV0xR11aUxCGAJ52F8MTxrno.jpg</fanart>
</item>
<item>
	<title>Dangerous Liaisons (1988)</title>
	<meta>
		<content>movie</content>
		<imdb>tt0094947</imdb>
		<title>Dangerous Liaisons</title>
		<year>1988</year>
	</meta>
	<link>
		<sublink>searchhd</sublink>
		<sublink>searchsd</sublink>
	</link>
	<thumbnail>https://image.tmdb.org/t/p/w1280/2rXbkUzM5ySwh3FmsFWSZdkMiaP.jpg</thumbnail>
	<fanart>https://image.tmdb.org/t/p/w1280/9yo7eH7RNuUMwbvevxSqyKVtrhS.jpg</fanart>
</item>
<item>
	<title>Days of Thunder (1990)</title>
	<meta>
		<content>movie</content>
		<imdb>tt0099371</imdb>
		<title>Days of Thunder</title>
		<year>1990</year>
	</meta>
	<link>
		<sublink>searchhd</sublink>
		<sublink>searchsd</sublink>
	</link>
	<thumbnail>https://image.tmdb.org/t/p/w1280/uNM8X7hAYXcktqePg6rfeDo6q2R.jpg</thumbnail>
	<fanart>https://image.tmdb.org/t/p/w1280/bE2MZM5QAKbcwSzcmlxvRzHJ4tj.jpg</fanart>
</item>
<item>
	<title>Dead Man Down (2013)</title>
	<meta>
		<content>movie</content>
		<imdb>tt2101341</imdb>
		<title>Dead Man Down</title>
		<year>2013</year>
	</meta>
	<link>
		<sublink>searchhd</sublink>
		<sublink>searchsd</sublink>
	</link>
	<thumbnail>https://image.tmdb.org/t/p/w1280/4hcWLlWTu3Saq2j24dHTKSLQSGe.jpg</thumbnail>
	<fanart>https://image.tmdb.org/t/p/w1280/gGW17YWlU1XiFnfU18nmSJbdF81.jpg</fanart>
</item>
<item>
	<title>Death Race (2008)</title>
	<meta>
		<content>movie</content>
		<imdb>tt0452608</imdb>
		<title>Death Race</title>
		<year>2008</year>
	</meta>
	<link>
		<sublink>searchhd</sublink>
		<sublink>searchsd</sublink>
	</link>
	<thumbnail>https://image.tmdb.org/t/p/w1280/3dIZ049AxmvrvNiXKPc36YNum7g.jpg</thumbnail>
	<fanart>https://image.tmdb.org/t/p/w1280/m0JIsX9SLfHLxU1q6ud3ifJjXmC.jpg</fanart>
</item>
<item>
	<title>Death Wish (2018)</title>
	<meta>
		<content>movie</content>
		<imdb>tt1137450</imdb>
		<title>Death Wish</title>
		<year>2018</year>
	</meta>
	<link>
		<sublink>searchhd</sublink>
		<sublink>searchsd</sublink>
	</link>
	<thumbnail>https://image.tmdb.org/t/p/w1280/7FG13lLQcV9DC2Bhn0hjxc6AFXV.jpg</thumbnail>
	<fanart>https://image.tmdb.org/t/p/w1280/uQqQvmptJLPTcWDrZXn22p7j7s3.jpg</fanart>
</item>
<item>
	<title>Deja Vu (2006)</title>
	<meta>
		<content>movie</content>
		<imdb>tt0453467</imdb>
		<title>Deja Vu</title>
		<year>2006</year>
	</meta>
	<link>
		<sublink>searchhd</sublink>
		<sublink>searchsd</sublink>
	</link>
	<thumbnail>https://image.tmdb.org/t/p/w1280/abqvTL8xYQLgAtQGmyN7UxvCRGN.jpg</thumbnail>
	<fanart>https://image.tmdb.org/t/p/w1280/94Mb6dnCtmkqPmjFGucghp7UXda.jpg</fanart>
</item>
<item>
	<title>Demolition Man (1993)</title>
	<meta>
		<content>movie</content>
		<imdb>tt0106697</imdb>
		<title>Demolition Man</title>
		<year>1993</year>
	</meta>
	<link>
		<sublink>searchhd</sublink>
		<sublink>searchsd</sublink>
	</link>
	<thumbnail>https://image.tmdb.org/t/p/w1280/k0PN3Ho12cGGIVJW7SCS7apLYaP.jpg</thumbnail>
	<fanart>https://image.tmdb.org/t/p/w1280/fj6nbVd7FVENNLtusyd1U8bcUFu.jpg</fanart>
</item>
<item>
	<title>Desperado (1995)</title>
	<meta>
		<content>movie</content>
		<imdb>tt0112851</imdb>
		<title>Desperado</title>
		<year>1995</year>
	</meta>
	<link>
		<sublink>searchhd</sublink>
		<sublink>searchsd</sublink>
	</link>
	<thumbnail>https://image.tmdb.org/t/p/w1280/7eVo5DbP7gcsDzHcpRCTA6JAuF2.jpg</thumbnail>
	<fanart>https://image.tmdb.org/t/p/w1280/A4AXk75jTDEcbqEa4tne43WWf2l.jpg</fanart>
</item>
<item>
	<title>Detroit (2017)</title>
	<meta>
		<content>movie</content>
		<imdb>tt5390504</imdb>
		<title>Detroit</title>
		<year>2017</year>
	</meta>
	<link>
		<sublink>searchhd</sublink>
		<sublink>searchsd</sublink>
	</link>
	<thumbnail>https://image.tmdb.org/t/p/w1280/tmCt2hy9QoFHft3UcHwpGX2Sihl.jpg</thumbnail>
	<fanart>https://image.tmdb.org/t/p/w1280/zpkWkIXEwSErbIgOlh1NkwQ6Pyj.jpg</fanart>
</item>
<item>
	<title>Die Hard (1988)</title>
	<meta>
		<content>movie</content>
		<imdb>tt0095016</imdb>
		<title>Die Hard</title>
		<year>1988</year>
	</meta>
	<link>
		<sublink>searchhd</sublink>
		<sublink>searchsd</sublink>
	</link>
	<thumbnail>https://image.tmdb.org/t/p/w1280/mc7MubOLcIw3MDvnuQFrO9psfCa.jpg</thumbnail>
	<fanart>https://image.tmdb.org/t/p/w1280/q4NRgTyah0KfxXB0P4DBk0lJR7P.jpg</fanart>
</item>
<item>
	<title>Die Hard with a Vengeance (1995)</title>
	<meta>
		<content>movie</content>
		<imdb>tt0112864</imdb>
		<title>Die Hard with a Vengeance</title>
		<year>1995</year>
	</meta>
	<link>
		<sublink>searchhd</sublink>
		<sublink>searchsd</sublink>
	</link>
	<thumbnail>https://image.tmdb.org/t/p/w1280/ivpXGcsPZglyYrN65THWSD7JM3q.jpg</thumbnail>
	<fanart>https://image.tmdb.org/t/p/w1280/aJCEQFFXNcfg5YneJzTG15qzxF7.jpg</fanart>
</item>
<item>
	<title>Dirty Harry (1971)</title>
	<meta>
		<content>movie</content>
		<imdb>tt0066999</imdb>
		<title>Dirty Harry</title>
		<year>1971</year>
	</meta>
	<link>
		<sublink>searchhd</sublink>
		<sublink>searchsd</sublink>
	</link>
	<thumbnail>https://image.tmdb.org/t/p/w1280/4j2tBAusIVev4ZaScncIHknP7eV.jpg</thumbnail>
	<fanart>https://image.tmdb.org/t/p/w1280/t3OZS8yMs0NL4YgWWc04eXHTn1X.jpg</fanart>
</item>
<item>
	<title>Domino (2005)</title>
	<meta>
		<content>movie</content>
		<imdb>tt0421054</imdb>
		<title>Domino</title>
		<year>2005</year>
	</meta>
	<link>
		<sublink>searchhd</sublink>
		<sublink>searchsd</sublink>
	</link>
	<thumbnail>https://image.tmdb.org/t/p/w1280/hD1PBfaTmNXKeDzWbaMtlIqKD4P.jpg</thumbnail>
	<fanart>https://image.tmdb.org/t/p/w1280/2JASHMjDOcnMOUI4WnEmpvuiEUe.jpg</fanart>
</item>
<item>
	<title>Double Team (1997)</title>
	<meta>
		<content>movie</content>
		<imdb>tt0119013</imdb>
		<title>Double Team</title>
		<year>1997</year>
	</meta>
	<link>
		<sublink>searchhd</sublink>
		<sublink>searchsd</sublink>
	</link>
	<thumbnail>https://image.tmdb.org/t/p/w1280/pRGhrtm5zAnsblDI5xXzzwVcHY6.jpg</thumbnail>
	<fanart>https://image.tmdb.org/t/p/w1280/cqU8kX6VbT4dxV5mx1t3HxW9d3f.jpg</fanart>
</item>
<item>
	<title>Dragon Ball Z: Doragon - Kami to Kami (2013)</title>
	<meta>
		<content>movie</content>
		<imdb>tt2263944</imdb>
		<title>Dragon Ball Z: Doragon - Kami to Kami</title>
		<year>2013</year>
	</meta>
	<link>
		<sublink>searchhd</sublink>
		<sublink>searchsd</sublink>
	</link>
	<thumbnail>https://image.tmdb.org/t/p/w1280/xI5LlCzSkp8iFSbmla0Dh4iT5ie.jpg</thumbnail>
	<fanart>https://image.tmdb.org/t/p/w1280/eVrW2OF0vulxB2tnsJEt4oCDXVl.jpg</fanart>
</item>
<item>
	<title>Dragon Ball Z: Doragon - Fukkatsu no 'F' (2015)</title>
	<meta>
		<content>movie</content>
		<imdb>tt3819668</imdb>
		<title>Dragon Ball Z: Doragon - Fukkatsu no 'F'</title>
		<year>2015</year>
	</meta>
	<link>
		<sublink>searchhd</sublink>
		<sublink>searchsd</sublink>
	</link>
	<thumbnail>https://image.tmdb.org/t/p/w1280/uYgE4QiNEDNbYTthVH5MJuCIBsX.jpg</thumbnail>
	<fanart>https://image.tmdb.org/t/p/w1280/j98rDMOFD7iWdFV4JMFinq3UMj2.jpg</fanart>
</item>
<item>
	<title>Driven (2001)</title>
	<meta>
		<content>movie</content>
		<imdb>tt0132245</imdb>
		<title>Driven</title>
		<year>2001</year>
	</meta>
	<link>
		<sublink>searchhd</sublink>
		<sublink>searchsd</sublink>
	</link>
	<thumbnail>https://image.tmdb.org/t/p/w1280/vtPvxgQBoNBFnnnYjS1lb6pLXtv.jpg</thumbnail>
	<fanart>https://image.tmdb.org/t/p/w1280/hn6mM3jzGx89om7smCCfDcG21sS.jpg</fanart>
</item>
<item>
	<title>Dumb and Dumber To (2014)</title>
	<meta>
		<content>movie</content>
		<imdb>tt2096672</imdb>
		<title>Dumb and Dumber To</title>
		<year>2014</year>
	</meta>
	<link>
		<sublink>searchhd</sublink>
		<sublink>searchsd</sublink>
	</link>
	<thumbnail>https://image.tmdb.org/t/p/w1280/Ekw3ijq9L6RiKvv5m2tPOEklHF.jpg</thumbnail>
	<fanart>https://image.tmdb.org/t/p/w1280/pMNSiNT55XrxWPmoI5ytJyinRa8.jpg</fanart>
</item>
<item>
	<title>Eastern Promises (2007)</title>
	<meta>
		<content>movie</content>
		<imdb>tt0765443</imdb>
		<title>Eastern Promises</title>
		<year>2007</year>
	</meta>
	<link>
		<sublink>searchhd</sublink>
		<sublink>searchsd</sublink>
	</link>
	<thumbnail>https://image.tmdb.org/t/p/w1280/uQduBOXqpC4XG8qK2pMcqz1OnQY.jpg</thumbnail>
	<fanart>https://image.tmdb.org/t/p/w1280/9KX4n538DJOXrvspKK5ZJI56RPt.jpg</fanart>
</item>
<item>
	<title>Edge of Tomorrow (2014)</title>
	<meta>
		<content>movie</content>
		<imdb>tt1631867</imdb>
		<title>Edge of Tomorrow</title>
		<year>2014</year>
	</meta>
	<link>
		<sublink>searchhd</sublink>
		<sublink>searchsd</sublink>
	</link>
	<thumbnail>https://image.tmdb.org/t/p/w1280/tpoVEYvm6qcXueZrQYJNRLXL88s.jpg</thumbnail>
	<fanart>https://image.tmdb.org/t/p/w1280/7mgKeg18Qml5nJQa56RBZO7dIu0.jpg</fanart>
</item>
<item>
	<title>Elle (I) (2016)</title>
	<meta>
		<content>movie</content>
		<imdb>tt3716530</imdb>
		<title>Elle</title>
		<year>I 2016</year>
	</meta>
	<link>
		<sublink>searchhd</sublink>
		<sublink>searchsd</sublink>
	</link>
	<thumbnail>https://image.tmdb.org/t/p/w1280/mJut6zysg2tQftY3Qoj21bk2Eqo.jpg</thumbnail>
	<fanart>https://image.tmdb.org/t/p/w1280/lpRqMiDCHEXcr7akOauls367NsN.jpg</fanart>
</item>
<item>
	<title>Elysium (I) (2013)</title>
	<meta>
		<content>movie</content>
		<imdb>tt1535108</imdb>
		<title>Elysium</title>
		<year>I 2013</year>
	</meta>
	<link>
		<sublink>searchhd</sublink>
		<sublink>searchsd</sublink>
	</link>
	<thumbnail>https://image.tmdb.org/t/p/w1280/tHkjoAxmhp3Eau1h0Ir7maKMwUz.jpg</thumbnail>
	<fanart>https://image.tmdb.org/t/p/w1280/vSbjlX9y8S2hKNURHEO4GsoIOay.jpg</fanart>
</item>
<item>
	<title>Enemy of the State (1998)</title>
	<meta>
		<content>movie</content>
		<imdb>tt0120660</imdb>
		<title>Enemy of the State</title>
		<year>1998</year>
	</meta>
	<link>
		<sublink>searchhd</sublink>
		<sublink>searchsd</sublink>
	</link>
	<thumbnail>https://image.tmdb.org/t/p/w1280/2B0vLBo6gJbnzke4Enc77GCxKrz.jpg</thumbnail>
	<fanart>https://image.tmdb.org/t/p/w1280/5zIxXANoUCVMFu9YFhHejmnSmhY.jpg</fanart>
</item>
<item>
	<title>Enter the Dragon (1973)</title>
	<meta>
		<content>movie</content>
		<imdb>tt0070034</imdb>
		<title>Enter the Dragon</title>
		<year>1973</year>
	</meta>
	<link>
		<sublink>searchhd</sublink>
		<sublink>searchsd</sublink>
	</link>
	<thumbnail>https://image.tmdb.org/t/p/w1280/6C006cxfwjWYkBW4fM3xCMyr7Yg.jpg</thumbnail>
	<fanart>https://image.tmdb.org/t/p/w1280/wNm3hNJuOk117wEwuESKO8eCEAk.jpg</fanart>
</item>
<item>
	<title>Escape Plan (2013)</title>
	<meta>
		<content>movie</content>
		<imdb>tt1211956</imdb>
		<title>Escape Plan</title>
		<year>2013</year>
	</meta>
	<link>
		<sublink>searchhd</sublink>
		<sublink>searchsd</sublink>
	</link>
	<thumbnail>https://image.tmdb.org/t/p/w1280/j3XZwBeWgoAbVmkW3JyOme79I2e.jpg</thumbnail>
	<fanart>https://image.tmdb.org/t/p/w1280/lDmAQexExnvfKAG8fvx04ro6Ly4.jpg</fanart>
</item>
<item>
	<title>Evil Dead (2013)</title>
	<meta>
		<content>movie</content>
		<imdb>tt1288558</imdb>
		<title>Evil Dead</title>
		<year>2013</year>
	</meta>
	<link>
		<sublink>searchhd</sublink>
		<sublink>searchsd</sublink>
	</link>
	<thumbnail>https://image.tmdb.org/t/p/w1280/z56CMoFXOhq4zieKMsokLaiB4qE.jpg</thumbnail>
	<fanart>https://image.tmdb.org/t/p/w1280/iGXajcdwnN4B540ZQrNY1peT1gR.jpg</fanart>
</item>
<item>
	<title>Exodus: Gods and Kings (2014)</title>
	<meta>
		<content>movie</content>
		<imdb>tt1528100</imdb>
		<title>Exodus: Gods and Kings</title>
		<year>2014</year>
	</meta>
	<link>
		<sublink>searchhd</sublink>
		<sublink>searchsd</sublink>
	</link>
	<thumbnail>https://image.tmdb.org/t/p/w1280/ycDcPCpWM7hSdIR6tFkOzQPkve2.jpg</thumbnail>
	<fanart>https://image.tmdb.org/t/p/w1280/hOOgtrByGgWfqGTTn5VL7jkLYXJ.jpg</fanart>
</item>
<item>
	<title>Eyes Wide Shut (1999)</title>
	<meta>
		<content>movie</content>
		<imdb>tt0120663</imdb>
		<title>Eyes Wide Shut</title>
		<year>1999</year>
	</meta>
	<link>
		<sublink>searchhd</sublink>
		<sublink>searchsd</sublink>
	</link>
	<thumbnail>https://image.tmdb.org/t/p/w1280/zTuqPq1PBsIoG2DV9NgKPgdaoSX.jpg</thumbnail>
	<fanart>https://image.tmdb.org/t/p/w1280/nxJ05LTOxmbTKdOA7kXcnijC2K9.jpg</fanart>
</item>
<item>
	<title>Face/Off (1997)</title>
	<meta>
		<content>movie</content>
		<imdb>tt0119094</imdb>
		<title>Face/Off</title>
		<year>1997</year>
	</meta>
	<link>
		<sublink>searchhd</sublink>
		<sublink>searchsd</sublink>
	</link>
	<thumbnail>https://image.tmdb.org/t/p/w1280/q1i8QHiHZ1cukG5iOxai8pydmoa.jpg</thumbnail>
	<fanart>https://image.tmdb.org/t/p/w1280/kwsnFHKEkqlREvEl2RNvxGmEbFt.jpg</fanart>
</item>
<item>
	<title>Furious 6 (2013)</title>
	<meta>
		<content>movie</content>
		<imdb>tt1905041</imdb>
		<title>Furious 6</title>
		<year>2013</year>
	</meta>
	<link>
		<sublink>searchhd</sublink>
		<sublink>searchsd</sublink>
	</link>
	<thumbnail>https://image.tmdb.org/t/p/w1280/b9gTJKLdSbwcQRKzmqMq3dMfRwI.jpg</thumbnail>
	<fanart>https://image.tmdb.org/t/p/w1280/qjfE7SkPXpqFs8FX8rIaG6eO2aK.jpg</fanart>
</item>
<item>
	<title>Fifty Shades Darker (2017)</title>
	<meta>
		<content>movie</content>
		<imdb>tt4465564</imdb>
		<title>Fifty Shades Darker</title>
		<year>2017</year>
	</meta>
	<link>
		<sublink>searchhd</sublink>
		<sublink>searchsd</sublink>
	</link>
	<thumbnail>https://image.tmdb.org/t/p/w1280/aybgjbFbn6yUbsgUMnUbwc2jcWd.jpg</thumbnail>
	<fanart>https://image.tmdb.org/t/p/w1280/rXBB8F6XpHAwci2dihBCcixIHrK.jpg</fanart>
</item>
<item>
	<title>Fifty Shades Freed (2018)</title>
	<meta>
		<content>movie</content>
		<imdb>tt4477536</imdb>
		<title>Fifty Shades Freed</title>
		<year>2018</year>
	</meta>
	<link>
		<sublink>searchhd</sublink>
		<sublink>searchsd</sublink>
	</link>
	<thumbnail>https://image.tmdb.org/t/p/w1280/jjPJ4s3DWZZvI4vw8Xfi4Vqa1Q8.jpg</thumbnail>
	<fanart>https://image.tmdb.org/t/p/w1280/9ywA15OAiwjSTvg3cBs9B7kOCBF.jpg</fanart>
</item>
<item>
	<title>Fifty Shades of Grey (2015)</title>
	<meta>
		<content>movie</content>
		<imdb>tt2322441</imdb>
		<title>Fifty Shades of Grey</title>
		<year>2015</year>
	</meta>
	<link>
		<sublink>searchhd</sublink>
		<sublink>searchsd</sublink>
	</link>
	<thumbnail>https://image.tmdb.org/t/p/w1280/jV8wnk3Jgz6f7degmT3lHNGI2tK.jpg</thumbnail>
	<fanart>https://image.tmdb.org/t/p/w1280/vNO3d4Uj0Z6N0twXsDqMmGY7AOn.jpg</fanart>
</item>
<item>
	<title>Friend of the Family (1995)</title>
	<meta>
		<content>movie</content>
		<imdb>tt0113119</imdb>
		<title>Friend of the Family</title>
		<year>1995</year>
	</meta>
	<link>
		<sublink>searchhd</sublink>
		<sublink>searchsd</sublink>
	</link>
	<thumbnail>https://image.tmdb.org/t/p/w1280/5SwkP0gk75zBJ5i9wT114FyUR7O.jpg</thumbnail>
	<fanart>https://image.tmdb.org/t/p/w1280none</fanart>
</item>
<item>
	<title>From Dusk Till Dawn (1996)</title>
	<meta>
		<content>movie</content>
		<imdb>tt0116367</imdb>
		<title>From Dusk Till Dawn</title>
		<year>1996</year>
	</meta>
	<link>
		<sublink>searchhd</sublink>
		<sublink>searchsd</sublink>
	</link>
	<thumbnail>https://image.tmdb.org/t/p/w1280/ce0d4kM5KxT4x1Oq8JkSuNYevri.jpg</thumbnail>
	<fanart>https://image.tmdb.org/t/p/w1280/3kPTAFgx2BftDOexBe41k8kqSRD.jpg</fanart>
</item>
<item>
	<title>From Paris with Love (2010)</title>
	<meta>
		<content>movie</content>
		<imdb>tt1179034</imdb>
		<title>From Paris with Love</title>
		<year>2010</year>
	</meta>
	<link>
		<sublink>searchhd</sublink>
		<sublink>searchsd</sublink>
	</link>
	<thumbnail>https://image.tmdb.org/t/p/w1280/41yioNp9apJ7xtYDaSxqBfm1p5T.jpg</thumbnail>
	<fanart>https://image.tmdb.org/t/p/w1280/njU7eai9g5RHgyTKl8RbvQ8dys6.jpg</fanart>
</item>
<item>
	<title>Furious Seven (2015)</title>
	<meta>
		<content>movie</content>
		<imdb>tt2820852</imdb>
		<title>Furious Seven</title>
		<year>2015</year>
	</meta>
	<link>
		<sublink>searchhd</sublink>
		<sublink>searchsd</sublink>
	</link>
	<thumbnail>https://image.tmdb.org/t/p/w1280/dCgm7efXDmiABSdWDHBDBx2jwmn.jpg</thumbnail>
	<fanart>https://image.tmdb.org/t/p/w1280/ypyeMfKydpyuuTMdp36rMlkGDUL.jpg</fanart>
</item>
<item>
	<title>Fury (2014)</title>
	<meta>
		<content>movie</content>
		<imdb>tt2713180</imdb>
		<title>Fury</title>
		<year>2014</year>
	</meta>
	<link>
		<sublink>searchhd</sublink>
		<sublink>searchsd</sublink>
	</link>
	<thumbnail>https://image.tmdb.org/t/p/w1280/pfte7wdMobMF4CVHuOxyu6oqeeA.jpg</thumbnail>
	<fanart>https://image.tmdb.org/t/p/w1280/pKawqrtCBMmxarft7o1LbEynys7.jpg</fanart>
</item>
<item>
	<title>G.I. Jane (1997)</title>
	<meta>
		<content>movie</content>
		<imdb>tt0119173</imdb>
		<title>G.I. Jane</title>
		<year>1997</year>
	</meta>
	<link>
		<sublink>searchhd</sublink>
		<sublink>searchsd</sublink>
	</link>
	<thumbnail>https://image.tmdb.org/t/p/w1280/yf4zJg6ACAhH4fkHSdEDrBUuEyg.jpg</thumbnail>
	<fanart>https://image.tmdb.org/t/p/w1280/waL3eI0jkmFj8wqhC7fssDoDWcZ.jpg</fanart>
</item>
<item>
	<title>G.I. Joe: Retaliation (2013)</title>
	<meta>
		<content>movie</content>
		<imdb>tt1583421</imdb>
		<title>G.I. Joe: Retaliation</title>
		<year>2013</year>
	</meta>
	<link>
		<sublink>searchhd</sublink>
		<sublink>searchsd</sublink>
	</link>
	<thumbnail>https://image.tmdb.org/t/p/w1280/swk1AHwPvIJv8NUFM1qpFuaT642.jpg</thumbnail>
	<fanart>https://image.tmdb.org/t/p/w1280/b9OVFl48ZV2oTLzACSwBpNrCUhJ.jpg</fanart>
</item>
<item>
	<title>Get Carter (2000)</title>
	<meta>
		<content>movie</content>
		<imdb>tt0208988</imdb>
		<title>Get Carter</title>
		<year>2000</year>
	</meta>
	<link>
		<sublink>searchhd</sublink>
		<sublink>searchsd</sublink>
	</link>
	<thumbnail>https://image.tmdb.org/t/p/w1280/5Dv9QJNJx4cF96lDtX4KGtplNTJ.jpg</thumbnail>
	<fanart>https://image.tmdb.org/t/p/w1280/25QzBmimwYBW1cqJs3BR3tbp6jG.jpg</fanart>
</item>
<item>
	<title>Getaway (I) (2013)</title>
	<meta>
		<content>movie</content>
		<imdb>tt2167202</imdb>
		<title>Getaway</title>
		<year>I 2013</year>
	</meta>
	<link>
		<sublink>searchhd</sublink>
		<sublink>searchsd</sublink>
	</link>
	<thumbnail>https://image.tmdb.org/t/p/w1280/5UJQhrdzxnxAumgyJMgVX9DguC6.jpg</thumbnail>
	<fanart>https://image.tmdb.org/t/p/w1280/7W7de4fdcKFPQYDlMQFfmTGP9ZI.jpg</fanart>
</item>
<item>
	<title>Ghost (1990)</title>
	<meta>
		<content>movie</content>
		<imdb>tt0099653</imdb>
		<title>Ghost</title>
		<year>1990</year>
	</meta>
	<link>
		<sublink>searchhd</sublink>
		<sublink>searchsd</sublink>
	</link>
	<thumbnail>https://image.tmdb.org/t/p/w1280/rtxy3cplRFPUvruZajpcoxOQ7bi.jpg</thumbnail>
	<fanart>https://image.tmdb.org/t/p/w1280/rgyMubnjg883VdJUKKwASijyAFc.jpg</fanart>
</item>
<item>
	<title>Ghost Recon: Alpha (2012)</title>
	<meta>
		<content>movie</content>
		<imdb>tt2386231</imdb>
		<title>Ghost Recon: Alpha</title>
		<year>2012</year>
	</meta>
	<link>
		<sublink>searchhd</sublink>
		<sublink>searchsd</sublink>
	</link>
	<thumbnail>https://image.tmdb.org/t/p/w1280/jfzhuHGAC9IM8Y8X1QVE8NLUrI9.jpg</thumbnail>
	<fanart>https://image.tmdb.org/t/p/w1280/pj705PuYSTQcD2ev1tKVre5WoXr.jpg</fanart>
</item>
<item>
	<title>Ghostbusters (2016)</title>
	<meta>
		<content>movie</content>
		<imdb>tt1289401</imdb>
		<title>Ghostbusters</title>
		<year>2016</year>
	</meta>
	<link>
		<sublink>searchhd</sublink>
		<sublink>searchsd</sublink>
	</link>
	<thumbnail>https://image.tmdb.org/t/p/w1280/4qnJ1hsMADxzwnOmnwjZTNp0rKT.jpg</thumbnail>
	<fanart>https://image.tmdb.org/t/p/w1280/lbtG9MTb8i13KhXuyl3bmnqt7Lt.jpg</fanart>
</item>
<item>
	<title>Gladiator (2000)</title>
	<meta>
		<content>movie</content>
		<imdb>tt0172495</imdb>
		<title>Gladiator</title>
		<year>2000</year>
	</meta>
	<link>
		<sublink>searchhd</sublink>
		<sublink>searchsd</sublink>
	</link>
	<thumbnail>https://image.tmdb.org/t/p/w1280/6WBIzCgmDCYrqh64yDREGeDk9d3.jpg</thumbnail>
	<fanart>https://image.tmdb.org/t/p/w1280/5vZw7ltCKI0JiOYTtRxaIC3DX0e.jpg</fanart>
</item>
<item>
	<title>GoldenEye (1995)</title>
	<meta>
		<content>movie</content>
		<imdb>tt0113189</imdb>
		<title>GoldenEye</title>
		<year>1995</year>
	</meta>
	<link>
		<sublink>searchhd</sublink>
		<sublink>searchsd</sublink>
	</link>
	<thumbnail>https://image.tmdb.org/t/p/w1280/5c0ovjT41KnYIHYuF4AWsTe3sKh.jpg</thumbnail>
	<fanart>https://image.tmdb.org/t/p/w1280/sIuZYKo7UySIeBMvd9saK7ibw4z.jpg</fanart>
</item>
<item>
	<title>Goldfinger (1964)</title>
	<meta>
		<content>movie</content>
		<imdb>tt0058150</imdb>
		<title>Goldfinger</title>
		<year>1964</year>
	</meta>
	<link>
		<sublink>searchhd</sublink>
		<sublink>searchsd</sublink>
	</link>
	<thumbnail>https://image.tmdb.org/t/p/w1280/vBNbFU3OS6okJIQBOos1aZXpy2Z.jpg</thumbnail>
	<fanart>https://image.tmdb.org/t/p/w1280/iyD72nJFBGbEIrpQjzdhE3wFxPL.jpg</fanart>
</item>
<item>
	<title>Gravity (2013)</title>
	<meta>
		<content>movie</content>
		<imdb>tt1454468</imdb>
		<title>Gravity</title>
		<year>2013</year>
	</meta>
	<link>
		<sublink>searchhd</sublink>
		<sublink>searchsd</sublink>
	</link>
	<thumbnail>https://image.tmdb.org/t/p/w1280/uPxtxhB2Fy9ihVqtBtNGHmknJqV.jpg</thumbnail>
	<fanart>https://image.tmdb.org/t/p/w1280/9aoWzwOwy9NLuSk9LkBwwrBdPYM.jpg</fanart>
</item>
<item>
	<title>Grudge Match (2013)</title>
	<meta>
		<content>movie</content>
		<imdb>tt1661382</imdb>
		<title>Grudge Match</title>
		<year>2013</year>
	</meta>
	<link>
		<sublink>searchhd</sublink>
		<sublink>searchsd</sublink>
	</link>
	<thumbnail>https://image.tmdb.org/t/p/w1280/hScOPtZpAxYWx2sOGcfbzYti39Z.jpg</thumbnail>
	<fanart>https://image.tmdb.org/t/p/w1280/yJAicZoLQoVhY2rQGmUdcTP3pdw.jpg</fanart>
</item>
<item>
	<title>Hancock (2008)</title>
	<meta>
		<content>movie</content>
		<imdb>tt0448157</imdb>
		<title>Hancock</title>
		<year>2008</year>
	</meta>
	<link>
		<sublink>searchhd</sublink>
		<sublink>searchsd</sublink>
	</link>
	<thumbnail>https://image.tmdb.org/t/p/w1280/dsCxSr4w3g2ylhlZg3v5CB5Pid7.jpg</thumbnail>
	<fanart>https://image.tmdb.org/t/p/w1280/x9a4Q6Qlgh9Fk1f5z6K4r5OeLd9.jpg</fanart>
</item>
<item>
	<title>Hard Target (1993)</title>
	<meta>
		<content>movie</content>
		<imdb>tt0107076</imdb>
		<title>Hard Target</title>
		<year>1993</year>
	</meta>
	<link>
		<sublink>searchhd</sublink>
		<sublink>searchsd</sublink>
	</link>
	<thumbnail>https://image.tmdb.org/t/p/w1280/6WEu60V7EzncuFJSVmGJzhFvs4I.jpg</thumbnail>
	<fanart>https://image.tmdb.org/t/p/w1280/6r1nGcCP1gzlorSJgtmm5W434rw.jpg</fanart>
</item>
<item>
	<title>Harry Potter and the Deathly Hallows: Part 1 (2010)</title>
	<meta>
		<content>movie</content>
		<imdb>tt0926084</imdb>
		<title>Harry Potter and the Deathly Hallows: Part 1</title>
		<year>2010</year>
	</meta>
	<link>
		<sublink>searchhd</sublink>
		<sublink>searchsd</sublink>
	</link>
	<thumbnail>https://image.tmdb.org/t/p/w1280/maP4MTfPCeVD2FZbKTLUgriOW4R.jpg</thumbnail>
	<fanart>https://image.tmdb.org/t/p/w1280/8YA36faYlkpfp6aozcGsqq68pZ9.jpg</fanart>
</item>
<item>
	<title>Harry Potter and the Deathly Hallows: Part 2 (2011)</title>
	<meta>
		<content>movie</content>
		<imdb>tt1201607</imdb>
		<title>Harry Potter and the Deathly Hallows: Part 2</title>
		<year>2011</year>
	</meta>
	<link>
		<sublink>searchhd</sublink>
		<sublink>searchsd</sublink>
	</link>
	<thumbnail>https://image.tmdb.org/t/p/w1280/fTplI1NCSuEDP4ITLcTps739fcC.jpg</thumbnail>
	<fanart>https://image.tmdb.org/t/p/w1280/6n0DAcyjTHS6888mt8U9ZsLy9nR.jpg</fanart>
</item>
<item>
	<title>Heat (1995)</title>
	<meta>
		<content>movie</content>
		<imdb>tt0113277</imdb>
		<title>Heat</title>
		<year>1995</year>
	</meta>
	<link>
		<sublink>searchhd</sublink>
		<sublink>searchsd</sublink>
	</link>
	<thumbnail>https://image.tmdb.org/t/p/w1280/zMyfPUelumio3tiDKPffaUpsQTD.jpg</thumbnail>
	<fanart>https://image.tmdb.org/t/p/w1280/jMzVSwQp1lLVq9fnQQ4yOjr1YZ2.jpg</fanart>
</item>
<item>
	<title>Highlander (1986)</title>
	<meta>
		<content>movie</content>
		<imdb>tt0091203</imdb>
		<title>Highlander</title>
		<year>1986</year>
	</meta>
	<link>
		<sublink>searchhd</sublink>
		<sublink>searchsd</sublink>
	</link>
	<thumbnail>https://image.tmdb.org/t/p/w1280/6l4t1vWAFMuAiOpDT0mDWlrr5Mp.jpg</thumbnail>
	<fanart>https://image.tmdb.org/t/p/w1280/q6jg0cSixdEGUsyzkuh2qqL6iVq.jpg</fanart>
</item>
<item>
	<title>Hours (2013)</title>
	<meta>
		<content>movie</content>
		<imdb>tt2094018</imdb>
		<title>Hours</title>
		<year>2013</year>
	</meta>
	<link>
		<sublink>searchhd</sublink>
		<sublink>searchsd</sublink>
	</link>
	<thumbnail>https://image.tmdb.org/t/p/w1280/8KEuqkOmxvtR4rLynkvBhpaNMfM.jpg</thumbnail>
	<fanart>https://image.tmdb.org/t/p/w1280/qlAll8FyQD6E2PSkZ3ID90YFxs1.jpg</fanart>
</item>
<item>
	<title>In the Line of Fire (1993)</title>
	<meta>
		<content>movie</content>
		<imdb>tt0107206</imdb>
		<title>In the Line of Fire</title>
		<year>1993</year>
	</meta>
	<link>
		<sublink>searchhd</sublink>
		<sublink>searchsd</sublink>
	</link>
	<thumbnail>https://image.tmdb.org/t/p/w1280/vXgWOXa7m3cEhOhYjR5q2UZCBBp.jpg</thumbnail>
	<fanart>https://image.tmdb.org/t/p/w1280/lWmRtLisFIZzfvhbFeyx61af0zZ.jpg</fanart>
</item>
<item>
	<title>Indecent Proposal (1993)</title>
	<meta>
		<content>movie</content>
		<imdb>tt0107211</imdb>
		<title>Indecent Proposal</title>
		<year>1993</year>
	</meta>
	<link>
		<sublink>searchhd</sublink>
		<sublink>searchsd</sublink>
	</link>
	<thumbnail>https://image.tmdb.org/t/p/w1280/tBsmJ9owjjnT4rO4kE1mOzxQAJc.jpg</thumbnail>
	<fanart>https://image.tmdb.org/t/p/w1280/q793LSnNfTDTvolHyWjieEceDYk.jpg</fanart>
</item>
<item>
	<title>Independence Day (1996)</title>
	<meta>
		<content>movie</content>
		<imdb>tt0116629</imdb>
		<title>Independence Day</title>
		<year>1996</year>
	</meta>
	<link>
		<sublink>searchhd</sublink>
		<sublink>searchsd</sublink>
	</link>
	<thumbnail>https://image.tmdb.org/t/p/w1280/bqLlWZJdhrS0knfEJRkquW7L8z2.jpg</thumbnail>
	<fanart>https://image.tmdb.org/t/p/w1280/4E2xKGrU2qcqUE2S3Nl27hwZdqy.jpg</fanart>
</item>
<item>
	<title>Independence Day: Resurgence (2016)</title>
	<meta>
		<content>movie</content>
		<imdb>tt1628841</imdb>
		<title>Independence Day: Resurgence</title>
		<year>2016</year>
	</meta>
	<link>
		<sublink>searchhd</sublink>
		<sublink>searchsd</sublink>
	</link>
	<thumbnail>https://image.tmdb.org/t/p/w1280/5CHJs479xWnm3zMDOl94VkKS7MZ.jpg</thumbnail>
	<fanart>https://image.tmdb.org/t/p/w1280/mou66QcacavDahfyuaqKfaCLdoI.jpg</fanart>
</item>
<item>
	<title>Indiana Jones and the Last Crusade (1989)</title>
	<meta>
		<content>movie</content>
		<imdb>tt0097576</imdb>
		<title>Indiana Jones and the Last Crusade</title>
		<year>1989</year>
	</meta>
	<link>
		<sublink>searchhd</sublink>
		<sublink>searchsd</sublink>
	</link>
	<thumbnail>https://image.tmdb.org/t/p/w1280/4p1N2Qrt8j0H8xMHMHvtRxv9weZ.jpg</thumbnail>
	<fanart>https://image.tmdb.org/t/p/w1280/vfvVuu1JdnEGcyZUj7VHrhhbeMj.jpg</fanart>
</item>
<item>
	<title>Insurgent (2015)</title>
	<meta>
		<content>movie</content>
		<imdb>tt2908446</imdb>
		<title>Insurgent</title>
		<year>2015</year>
	</meta>
	<link>
		<sublink>searchhd</sublink>
		<sublink>searchsd</sublink>
	</link>
	<thumbnail>https://image.tmdb.org/t/p/w1280/6w1VjTPTjTaA5oNvsAg0y4H6bou.jpg</thumbnail>
	<fanart>https://image.tmdb.org/t/p/w1280/xOKGkKwfK79xjmBd1EiIbPpc71k.jpg</fanart>
</item>
<item>
	<title>Iron Man Three (2013)</title>
	<meta>
		<content>movie</content>
		<imdb>tt1300854</imdb>
		<title>Iron Man Three</title>
		<year>2013</year>
	</meta>
	<link>
		<sublink>searchhd</sublink>
		<sublink>searchsd</sublink>
	</link>
	<thumbnail>https://image.tmdb.org/t/p/w1280/1Ilv6ryHUv6rt9zIsbSEJUmmbEi.jpg</thumbnail>
	<fanart>https://image.tmdb.org/t/p/w1280/n9X2DKItL3V0yq1q1jrk8z5UAki.jpg</fanart>
</item>
<item>
	<title>Jack Ryan: Shadow Recruit (2014)</title>
	<meta>
		<content>movie</content>
		<imdb>tt1205537</imdb>
		<title>Jack Ryan: Shadow Recruit</title>
		<year>2014</year>
	</meta>
	<link>
		<sublink>searchhd</sublink>
		<sublink>searchsd</sublink>
	</link>
	<thumbnail>https://image.tmdb.org/t/p/w1280/jBibISmRBUO35p0Picv0nOo33sc.jpg</thumbnail>
	<fanart>https://image.tmdb.org/t/p/w1280/7WURHOyx05AWAoNcBGp72clvB49.jpg</fanart>
</item>
<item>
	<title>Jane Got a Gun (2015)</title>
	<meta>
		<content>movie</content>
		<imdb>tt2140037</imdb>
		<title>Jane Got a Gun</title>
		<year>2015</year>
	</meta>
	<link>
		<sublink>searchhd</sublink>
		<sublink>searchsd</sublink>
	</link>
	<thumbnail>https://image.tmdb.org/t/p/w1280/nkIy7P21LL6kWgBI4YfGrHAkans.jpg</thumbnail>
	<fanart>https://image.tmdb.org/t/p/w1280/i2KqVXm5tury4fAGgzDryiIjHw6.jpg</fanart>
</item>
<item>
	<title>Jeremiah Johnson (1972)</title>
	<meta>
		<content>movie</content>
		<imdb>tt0068762</imdb>
		<title>Jeremiah Johnson</title>
		<year>1972</year>
	</meta>
	<link>
		<sublink>searchhd</sublink>
		<sublink>searchsd</sublink>
	</link>
	<thumbnail>https://image.tmdb.org/t/p/w1280/i2wo9M885KcSljpbut24xZCx05r.jpg</thumbnail>
	<fanart>https://image.tmdb.org/t/p/w1280/1UuXXbXd5GvO1hQuMW3rEko1ymd.jpg</fanart>
</item>
<item>
	<title>Jerry Maguire (1996)</title>
	<meta>
		<content>movie</content>
		<imdb>tt0116695</imdb>
		<title>Jerry Maguire</title>
		<year>1996</year>
	</meta>
	<link>
		<sublink>searchhd</sublink>
		<sublink>searchsd</sublink>
	</link>
	<thumbnail>https://image.tmdb.org/t/p/w1280/99YTEdKOKDRClsscOpJfdkbaTrQ.jpg</thumbnail>
	<fanart>https://image.tmdb.org/t/p/w1280/n1Gh3MJAVvXmkgSDf3SOLlPCjag.jpg</fanart>
</item>
<item>
	<title>John Wick (2014)</title>
	<meta>
		<content>movie</content>
		<imdb>tt2911666</imdb>
		<title>John Wick</title>
		<year>2014</year>
	</meta>
	<link>
		<sublink>searchhd</sublink>
		<sublink>searchsd</sublink>
	</link>
	<thumbnail>https://image.tmdb.org/t/p/w1280/5vHssUeVe25bMrof1HyaPyWgaP.jpg</thumbnail>
	<fanart>https://image.tmdb.org/t/p/w1280/umC04Cozevu8nn3JTDJ1pc7PVTn.jpg</fanart>
</item>
<item>
	<title>John Wick: Chapter 2 (2017)</title>
	<meta>
		<content>movie</content>
		<imdb>tt4425200</imdb>
		<title>John Wick: Chapter 2</title>
		<year>2017</year>
	</meta>
	<link>
		<sublink>searchhd</sublink>
		<sublink>searchsd</sublink>
	</link>
	<thumbnail>https://image.tmdb.org/t/p/w1280/zkXnKIwX5pYorKJp2fjFSfNyKT0.jpg</thumbnail>
	<fanart>https://image.tmdb.org/t/p/w1280/5qEaTFR3dVHgP85YXraZJiRBHt1.jpg</fanart>
</item>
<item>
	<title>Johnny Mnemonic (1995)</title>
	<meta>
		<content>movie</content>
		<imdb>tt0113481</imdb>
		<title>Johnny Mnemonic</title>
		<year>1995</year>
	</meta>
	<link>
		<sublink>searchhd</sublink>
		<sublink>searchsd</sublink>
	</link>
	<thumbnail>https://image.tmdb.org/t/p/w1280/s9LyQtKhfUcQlZEw8hJLP6XqroO.jpg</thumbnail>
	<fanart>https://image.tmdb.org/t/p/w1280/vNsGZPwf45rA3BrXEu8TVRwSqKF.jpg</fanart>
</item>
<item>
	<title>Jupiter Ascending (2015)</title>
	<meta>
		<content>movie</content>
		<imdb>tt1617661</imdb>
		<title>Jupiter Ascending</title>
		<year>2015</year>
	</meta>
	<link>
		<sublink>searchhd</sublink>
		<sublink>searchsd</sublink>
	</link>
	<thumbnail>https://image.tmdb.org/t/p/w1280/aMEsvTUklw0uZ3gk3Q6lAj6302a.jpg</thumbnail>
	<fanart>https://image.tmdb.org/t/p/w1280/4liSXBZZdURI0c1Id1zLJo6Z3Gu.jpg</fanart>
</item>
<item>
	<title>Jurassic Park (1993)</title>
	<meta>
		<content>movie</content>
		<imdb>tt0107290</imdb>
		<title>Jurassic Park</title>
		<year>1993</year>
	</meta>
	<link>
		<sublink>searchhd</sublink>
		<sublink>searchsd</sublink>
	</link>
	<thumbnail>https://image.tmdb.org/t/p/w1280/c414cDeQ9b6qLPLeKmiJuLDUREJ.jpg</thumbnail>
	<fanart>https://image.tmdb.org/t/p/w1280/8LZ0r7r2SdJIApRvGo2k6CXHq8x.jpg</fanart>
</item>
<item>
	<title>Justice League (2017)</title>
	<meta>
		<content>movie</content>
		<imdb>tt0974015</imdb>
		<title>Justice League</title>
		<year>2017</year>
	</meta>
	<link>
		<sublink>searchhd</sublink>
		<sublink>searchsd</sublink>
	</link>
	<thumbnail>https://image.tmdb.org/t/p/w1280/eifGNCSDuxJeS1loAXil5bIGgvC.jpg</thumbnail>
	<fanart>https://image.tmdb.org/t/p/w1280/o5T8rZxoWSBMYwjsUFUqTt6uMQB.jpg</fanart>
</item>
<item>
	<title>Kingdom of Heaven (2005)</title>
	<meta>
		<content>movie</content>
		<imdb>tt0320661</imdb>
		<title>Kingdom of Heaven</title>
		<year>2005</year>
	</meta>
	<link>
		<sublink>searchhd</sublink>
		<sublink>searchsd</sublink>
	</link>
	<thumbnail>https://image.tmdb.org/t/p/w1280/aB4urkgTxBURJMUkd0kceDD7FUM.jpg</thumbnail>
	<fanart>https://image.tmdb.org/t/p/w1280/kxRYuGjccUCR1M0ZuG1TbzkMb7Y.jpg</fanart>
</item>
<item>
	<title>Kingsman: The Secret Service (2014)</title>
	<meta>
		<content>movie</content>
		<imdb>tt2802144</imdb>
		<title>Kingsman: The Secret Service</title>
		<year>2014</year>
	</meta>
	<link>
		<sublink>searchhd</sublink>
		<sublink>searchsd</sublink>
	</link>
	<thumbnail>https://image.tmdb.org/t/p/w1280/8x7ej0LnHdKUqilNNJXYOeyB6L9.jpg</thumbnail>
	<fanart>https://image.tmdb.org/t/p/w1280/7McaexSsSTLD8V17UgaZAfI0Cu9.jpg</fanart>
</item>
<item>
	<title>Kiss of the Dragon (2001)</title>
	<meta>
		<content>movie</content>
		<imdb>tt0271027</imdb>
		<title>Kiss of the Dragon</title>
		<year>2001</year>
	</meta>
	<link>
		<sublink>searchhd</sublink>
		<sublink>searchsd</sublink>
	</link>
	<thumbnail>https://image.tmdb.org/t/p/w1280/eOBwDUiDLmz1BX8PQL5U1tQloRB.jpg</thumbnail>
	<fanart>https://image.tmdb.org/t/p/w1280/kZMZ3PqcKmtBifHjfoI8JnURHJj.jpg</fanart>
</item>
<item>
	<title>Knight of Cups (2015)</title>
	<meta>
		<content>movie</content>
		<imdb>tt2101383</imdb>
		<title>Knight of Cups</title>
		<year>2015</year>
	</meta>
	<link>
		<sublink>searchhd</sublink>
		<sublink>searchsd</sublink>
	</link>
	<thumbnail>https://image.tmdb.org/t/p/w1280/zGN0fefqK6hg2ffxD3R7nRyaZcF.jpg</thumbnail>
	<fanart>https://image.tmdb.org/t/p/w1280/6yan1Sdwz9dNKxRwEPVrtwXFjgO.jpg</fanart>
</item>
<item>
	<title>Knock Knock (I) (2015)</title>
	<meta>
		<content>movie</content>
		<imdb>tt3605418</imdb>
		<title>Knock Knock</title>
		<year>I 2015</year>
	</meta>
	<link>
		<sublink>searchhd</sublink>
		<sublink>searchsd</sublink>
	</link>
	<thumbnail>https://image.tmdb.org/t/p/w1280/eynMtjBB1fXsB5vsQylVmsDLmvw.jpg</thumbnail>
	<fanart>https://image.tmdb.org/t/p/w1280/A1kVYDMzZY1KpKO2AuoSQoStyQs.jpg</fanart>
</item>
<item>
	<title>Nikita (1990)</title>
	<meta>
		<content>movie</content>
		<imdb>tt0100263</imdb>
		<title>Nikita</title>
		<year>1990</year>
	</meta>
	<link>
		<sublink>searchhd</sublink>
		<sublink>searchsd</sublink>
	</link>
	<thumbnail>https://image.tmdb.org/t/p/w1280/mjSe0ehEPaSRMFYF9qVFGpk9ubM.jpg</thumbnail>
	<fanart>https://image.tmdb.org/t/p/w1280/qaTAX69aDbEinfhklbuI76lPO5c.jpg</fanart>
</item>
<item>
	<title>La La Land (I) (2016)</title>
	<meta>
		<content>movie</content>
		<imdb>tt3783958</imdb>
		<title>La La Land</title>
		<year>I 2016</year>
	</meta>
	<link>
		<sublink>searchhd</sublink>
		<sublink>searchsd</sublink>
	</link>
	<thumbnail>https://image.tmdb.org/t/p/w1280/ylXCdC106IKiarftHkcacasaAcb.jpg</thumbnail>
	<fanart>https://image.tmdb.org/t/p/w1280/nadTlnTE6DdgmYsN4iWc2a2wiaI.jpg</fanart>
</item>
<item>
	<title>Legend (1985)</title>
	<meta>
		<content>movie</content>
		<imdb>tt0089469</imdb>
		<title>Legend</title>
		<year>1985</year>
	</meta>
	<link>
		<sublink>searchhd</sublink>
		<sublink>searchsd</sublink>
	</link>
	<thumbnail>https://image.tmdb.org/t/p/w1280/xNWs9LM46vJWwf1q0VGPOccTKg4.jpg</thumbnail>
	<fanart>https://image.tmdb.org/t/p/w1280/kiTjtGWfQNuwz8YMyzicn4wDkET.jpg</fanart>
</item>
<item>
	<title>Lethal Weapon 4 (1998)</title>
	<meta>
		<content>movie</content>
		<imdb>tt0122151</imdb>
		<title>Lethal Weapon 4</title>
		<year>1998</year>
	</meta>
	<link>
		<sublink>searchhd</sublink>
		<sublink>searchsd</sublink>
	</link>
	<thumbnail>https://image.tmdb.org/t/p/w1280/kpC9Y0jhwTqtRlcetxbgn3crnlU.jpg</thumbnail>
	<fanart>https://image.tmdb.org/t/p/w1280/jssTFAf5MCBbZPA02vRSYSeVtHh.jpg</fanart>
</item>
<item>
	<title>Lockout (2012)</title>
	<meta>
		<content>movie</content>
		<imdb>tt1592525</imdb>
		<title>Lockout</title>
		<year>2012</year>
	</meta>
	<link>
		<sublink>searchhd</sublink>
		<sublink>searchsd</sublink>
	</link>
	<thumbnail>https://image.tmdb.org/t/p/w1280/rE1AMAaUVuzKcPwv3CR8KC0Pv0n.jpg</thumbnail>
	<fanart>https://image.tmdb.org/t/p/w1280/t2qDw8mZlwIvdBVOBogRnFdL018.jpg</fanart>
</item>
<item>
	<title>Lone Survivor (2013)</title>
	<meta>
		<content>movie</content>
		<imdb>tt1091191</imdb>
		<title>Lone Survivor</title>
		<year>2013</year>
	</meta>
	<link>
		<sublink>searchhd</sublink>
		<sublink>searchsd</sublink>
	</link>
	<thumbnail>https://image.tmdb.org/t/p/w1280/8ST6iVp3fkUSbUpXRAc2Q96YQRk.jpg</thumbnail>
	<fanart>https://image.tmdb.org/t/p/w1280/pPFbXcONHBntJIAsEn8TaIPPCpZ.jpg</fanart>
</item>
<item>
	<title>Loom (2012)</title>
	<meta>
		<content>movie</content>
		<imdb>tt2379050</imdb>
		<title>Loom</title>
		<year>2012</year>
	</meta>
	<link>
		<sublink>searchhd</sublink>
		<sublink>searchsd</sublink>
	</link>
	<thumbnail>https://image.tmdb.org/t/p/w1280/whqlRzw0U3F0JwG3DG3YUtFp2uf.jpg</thumbnail>
	<fanart>https://image.tmdb.org/t/p/w1280/z00uUNqbwpsnVDVn30oNEeXXfeT.jpg</fanart>
</item>
<item>
	<title>Lucy (I) (2014)</title>
	<meta>
		<content>movie</content>
		<imdb>tt2872732</imdb>
		<title>Lucy</title>
		<year>I 2014</year>
	</meta>
	<link>
		<sublink>searchhd</sublink>
		<sublink>searchsd</sublink>
	</link>
	<thumbnail>https://image.tmdb.org/t/p/w1280/rwn876MeqienhOVSSjtUPnwxn0Z.jpg</thumbnail>
	<fanart>https://image.tmdb.org/t/p/w1280/eCgIoGvfNXrbSiQGqQHccuHjQHm.jpg</fanart>
</item>
<item>
	<title>Machete Kills (2013)</title>
	<meta>
		<content>movie</content>
		<imdb>tt2002718</imdb>
		<title>Machete Kills</title>
		<year>2013</year>
	</meta>
	<link>
		<sublink>searchhd</sublink>
		<sublink>searchsd</sublink>
	</link>
	<thumbnail>https://image.tmdb.org/t/p/w1280/ltblMRM8clWKsjC2qQITuRN40Yr.jpg</thumbnail>
	<fanart>https://image.tmdb.org/t/p/w1280/5bxyCKV3AHlzwmvtqXkcr7Li56s.jpg</fanart>
</item>
<item>
	<title>Mad Max: Fury Road (2015)</title>
	<meta>
		<content>movie</content>
		<imdb>tt1392190</imdb>
		<title>Mad Max: Fury Road</title>
		<year>2015</year>
	</meta>
	<link>
		<sublink>searchhd</sublink>
		<sublink>searchsd</sublink>
	</link>
	<thumbnail>https://image.tmdb.org/t/p/w1280/kqjL17yufvn9OVLyXYpvtyrFfak.jpg</thumbnail>
	<fanart>https://image.tmdb.org/t/p/w1280/phszHPFVhPHhMZgo0fWTKBDQsJA.jpg</fanart>
</item>
<item>
	<title>Man of Steel (2013)</title>
	<meta>
		<content>movie</content>
		<imdb>tt0770828</imdb>
		<title>Man of Steel</title>
		<year>2013</year>
	</meta>
	<link>
		<sublink>searchhd</sublink>
		<sublink>searchsd</sublink>
	</link>
	<thumbnail>https://image.tmdb.org/t/p/w1280/xWlaTLnD8NJMTT9PGOD9z5re1SL.jpg</thumbnail>
	<fanart>https://image.tmdb.org/t/p/w1280/jYLh4mdOqkt30i7LTFs3o02UcGF.jpg</fanart>
</item>
<item>
	<title>Man of Tai Chi (2013)</title>
	<meta>
		<content>movie</content>
		<imdb>tt2016940</imdb>
		<title>Man of Tai Chi</title>
		<year>2013</year>
	</meta>
	<link>
		<sublink>searchhd</sublink>
		<sublink>searchsd</sublink>
	</link>
	<thumbnail>https://image.tmdb.org/t/p/w1280/42MutxsgeJS5pYLNWUGv8d6B9wa.jpg</thumbnail>
	<fanart>https://image.tmdb.org/t/p/w1280/fQsnOE6OpjV2wkCVBBoC47T4wUH.jpg</fanart>
</item>
<item>
	<title>Man on Fire (2004)</title>
	<meta>
		<content>movie</content>
		<imdb>tt0328107</imdb>
		<title>Man on Fire</title>
		<year>2004</year>
	</meta>
	<link>
		<sublink>searchhd</sublink>
		<sublink>searchsd</sublink>
	</link>
	<thumbnail>https://image.tmdb.org/t/p/w1280/qAbRLPe8T7ehKzr1Tgo78T7ASrS.jpg</thumbnail>
	<fanart>https://image.tmdb.org/t/p/w1280/2cBmeSLCyLqkn6YIERKdRUToqsa.jpg</fanart>
</item>
<item>
	<title>Manhunt (2017)</title>
	<meta>
		<content>movie</content>
		<imdb>tt4537986</imdb>
		<title>Manhunt</title>
		<year>2017</year>
	</meta>
	<link>
		<sublink>searchhd</sublink>
		<sublink>searchsd</sublink>
	</link>
	<thumbnail>https://image.tmdb.org/t/p/w1280/uWWmqeC1jEAGl9Nj3W65PL7Bvon.jpg</thumbnail>
	<fanart>https://image.tmdb.org/t/p/w1280/mz1ayJshHpMnQLNSRJl3Vgsp6eO.jpg</fanart>
</item>
<item>
	<title>Maps to the Stars (2014)</title>
	<meta>
		<content>movie</content>
		<imdb>tt2172584</imdb>
		<title>Maps to the Stars</title>
		<year>2014</year>
	</meta>
	<link>
		<sublink>searchhd</sublink>
		<sublink>searchsd</sublink>
	</link>
	<thumbnail>https://image.tmdb.org/t/p/w1280/ciIFIMR78V9BMfLEylJGSwnlwm.jpg</thumbnail>
	<fanart>https://image.tmdb.org/t/p/w1280/i1DPN19CK8rTkwyMS9iy4D9iRAO.jpg</fanart>
</item>
<item>
	<title>Matchstick Men (2003)</title>
	<meta>
		<content>movie</content>
		<imdb>tt0325805</imdb>
		<title>Matchstick Men</title>
		<year>2003</year>
	</meta>
	<link>
		<sublink>searchhd</sublink>
		<sublink>searchsd</sublink>
	</link>
	<thumbnail>https://image.tmdb.org/t/p/w1280/vRjT0WdjQbbIpYSG5f520BAS2dn.jpg</thumbnail>
	<fanart>https://image.tmdb.org/t/p/w1280/cd77jCV1505eHRTYKJVgNtVueHk.jpg</fanart>
</item>
<item>
	<title>Maximum Risk (1996)</title>
	<meta>
		<content>movie</content>
		<imdb>tt0117011</imdb>
		<title>Maximum Risk</title>
		<year>1996</year>
	</meta>
	<link>
		<sublink>searchhd</sublink>
		<sublink>searchsd</sublink>
	</link>
	<thumbnail>https://image.tmdb.org/t/p/w1280/kS3avZ9J3xTB0sOQU34hYzhzn04.jpg</thumbnail>
	<fanart>https://image.tmdb.org/t/p/w1280/fPtN1uXbcT3ToDH4ATci0QXEVGe.jpg</fanart>
</item>
<item>
	<title>Men of Honor (2000)</title>
	<meta>
		<content>movie</content>
		<imdb>tt0203019</imdb>
		<title>Men of Honor</title>
		<year>2000</year>
	</meta>
	<link>
		<sublink>searchhd</sublink>
		<sublink>searchsd</sublink>
	</link>
	<thumbnail>https://image.tmdb.org/t/p/w1280/wNUAnXV1mzOOfvnVBIYsalkk078.jpg</thumbnail>
	<fanart>https://image.tmdb.org/t/p/w1280/7wVtInOyDrYlcZGQcaGGH4rm8iJ.jpg</fanart>
</item>
<item>
	<title>Miami Vice (2006)</title>
	<meta>
		<content>movie</content>
		<imdb>tt0430357</imdb>
		<title>Miami Vice</title>
		<year>2006</year>
	</meta>
	<link>
		<sublink>searchhd</sublink>
		<sublink>searchsd</sublink>
	</link>
	<thumbnail>https://image.tmdb.org/t/p/w1280/3BsNsigWcET4tKLZZhJegw7eOjF.jpg</thumbnail>
	<fanart>https://image.tmdb.org/t/p/w1280/bJjuO0dwL1SYTrjc1VAJYlX5qY2.jpg</fanart>
</item>
<item>
	<title>Minority Report (2002)</title>
	<meta>
		<content>movie</content>
		<imdb>tt0181689</imdb>
		<title>Minority Report</title>
		<year>2002</year>
	</meta>
	<link>
		<sublink>searchhd</sublink>
		<sublink>searchsd</sublink>
	</link>
	<thumbnail>https://image.tmdb.org/t/p/w1280/h3lpltSn7Rj1eYTPQO1lYGdw4Bz.jpg</thumbnail>
	<fanart>https://image.tmdb.org/t/p/w1280/u8BvwuiiQ0uLFuXviKJU0cCHXIW.jpg</fanart>
</item>
<item>
	<title>Miss Congeniality (2000)</title>
	<meta>
		<content>movie</content>
		<imdb>tt0212346</imdb>
		<title>Miss Congeniality</title>
		<year>2000</year>
	</meta>
	<link>
		<sublink>searchhd</sublink>
		<sublink>searchsd</sublink>
	</link>
	<thumbnail>https://image.tmdb.org/t/p/w1280/mILq93mndRkMRz1MgaKqD3WpR1d.jpg</thumbnail>
	<fanart>https://image.tmdb.org/t/p/w1280/p25mxAO1ArY8bgZX6Y7B2r3vo0k.jpg</fanart>
</item>
<item>
	<title>Mission: Impossible - Rogue Nation (2015)</title>
	<meta>
		<content>movie</content>
		<imdb>tt2381249</imdb>
		<title>Mission: Impossible - Rogue Nation</title>
		<year>2015</year>
	</meta>
	<link>
		<sublink>searchhd</sublink>
		<sublink>searchsd</sublink>
	</link>
	<thumbnail>https://image.tmdb.org/t/p/w1280/z2sJd1OvAGZLxgjBdSnQoLCfn3M.jpg</thumbnail>
	<fanart>https://image.tmdb.org/t/p/w1280/8XeLfNQrDmFQmPTqxapfWUnKiLf.jpg</fanart>
</item>
<item>
	<title>Mission: Impossible II (2000)</title>
	<meta>
		<content>movie</content>
		<imdb>tt0120755</imdb>
		<title>Mission: Impossible II</title>
		<year>2000</year>
	</meta>
	<link>
		<sublink>searchhd</sublink>
		<sublink>searchsd</sublink>
	</link>
	<thumbnail>https://image.tmdb.org/t/p/w1280/eRaEC0vf5q5TSvaoJPwGTt2wa9T.jpg</thumbnail>
	<fanart>https://image.tmdb.org/t/p/w1280/bDdVZNvxb670EMlZqeIy6RdyJ4V.jpg</fanart>
</item>
<item>
	<title>Mortal Kombat (1995)</title>
	<meta>
		<content>movie</content>
		<imdb>tt0113855</imdb>
		<title>Mortal Kombat</title>
		<year>1995</year>
	</meta>
	<link>
		<sublink>searchhd</sublink>
		<sublink>searchsd</sublink>
	</link>
	<thumbnail>https://image.tmdb.org/t/p/w1280/bdXWixjWVA7Y03PvW74xufrROiJ.jpg</thumbnail>
	<fanart>https://image.tmdb.org/t/p/w1280/mOIvM0pQA7J9I0Caai0zTPxnE3f.jpg</fanart>
</item>
<item>
	<title>Mr. & Mrs. Smith (2005)</title>
	<meta>
		<content>movie</content>
		<imdb>tt0356910</imdb>
		<title>Mr. & Mrs. Smith</title>
		<year>2005</year>
	</meta>
	<link>
		<sublink>searchhd</sublink>
		<sublink>searchsd</sublink>
	</link>
	<thumbnail>https://image.tmdb.org/t/p/w1280/dqs5BmwSULtB28Kls3IB6khTQwp.jpg</thumbnail>
	<fanart>https://image.tmdb.org/t/p/w1280/fAwYX0Fha35CaYYUJ06VTN3bEeh.jpg</fanart>
</item>
<item>
	<title>Murder by Numbers (2002)</title>
	<meta>
		<content>movie</content>
		<imdb>tt0264935</imdb>
		<title>Murder by Numbers</title>
		<year>2002</year>
	</meta>
	<link>
		<sublink>searchhd</sublink>
		<sublink>searchsd</sublink>
	</link>
	<thumbnail>https://image.tmdb.org/t/p/w1280/zL2aUMe2haBikOZSxmndSDD4qi.jpg</thumbnail>
	<fanart>https://image.tmdb.org/t/p/w1280/lcYEctb1Llygf048dXNqKnDYjNw.jpg</fanart>
</item>
<item>
	<title>Neighbors (I) (2014)</title>
	<meta>
		<content>movie</content>
		<imdb>tt2004420</imdb>
		<title>Neighbors</title>
		<year>I 2014</year>
	</meta>
	<link>
		<sublink>searchhd</sublink>
		<sublink>searchsd</sublink>
	</link>
	<thumbnail>https://image.tmdb.org/t/p/w1280/bpj8myebvnTw5HDmzTSI8N6WFYr.jpg</thumbnail>
	<fanart>https://image.tmdb.org/t/p/w1280/anApKvoqZgMIdsVtadQvylcGrkf.jpg</fanart>
</item>
<item>
	<title>Neighbors 2: Sorority Rising (2016)</title>
	<meta>
		<content>movie</content>
		<imdb>tt4438848</imdb>
		<title>Neighbors 2: Sorority Rising</title>
		<year>2016</year>
	</meta>
	<link>
		<sublink>searchhd</sublink>
		<sublink>searchsd</sublink>
	</link>
	<thumbnail>https://image.tmdb.org/t/p/w1280/bWUeJHbKIyT306WtJFRHoSzX9nk.jpg</thumbnail>
	<fanart>https://image.tmdb.org/t/p/w1280/8HuO1RMDI3prfWDkF7t1y8EhLVO.jpg</fanart>
</item>
<item>
	<title>San ging chaat goo si (2004)</title>
	<meta>
		<content>movie</content>
		<imdb>tt0386005</imdb>
		<title>San ging chaat goo si</title>
		<year>2004</year>
	</meta>
	<link>
		<sublink>searchhd</sublink>
		<sublink>searchsd</sublink>
	</link>
	<thumbnail>https://image.tmdb.org/t/p/w1280/jUt1kFdzwXa1gYYk9jpZ2bHU2Fz.jpg</thumbnail>
	<fanart>https://image.tmdb.org/t/p/w1280/llII7YgUqtBbIl8Rkoo8JC56bqs.jpg</fanart>
</item>
<item>
	<title>Ninja Assassin (2009)</title>
	<meta>
		<content>movie</content>
		<imdb>tt1186367</imdb>
		<title>Ninja Assassin</title>
		<year>2009</year>
	</meta>
	<link>
		<sublink>searchhd</sublink>
		<sublink>searchsd</sublink>
	</link>
	<thumbnail>https://image.tmdb.org/t/p/w1280/k0Nu7HuUdnjfeNPR6YSY0PDH2et.jpg</thumbnail>
	<fanart>https://image.tmdb.org/t/p/w1280/kmKZVgUPqf9v4c0UitSZlDM3RPv.jpg</fanart>
</item>
<item>
	<title>Ninja: Shadow of a Tear (2013)</title>
	<meta>
		<content>movie</content>
		<imdb>tt2458106</imdb>
		<title>Ninja: Shadow of a Tear</title>
		<year>2013</year>
	</meta>
	<link>
		<sublink>searchhd</sublink>
		<sublink>searchsd</sublink>
	</link>
	<thumbnail>https://image.tmdb.org/t/p/w1280/k5uuo4mvWHb80ePDZylN2xvcz7h.jpg</thumbnail>
	<fanart>https://image.tmdb.org/t/p/w1280/qkhjHfXxZKD317GeifrepN9YJSt.jpg</fanart>
</item>
<item>
	<title>Noah (2014)</title>
	<meta>
		<content>movie</content>
		<imdb>tt1959490</imdb>
		<title>Noah</title>
		<year>2014</year>
	</meta>
	<link>
		<sublink>searchhd</sublink>
		<sublink>searchsd</sublink>
	</link>
	<thumbnail>https://image.tmdb.org/t/p/w1280/5wioUjzwr91fvq7ydunxK2CPSxi.jpg</thumbnail>
	<fanart>https://image.tmdb.org/t/p/w1280/jnoJgpITphPoqA3e7JnNC4mtAVX.jpg</fanart>
</item>
<item>
	<title>Oblivion (I) (2013)</title>
	<meta>
		<content>movie</content>
		<imdb>tt1483013</imdb>
		<title>Oblivion</title>
		<year>I 2013</year>
	</meta>
	<link>
		<sublink>searchhd</sublink>
		<sublink>searchsd</sublink>
	</link>
	<thumbnail>https://image.tmdb.org/t/p/w1280/hmOzkHlkGvi8x24fYpFSnXvjklv.jpg</thumbnail>
	<fanart>https://image.tmdb.org/t/p/w1280/8TE77jL2e4zdERpv8hnBAHUmFRx.jpg</fanart>
</item>
<item>
	<title>Once Upon a Time in the West (1968)</title>
	<meta>
		<content>movie</content>
		<imdb>tt0064116</imdb>
		<title>Once Upon a Time in the West</title>
		<year>1968</year>
	</meta>
	<link>
		<sublink>searchhd</sublink>
		<sublink>searchsd</sublink>
	</link>
	<thumbnail>https://image.tmdb.org/t/p/w1280/rVAHRtAMhV8QVXQMQ8NxNbZXCDp.jpg</thumbnail>
	<fanart>https://image.tmdb.org/t/p/w1280/sNaQWTsQFfdhjKweXbgjSHKZ8YS.jpg</fanart>
</item>
<item>
	<title>Only God Forgives (2013)</title>
	<meta>
		<content>movie</content>
		<imdb>tt1602613</imdb>
		<title>Only God Forgives</title>
		<year>2013</year>
	</meta>
	<link>
		<sublink>searchhd</sublink>
		<sublink>searchsd</sublink>
	</link>
	<thumbnail>https://image.tmdb.org/t/p/w1280/8KUPbn7gBm5o4cHM1K8SFfCpxOg.jpg</thumbnail>
	<fanart>https://image.tmdb.org/t/p/w1280/bWOeaxfLBf5G7qfsC2a2gGuKx6X.jpg</fanart>
</item>
<item>
	<title>Out of Africa (1985)</title>
	<meta>
		<content>movie</content>
		<imdb>tt0089755</imdb>
		<title>Out of Africa</title>
		<year>1985</year>
	</meta>
	<link>
		<sublink>searchhd</sublink>
		<sublink>searchsd</sublink>
	</link>
	<thumbnail>https://image.tmdb.org/t/p/w1280/bLXD2jp0img4RJiczAwnS7m7jF9.jpg</thumbnail>
	<fanart>https://image.tmdb.org/t/p/w1280/uMPrCi5DA0kuIeZGjoE7FPGqETW.jpg</fanart>
</item>
<item>
	<title>Oz the Great and Powerful (2013)</title>
	<meta>
		<content>movie</content>
		<imdb>tt1623205</imdb>
		<title>Oz the Great and Powerful</title>
		<year>2013</year>
	</meta>
	<link>
		<sublink>searchhd</sublink>
		<sublink>searchsd</sublink>
	</link>
	<thumbnail>https://image.tmdb.org/t/p/w1280/7qzLIcYR7ev7iXngY8NKHBZHwwT.jpg</thumbnail>
	<fanart>https://image.tmdb.org/t/p/w1280/4jv4TsBccZt60ltlPYmL8vaG8cu.jpg</fanart>
</item>
<item>
	<title>Pacific Rim (2013)</title>
	<meta>
		<content>movie</content>
		<imdb>tt1663662</imdb>
		<title>Pacific Rim</title>
		<year>2013</year>
	</meta>
	<link>
		<sublink>searchhd</sublink>
		<sublink>searchsd</sublink>
	</link>
	<thumbnail>https://image.tmdb.org/t/p/w1280/sCJEwEShZvruTpQ2a4yiX3Q9EyZ.jpg</thumbnail>
	<fanart>https://image.tmdb.org/t/p/w1280/iB0RsWVoOXzicPi2Yy5xmTYMbho.jpg</fanart>
</item>
<item>
	<title>Pain & Gain (2013)</title>
	<meta>
		<content>movie</content>
		<imdb>tt1980209</imdb>
		<title>Pain & Gain</title>
		<year>2013</year>
	</meta>
	<link>
		<sublink>searchhd</sublink>
		<sublink>searchsd</sublink>
	</link>
	<thumbnail>https://image.tmdb.org/t/p/w1280/mFaT4CfHGlRXAWe8qS7IJHwZgeb.jpg</thumbnail>
	<fanart>https://image.tmdb.org/t/p/w1280/uWREpRwvl2AYqKNmrubGgE68gnC.jpg</fanart>
</item>
<item>
	<title>Parkland (2013)</title>
	<meta>
		<content>movie</content>
		<imdb>tt2345112</imdb>
		<title>Parkland</title>
		<year>2013</year>
	</meta>
	<link>
		<sublink>searchhd</sublink>
		<sublink>searchsd</sublink>
	</link>
	<thumbnail>https://image.tmdb.org/t/p/w1280/4XnQohEzB4XwISgoJEmH7M8GcPq.jpg</thumbnail>
	<fanart>https://image.tmdb.org/t/p/w1280/ytU5qFmKYIDhWg8mnJxh1V603Rj.jpg</fanart>
</item>
<item>
	<title>Passengers (I) (2016)</title>
	<meta>
		<content>movie</content>
		<imdb>tt1355644</imdb>
		<title>Passengers</title>
		<year>I 2016</year>
	</meta>
	<link>
		<sublink>searchhd</sublink>
		<sublink>searchsd</sublink>
	</link>
	<thumbnail>https://image.tmdb.org/t/p/w1280/5gJkVIVU7FDp7AfRAbPSvvdbre2.jpg</thumbnail>
	<fanart>https://image.tmdb.org/t/p/w1280/5EW4TR3fWEqpKsWysNcBMtz9Sgp.jpg</fanart>
</item>
<item>
	<title>Passion (2012)</title>
	<meta>
		<content>movie</content>
		<imdb>tt1829012</imdb>
		<title>Passion</title>
		<year>2012</year>
	</meta>
	<link>
		<sublink>searchhd</sublink>
		<sublink>searchsd</sublink>
	</link>
	<thumbnail>https://image.tmdb.org/t/p/w1280/fb4odFgekpIlFRGnW47D52Qwbky.jpg</thumbnail>
	<fanart>https://image.tmdb.org/t/p/w1280/a8VBIEbwhn7hEjIJU0vMOJibqNV.jpg</fanart>
</item>
<item>
	<title>Paycheck (2003)</title>
	<meta>
		<content>movie</content>
		<imdb>tt0338337</imdb>
		<title>Paycheck</title>
		<year>2003</year>
	</meta>
	<link>
		<sublink>searchhd</sublink>
		<sublink>searchsd</sublink>
	</link>
	<thumbnail>https://image.tmdb.org/t/p/w1280/fvp8I0d21MMbpd0Z8HMeGZXMKGU.jpg</thumbnail>
	<fanart>https://image.tmdb.org/t/p/w1280/7GyIzZImsBTAH0teL1XKG6Nz3OL.jpg</fanart>
</item>
<item>
	<title>Pearl Harbor (2001)</title>
	<meta>
		<content>movie</content>
		<imdb>tt0213149</imdb>
		<title>Pearl Harbor</title>
		<year>2001</year>
	</meta>
	<link>
		<sublink>searchhd</sublink>
		<sublink>searchsd</sublink>
	</link>
	<thumbnail>https://image.tmdb.org/t/p/w1280/gzjMpcyV1RksWonaA87DZ8wQTH0.jpg</thumbnail>
	<fanart>https://image.tmdb.org/t/p/w1280/cDctk61tUeQz4LX7tTFPknI28ea.jpg</fanart>
</item>
<item>
	<title>Pirates of the Caribbean: Dead Men Tell No Tales (2017)</title>
	<meta>
		<content>movie</content>
		<imdb>tt1790809</imdb>
		<title>Pirates of the Caribbean: Dead Men Tell No Tales</title>
		<year>2017</year>
	</meta>
	<link>
		<sublink>searchhd</sublink>
		<sublink>searchsd</sublink>
	</link>
	<thumbnail>https://image.tmdb.org/t/p/w1280/xbpSDU3p7YUGlu9Mr6Egg2Vweto.jpg</thumbnail>
	<fanart>https://image.tmdb.org/t/p/w1280/7C921eWK06n12c1miRXnYoEu5Yv.jpg</fanart>
</item>
<item>
	<title>Pirates of the Caribbean: The Curse of the Black Pearl (2003)</title>
	<meta>
		<content>movie</content>
		<imdb>tt0325980</imdb>
		<title>Pirates of the Caribbean: The Curse of the Black Pearl</title>
		<year>2003</year>
	</meta>
	<link>
		<sublink>searchhd</sublink>
		<sublink>searchsd</sublink>
	</link>
	<thumbnail>https://image.tmdb.org/t/p/w1280/tkt9xR1kNX5R9rCebASKck44si2.jpg</thumbnail>
	<fanart>https://image.tmdb.org/t/p/w1280/8AUQ7YlJJA9C8kWk8P4YNHIcFDE.jpg</fanart>
</item>
<item>
	<title>Point Break (1991)</title>
	<meta>
		<content>movie</content>
		<imdb>tt0102685</imdb>
		<title>Point Break</title>
		<year>1991</year>
	</meta>
	<link>
		<sublink>searchhd</sublink>
		<sublink>searchsd</sublink>
	</link>
	<thumbnail>https://image.tmdb.org/t/p/w1280/zAt6vprHgkQCaQ5n6qwfXd4zAcD.jpg</thumbnail>
	<fanart>https://image.tmdb.org/t/p/w1280/b6lTtyq6o4k10CEMnblFBPiaH6t.jpg</fanart>
</item>
<item>
	<title>Ging chaat goo si (1985)</title>
	<meta>
		<content>movie</content>
		<imdb>tt0089374</imdb>
		<title>Ging chaat goo si</title>
		<year>1985</year>
	</meta>
	<link>
		<sublink>searchhd</sublink>
		<sublink>searchsd</sublink>
	</link>
	<thumbnail>https://image.tmdb.org/t/p/w1280/vKQdEum0jMeCRK68eW8A1gtaQd7.jpg</thumbnail>
	<fanart>https://image.tmdb.org/t/p/w1280/s13r8sB2v0upTWZ9yeNtfPlfaPo.jpg</fanart>
</item>
<item>
	<title>Ging chaat goo si juk jaap (1988)</title>
	<meta>
		<content>movie</content>
		<imdb>tt0095403</imdb>
		<title>Ging chaat goo si juk jaap</title>
		<year>1988</year>
	</meta>
	<link>
		<sublink>searchhd</sublink>
		<sublink>searchsd</sublink>
	</link>
	<thumbnail>https://image.tmdb.org/t/p/w1280/z8h6rg9phP8oPgm9m9Tw4eeRgpf.jpg</thumbnail>
	<fanart>https://image.tmdb.org/t/p/w1280/uTf1UAK1APW0ADrE1WP0ynYXEdb.jpg</fanart>
</item>
<item>
	<title>Pompeii (I) (2014)</title>
	<meta>
		<content>movie</content>
		<imdb>tt1921064</imdb>
		<title>Pompeii</title>
		<year>I 2014</year>
	</meta>
	<link>
		<sublink>searchhd</sublink>
		<sublink>searchsd</sublink>
	</link>
	<thumbnail>https://image.tmdb.org/t/p/w1280/idiv0IxVhVSDW8cWxfprYyY5Yev.jpg</thumbnail>
	<fanart>https://image.tmdb.org/t/p/w1280/6Q4GeMo08AOJJos9BzgnutFiZTG.jpg</fanart>
</item>
<item>
	<title>Predator (1987)</title>
	<meta>
		<content>movie</content>
		<imdb>tt0093773</imdb>
		<title>Predator</title>
		<year>1987</year>
	</meta>
	<link>
		<sublink>searchhd</sublink>
		<sublink>searchsd</sublink>
	</link>
	<thumbnail>https://image.tmdb.org/t/p/w1280/p6fhq04t75yCfE0kSTNZGQvWuQ1.jpg</thumbnail>
	<fanart>https://image.tmdb.org/t/p/w1280/ib247UzpzFwZp5XW2RZtwSHqLf0.jpg</fanart>
</item>
<item>
	<title>Pretty Woman (1990)</title>
	<meta>
		<content>movie</content>
		<imdb>tt0100405</imdb>
		<title>Pretty Woman</title>
		<year>1990</year>
	</meta>
	<link>
		<sublink>searchhd</sublink>
		<sublink>searchsd</sublink>
	</link>
	<thumbnail>https://image.tmdb.org/t/p/w1280/fgmdaCMxXClZm2ePteLzCPySB1n.jpg</thumbnail>
	<fanart>https://image.tmdb.org/t/p/w1280/fztlIPN1EAO2kFVdJhKaXjAgjhH.jpg</fanart>
</item>
<item>
	<title>Prometheus (I) (2012)</title>
	<meta>
		<content>movie</content>
		<imdb>tt1446714</imdb>
		<title>Prometheus</title>
		<year>I 2012</year>
	</meta>
	<link>
		<sublink>searchhd</sublink>
		<sublink>searchsd</sublink>
	</link>
	<thumbnail>https://image.tmdb.org/t/p/w1280/ng8ALjSDhUmwLl7vtjUWIZNQSlt.jpg</thumbnail>
	<fanart>https://image.tmdb.org/t/p/w1280/rRhoMIqgdX9wEtRUOLsqXKkH9I0.jpg</fanart>
</item>
<item>
	<title>Public Enemies (2009)</title>
	<meta>
		<content>movie</content>
		<imdb>tt1152836</imdb>
		<title>Public Enemies</title>
		<year>2009</year>
	</meta>
	<link>
		<sublink>searchhd</sublink>
		<sublink>searchsd</sublink>
	</link>
	<thumbnail>https://image.tmdb.org/t/p/w1280/qisfF7ENdmGI8fpQJoCxIIU1QhH.jpg</thumbnail>
	<fanart>https://image.tmdb.org/t/p/w1280/xwdGyVw5ELdfGMwpmN6D5Bk4THH.jpg</fanart>
</item>
<item>
	<title>Rambo (2008)</title>
	<meta>
		<content>movie</content>
		<imdb>tt0462499</imdb>
		<title>Rambo</title>
		<year>2008</year>
	</meta>
	<link>
		<sublink>searchhd</sublink>
		<sublink>searchsd</sublink>
	</link>
	<thumbnail>https://image.tmdb.org/t/p/w1280/ec1m7YgBYb4os06OSNW3QBaNYqZ.jpg</thumbnail>
	<fanart>https://image.tmdb.org/t/p/w1280/mgSMefETH89UnNWMffevxZPKDnO.jpg</fanart>
</item>
<item>
	<title>Rango (2011)</title>
	<meta>
		<content>movie</content>
		<imdb>tt1192628</imdb>
		<title>Rango</title>
		<year>2011</year>
	</meta>
	<link>
		<sublink>searchhd</sublink>
		<sublink>searchsd</sublink>
	</link>
	<thumbnail>https://image.tmdb.org/t/p/w1280/afxRbCwwKjrWgGJtsVNs1BW1Dk5.jpg</thumbnail>
	<fanart>https://image.tmdb.org/t/p/w1280/fX6o5DCdGVEEZ1OT1IourOUkQMb.jpg</fanart>
</item>
<item>
	<title>Reach Me (2014)</title>
	<meta>
		<content>movie</content>
		<imdb>tt0959306</imdb>
		<title>Reach Me</title>
		<year>2014</year>
	</meta>
	<link>
		<sublink>searchhd</sublink>
		<sublink>searchsd</sublink>
	</link>
	<thumbnail>https://image.tmdb.org/t/p/w1280/2tuVmhqGRo3QvECV5yBIMalLtmx.jpg</thumbnail>
	<fanart>https://image.tmdb.org/t/p/w1280/jH8BMePGkoIpCV7q1p34atKABUc.jpg</fanart>
</item>
<item>
	<title>Resident Evil (2002)</title>
	<meta>
		<content>movie</content>
		<imdb>tt0120804</imdb>
		<title>Resident Evil</title>
		<year>2002</year>
	</meta>
	<link>
		<sublink>searchhd</sublink>
		<sublink>searchsd</sublink>
	</link>
	<thumbnail>https://image.tmdb.org/t/p/w1280/5jdvEi57WBGuI5n2drG8FLAbYDp.jpg</thumbnail>
	<fanart>https://image.tmdb.org/t/p/w1280/s41Er80jGJf3tNkgYHxUCttjmwv.jpg</fanart>
</item>
<item>
	<title>Resident Evil: Afterlife (2010)</title>
	<meta>
		<content>movie</content>
		<imdb>tt1220634</imdb>
		<title>Resident Evil: Afterlife</title>
		<year>2010</year>
	</meta>
	<link>
		<sublink>searchhd</sublink>
		<sublink>searchsd</sublink>
	</link>
	<thumbnail>https://image.tmdb.org/t/p/w1280/szUA5nI2209cCQIv8iIP6tOw8Rf.jpg</thumbnail>
	<fanart>https://image.tmdb.org/t/p/w1280/o3P90r3owOlD86e27aC801rk4QI.jpg</fanart>
</item>
<item>
	<title>Resident Evil: Apocalypse (2004)</title>
	<meta>
		<content>movie</content>
		<imdb>tt0318627</imdb>
		<title>Resident Evil: Apocalypse</title>
		<year>2004</year>
	</meta>
	<link>
		<sublink>searchhd</sublink>
		<sublink>searchsd</sublink>
	</link>
	<thumbnail>https://image.tmdb.org/t/p/w1280/zJFZUe1TgvUevJwg2gmSPBbvutF.jpg</thumbnail>
	<fanart>https://image.tmdb.org/t/p/w1280/HiQeRDggI5EYLawYNHRJvB026S.jpg</fanart>
</item>

<dir>
	<title>[COLOR white]Next Page >>[/COLOR]</title>
    <link>file://blams/greatm/greatesta1.xml</link>
	<thumbnail>https://image.ibb.co/gtsNjw/next.png</thumbnail>
</dir>
