<item>
<title>[COLOR=snow]Follow me on Twitter:[/COLOR] [COLOR=darkmagenta]@Daddy_Blamo[/COLOR]</title>
<heading></heading>
<thumbnail>special://home/addons/plugin.video.chocolatesaltyballs/icon/twitter.jpg</thumbnail>
</item>

<item>
<title>[COLOR=darkmagenta]Some Links Require Pairing or Real Debrid:[/COLOR]</title>
<heading></heading>
</item>

<plugin>
	<name>[COLOR darkmagenta]Pair and Auth RD[/COLOR]</name>
   <link>plugin://script.69DeathPair</link>
   <thumbnail>special://home/addons/plugin.video.chocolatesaltyballs/icon/pair.png</thumbnail>
   <fanart>https://ia601509.us.archive.org/25/items/fanart_20180611/fanart.jpg</fanart>
</plugin>

<item>
    <title>Settings</title>
    <mysettings>0/0</mysettings>
    <thumbnail>special://home/addons/plugin.video.chocolatesaltyballs/icon/settings.png</thumbnail>
    <info>Open the Settings for the addon</info>
</item>

<dir>
    <name>[COLOR darkmagenta]Blamo's Collection[/COLOR] [COLOR orange](Direct Links)[/COLOR]</name>
    <link>file://blams/oneclick.xml</link>
    <thumbnail>special://home/addons/plugin.video.chocolatesaltyballs/icon/blamoco.jpg</thumbnail>
</dir>

<dir>
	<title>[COLOR=darkmagenta]CopyKatz[/COLOR]</title>
	<link>file://blams/cpastas.xml</link>
	<thumbnail>special://home/addons/plugin.video.chocolatesaltyballs/icon/copycat.jpg</thumbnail>
</dir>

<dir>
	<title>[COLOR=darkmagenta]Action Movies[/COLOR]</title>
	<link>file://blams/greatm/greatesta.xml</link>
	<thumbnail>special://home/addons/plugin.video.chocolatesaltyballs/icon/copycat.jpg</thumbnail>
</dir>

<dir>
    <name>[COLOR darkmagenta]Real Debrid[/COLOR] [COLOR orange]Movies[/COLOR]</name>
    <link>file://blams/realdebrid.xml</link>
    <thumbnail>special://home/addons/plugin.video.chocolatesaltyballs/icon/realdebrid.jpg</thumbnail>
</dir>

<dir>
    <name>[COLOR orange]Adult Toons[/COLOR] [COLOR red]Scrapers[/COLOR]</name>
    <link>file://adulttoon/adulttoon.xml</link>
   <thumbnail>special://home/addons/plugin.video.chocolatesaltyballs/icon/adults.jpg</thumbnail>
</dir>

<dir>
    <name>[COLOR orange]Kids Toons[/COLOR] [COLOR red]Scrapers[/COLOR]</name>
    <link>file://kidstoon/kidtoon.xml</link>
   <thumbnail>special://home/addons/plugin.video.chocolatesaltyballs/icon/kids.jpg</thumbnail>
</dir>

<dir>
<name>[COLOR darkmagenta]Swift Streamz[/COLOR]</name>
<link>plugin://script.module.swiftstreamz</link>
<thumbnail>special://home/addons/script.module.swiftstreamz/icon.png</thumbnail>
<summary>Swift Streamz</summary>
</dir>

<dir>
<title>[COLOR orange]24/7 TV Shows[/COLOR]</title>
<arconaitv2>shows</arconaitv2>
<thumbnail>special://home/addons/plugin.video.chocolatesaltyballs/icon/24shows.jpg</thumbnail>
</dir>

<dir>
    <title>[COLOR white]Latest Release Cartoons[/COLOR]</title>
    <wctoon>wcdaily-updates</wctoon>
</dir>

<dir>
    <title>[COLOR white]Popular Series[/COLOR]</title>
    <wctoon>popular-list</wctoon>
</dir>

<dir>
<title>[COLOR white]Search[/COLOR]</title>
<tmdb>search</tmdb>
<thumbnail>special://home/addons/plugin.video.chocolatesaltyballs/icon/search.png</thumbnail>
</dir>

<dir>
    <title>[COLOR red]Trakt Portal[/COLOR]</title>
    <link>file://blams/traktportal.xml</link>
    <thumbnail>special://home/addons/plugin.video.chocolatesaltyballs/icon/trakt-logo.png</thumbnail>
    <fanart>special://home/addons/plugin.video.chocolatesaltyballs/fanart.jpg</fanart>
</dir>

<dir>
    <name>[COLOR blue]Music[/COLOR]</name>
    <link>file://music.xml</link>
</dir>

<dir>
    <title>[COLORlimegreen]User Requests[/COLOR]</title>
    <link>file://requests.xml</link>
    <thumbnail>special://home/addons/plugin.video.chocolatesaltyballs/icon.png</thumbnail>
    <fanart>special://home/addons/plugin.video.chocolatesaltyballs/fanart.jpg</fanart>
</dir>
