<dipshit>
    <wannabe>
		<item>
			<title>Eastern Promises (2007)</title>
			<meta>
				<content>movie</content>
				<imdb>tt0765443</imdb>
				<title>Eastern Promises</title>
				<year>2007</year>
			</meta>
			<link>
				<sublink>searchhd</sublink>
				<sublink>searchsd</sublink>
			</link>
			<thumbnail>https://image.tmdb.org/t/p/w1280/uQduBOXqpC4XG8qK2pMcqz1OnQY.jpg</thumbnail>
			<fanart>https://image.tmdb.org/t/p/w1280/9KX4n538DJOXrvspKK5ZJI56RPt.jpg</fanart>
		</item>
		<item>
			<title>Edge of Tomorrow (2014)</title>
			<meta>
				<content>movie</content>
				<imdb>tt1631867</imdb>
				<title>Edge of Tomorrow</title>
				<year>2014</year>
			</meta>
			<link>
				<sublink>searchhd</sublink>
				<sublink>searchsd</sublink>
			</link>
			<thumbnail>https://image.tmdb.org/t/p/w1280/tpoVEYvm6qcXueZrQYJNRLXL88s.jpg</thumbnail>
			<fanart>https://image.tmdb.org/t/p/w1280/7mgKeg18Qml5nJQa56RBZO7dIu0.jpg</fanart>
		</item>
		<item>
			<title>Elle (2016)</title>
			<meta>
				<content>movie</content>
				<imdb>tt3716530</imdb>
				<title>Elle</title>
				<year>2016</year>
			</meta>
			<link>
				<sublink>searchhd</sublink>
				<sublink>searchsd</sublink>
			</link>
			<thumbnail>https://image.tmdb.org/t/p/w1280/mJut6zysg2tQftY3Qoj21bk2Eqo.jpg</thumbnail>
			<fanart>https://image.tmdb.org/t/p/w1280/lpRqMiDCHEXcr7akOauls367NsN.jpg</fanart>
		</item>
		<item>
			<title>Elysium (2013)</title>
			<meta>
				<content>movie</content>
				<imdb>tt1535108</imdb>
				<title>Elysium</title>
				<year>2013</year>
			</meta>
			<link>
				<sublink>searchhd</sublink>
				<sublink>searchsd</sublink>
			</link>
			<thumbnail>https://image.tmdb.org/t/p/w1280/tHkjoAxmhp3Eau1h0Ir7maKMwUz.jpg</thumbnail>
			<fanart>https://image.tmdb.org/t/p/w1280/vSbjlX9y8S2hKNURHEO4GsoIOay.jpg</fanart>
		</item>
		<item>
			<title>Enemy of the State (1998)</title>
			<meta>
				<content>movie</content>
				<imdb>tt0120660</imdb>
				<title>Enemy of the State</title>
				<year>1998</year>
			</meta>
			<link>
				<sublink>searchhd</sublink>
				<sublink>searchsd</sublink>
			</link>
			<thumbnail>https://image.tmdb.org/t/p/w1280/2B0vLBo6gJbnzke4Enc77GCxKrz.jpg</thumbnail>
			<fanart>https://image.tmdb.org/t/p/w1280/5zIxXANoUCVMFu9YFhHejmnSmhY.jpg</fanart>
		</item>
		<item>
			<title>Enter the Dragon (1973)</title>
			<meta>
				<content>movie</content>
				<imdb>tt0070034</imdb>
				<title>Enter the Dragon</title>
				<year>1973</year>
			</meta>
			<link>
				<sublink>searchhd</sublink>
				<sublink>searchsd</sublink>
			</link>
			<thumbnail>https://image.tmdb.org/t/p/w1280/6C006cxfwjWYkBW4fM3xCMyr7Yg.jpg</thumbnail>
			<fanart>https://image.tmdb.org/t/p/w1280/wNm3hNJuOk117wEwuESKO8eCEAk.jpg</fanart>
		</item>
		<item>
			<title>Escape Plan (2013)</title>
			<meta>
				<content>movie</content>
				<imdb>tt1211956</imdb>
				<title>Escape Plan</title>
				<year>2013</year>
			</meta>
			<link>
				<sublink>searchhd</sublink>
				<sublink>searchsd</sublink>
			</link>
			<thumbnail>https://image.tmdb.org/t/p/w1280/j3XZwBeWgoAbVmkW3JyOme79I2e.jpg</thumbnail>
			<fanart>https://image.tmdb.org/t/p/w1280/lDmAQexExnvfKAG8fvx04ro6Ly4.jpg</fanart>
		</item>
		<item>
			<title>Evil Dead (2013)</title>
			<meta>
				<content>movie</content>
				<imdb>tt1288558</imdb>
				<title>Evil Dead</title>
				<year>2013</year>
			</meta>
			<link>
				<sublink>searchhd</sublink>
				<sublink>searchsd</sublink>
			</link>
			<thumbnail>https://image.tmdb.org/t/p/w1280/z56CMoFXOhq4zieKMsokLaiB4qE.jpg</thumbnail>
			<fanart>https://image.tmdb.org/t/p/w1280/iGXajcdwnN4B540ZQrNY1peT1gR.jpg</fanart>
		</item>
		<item>
			<title>Exodus: Gods and Kings (2014)</title>
			<meta>
				<content>movie</content>
				<imdb>tt1528100</imdb>
				<title>Exodus: Gods and Kings</title>
				<year>2014</year>
			</meta>
			<link>
				<sublink>searchhd</sublink>
				<sublink>searchsd</sublink>
			</link>
			<thumbnail>https://image.tmdb.org/t/p/w1280/ycDcPCpWM7hSdIR6tFkOzQPkve2.jpg</thumbnail>
			<fanart>https://image.tmdb.org/t/p/w1280/hOOgtrByGgWfqGTTn5VL7jkLYXJ.jpg</fanart>
		</item>
		<item>
			<title>Eyes Wide Shut (1999)</title>
			<meta>
				<content>movie</content>
				<imdb>tt0120663</imdb>
				<title>Eyes Wide Shut</title>
				<year>1999</year>
			</meta>
			<link>
				<sublink>searchhd</sublink>
				<sublink>searchsd</sublink>
			</link>
			<thumbnail>https://image.tmdb.org/t/p/w1280/zTuqPq1PBsIoG2DV9NgKPgdaoSX.jpg</thumbnail>
			<fanart>https://image.tmdb.org/t/p/w1280/nxJ05LTOxmbTKdOA7kXcnijC2K9.jpg</fanart>
		</item>
		<item>
			<title>Face/Off (1997)</title>
			<meta>
				<content>movie</content>
				<imdb>tt0119094</imdb>
				<title>Face/Off</title>
				<year>1997</year>
			</meta>
			<link>
				<sublink>searchhd</sublink>
				<sublink>searchsd</sublink>
			</link>
			<thumbnail>https://image.tmdb.org/t/p/w1280/q1i8QHiHZ1cukG5iOxai8pydmoa.jpg</thumbnail>
			<fanart>https://image.tmdb.org/t/p/w1280/kwsnFHKEkqlREvEl2RNvxGmEbFt.jpg</fanart>
		</item>
		<item>
			<title>Furious 6 (2013)</title>
			<meta>
				<content>movie</content>
				<imdb>tt1905041</imdb>
				<title>Furious 6</title>
				<year>2013</year>
			</meta>
			<link>
				<sublink>searchhd</sublink>
				<sublink>searchsd</sublink>
			</link>
			<thumbnail>https://image.tmdb.org/t/p/w1280/b9gTJKLdSbwcQRKzmqMq3dMfRwI.jpg</thumbnail>
			<fanart>https://image.tmdb.org/t/p/w1280/qjfE7SkPXpqFs8FX8rIaG6eO2aK.jpg</fanart>
		</item>
		<item>
			<title>Fifty Shades Darker (2017)</title>
			<meta>
				<content>movie</content>
				<imdb>tt4465564</imdb>
				<title>Fifty Shades Darker</title>
				<year>2017</year>
			</meta>
			<link>
				<sublink>searchhd</sublink>
				<sublink>searchsd</sublink>
			</link>
			<thumbnail>https://image.tmdb.org/t/p/w1280/aybgjbFbn6yUbsgUMnUbwc2jcWd.jpg</thumbnail>
			<fanart>https://image.tmdb.org/t/p/w1280/rXBB8F6XpHAwci2dihBCcixIHrK.jpg</fanart>
		</item>
		<item>
			<title>Fifty Shades Freed (2018)</title>
			<meta>
				<content>movie</content>
				<imdb>tt4477536</imdb>
				<title>Fifty Shades Freed</title>
				<year>2018</year>
			</meta>
			<link>
				<sublink>searchhd</sublink>
				<sublink>searchsd</sublink>
			</link>
			<thumbnail>https://image.tmdb.org/t/p/w1280/jjPJ4s3DWZZvI4vw8Xfi4Vqa1Q8.jpg</thumbnail>
			<fanart>https://image.tmdb.org/t/p/w1280/9ywA15OAiwjSTvg3cBs9B7kOCBF.jpg</fanart>
		</item>
		<item>
			<title>Fifty Shades of Grey (2015)</title>
			<meta>
				<content>movie</content>
				<imdb>tt2322441</imdb>
				<title>Fifty Shades of Grey</title>
				<year>2015</year>
			</meta>
			<link>
				<sublink>searchhd</sublink>
				<sublink>searchsd</sublink>
			</link>
			<thumbnail>https://image.tmdb.org/t/p/w1280/jV8wnk3Jgz6f7degmT3lHNGI2tK.jpg</thumbnail>
			<fanart>https://image.tmdb.org/t/p/w1280/vNO3d4Uj0Z6N0twXsDqMmGY7AOn.jpg</fanart>
		</item>
		<item>
			<title>Friend of the Family (1995)</title>
			<meta>
				<content>movie</content>
				<imdb>tt0113119</imdb>
				<title>Friend of the Family</title>
				<year>1995</year>
			</meta>
			<link>
				<sublink>searchhd</sublink>
				<sublink>searchsd</sublink>
			</link>
			<thumbnail>https://image.tmdb.org/t/p/w1280/5SwkP0gk75zBJ5i9wT114FyUR7O.jpg</thumbnail>
			<fanart>https://image.tmdb.org/t/p/w1280none</fanart>
		</item>
		<item>
			<title>From Dusk Till Dawn (1996)</title>
			<meta>
				<content>movie</content>
				<imdb>tt0116367</imdb>
				<title>From Dusk Till Dawn</title>
				<year>1996</year>
			</meta>
			<link>
				<sublink>searchhd</sublink>
				<sublink>searchsd</sublink>
			</link>
			<thumbnail>https://image.tmdb.org/t/p/w1280/ce0d4kM5KxT4x1Oq8JkSuNYevri.jpg</thumbnail>
			<fanart>https://image.tmdb.org/t/p/w1280/3kPTAFgx2BftDOexBe41k8kqSRD.jpg</fanart>
		</item>
		<item>
			<title>From Paris with Love (2010)</title>
			<meta>
				<content>movie</content>
				<imdb>tt1179034</imdb>
				<title>From Paris with Love</title>
				<year>2010</year>
			</meta>
			<link>
				<sublink>searchhd</sublink>
				<sublink>searchsd</sublink>
			</link>
			<thumbnail>https://image.tmdb.org/t/p/w1280/41yioNp9apJ7xtYDaSxqBfm1p5T.jpg</thumbnail>
			<fanart>https://image.tmdb.org/t/p/w1280/njU7eai9g5RHgyTKl8RbvQ8dys6.jpg</fanart>
		</item>
		<item>
			<title>Furious Seven (2015)</title>
			<meta>
				<content>movie</content>
				<imdb>tt2820852</imdb>
				<title>Furious Seven</title>
				<year>2015</year>
			</meta>
			<link>
				<sublink>searchhd</sublink>
				<sublink>searchsd</sublink>
			</link>
			<thumbnail>https://image.tmdb.org/t/p/w1280/dCgm7efXDmiABSdWDHBDBx2jwmn.jpg</thumbnail>
			<fanart>https://image.tmdb.org/t/p/w1280/ypyeMfKydpyuuTMdp36rMlkGDUL.jpg</fanart>
		</item>
		<item>
			<title>Fury (2014)</title>
			<meta>
				<content>movie</content>
				<imdb>tt2713180</imdb>
				<title>Fury</title>
				<year>2014</year>
			</meta>
			<link>
				<sublink>searchhd</sublink>
				<sublink>searchsd</sublink>
			</link>
			<thumbnail>https://image.tmdb.org/t/p/w1280/pfte7wdMobMF4CVHuOxyu6oqeeA.jpg</thumbnail>
			<fanart>https://image.tmdb.org/t/p/w1280/pKawqrtCBMmxarft7o1LbEynys7.jpg</fanart>
		</item>
		<item>
			<title>G.I. Jane (1997)</title>
			<meta>
				<content>movie</content>
				<imdb>tt0119173</imdb>
				<title>G.I. Jane</title>
				<year>1997</year>
			</meta>
			<link>
				<sublink>searchhd</sublink>
				<sublink>searchsd</sublink>
			</link>
			<thumbnail>https://image.tmdb.org/t/p/w1280/yf4zJg6ACAhH4fkHSdEDrBUuEyg.jpg</thumbnail>
			<fanart>https://image.tmdb.org/t/p/w1280/waL3eI0jkmFj8wqhC7fssDoDWcZ.jpg</fanart>
		</item>
		<item>
			<title>G.I. Joe: Retaliation (2013)</title>
			<meta>
				<content>movie</content>
				<imdb>tt1583421</imdb>
				<title>G.I. Joe: Retaliation</title>
				<year>2013</year>
			</meta>
			<link>
				<sublink>searchhd</sublink>
				<sublink>searchsd</sublink>
			</link>
			<thumbnail>https://image.tmdb.org/t/p/w1280/swk1AHwPvIJv8NUFM1qpFuaT642.jpg</thumbnail>
			<fanart>https://image.tmdb.org/t/p/w1280/b9OVFl48ZV2oTLzACSwBpNrCUhJ.jpg</fanart>
		</item>
		<item>
			<title>Get Carter (2000)</title>
			<meta>
				<content>movie</content>
				<imdb>tt0208988</imdb>
				<title>Get Carter</title>
				<year>2000</year>
			</meta>
			<link>
				<sublink>searchhd</sublink>
				<sublink>searchsd</sublink>
			</link>
			<thumbnail>https://image.tmdb.org/t/p/w1280/5Dv9QJNJx4cF96lDtX4KGtplNTJ.jpg</thumbnail>
			<fanart>https://image.tmdb.org/t/p/w1280/25QzBmimwYBW1cqJs3BR3tbp6jG.jpg</fanart>
		</item>
		<item>
			<title>Getaway (2013)</title>
			<meta>
				<content>movie</content>
				<imdb>tt2167202</imdb>
				<title>Getaway</title>
				<year>2013</year>
			</meta>
			<link>
				<sublink>searchhd</sublink>
				<sublink>searchsd</sublink>
			</link>
			<thumbnail>https://image.tmdb.org/t/p/w1280/5UJQhrdzxnxAumgyJMgVX9DguC6.jpg</thumbnail>
			<fanart>https://image.tmdb.org/t/p/w1280/7W7de4fdcKFPQYDlMQFfmTGP9ZI.jpg</fanart>
		</item>
		<item>
			<title>Ghost (1990)</title>
			<meta>
				<content>movie</content>
				<imdb>tt0099653</imdb>
				<title>Ghost</title>
				<year>1990</year>
			</meta>
			<link>
				<sublink>searchhd</sublink>
				<sublink>searchsd</sublink>
			</link>
			<thumbnail>https://image.tmdb.org/t/p/w1280/rtxy3cplRFPUvruZajpcoxOQ7bi.jpg</thumbnail>
			<fanart>https://image.tmdb.org/t/p/w1280/rgyMubnjg883VdJUKKwASijyAFc.jpg</fanart>
		</item>
		<item>
			<title>Ghost Recon: Alpha (2012)</title>
			<meta>
				<content>movie</content>
				<imdb>tt2386231</imdb>
				<title>Ghost Recon: Alpha</title>
				<year>2012</year>
			</meta>
			<link>
				<sublink>searchhd</sublink>
				<sublink>searchsd</sublink>
			</link>
			<thumbnail>https://image.tmdb.org/t/p/w1280/jfzhuHGAC9IM8Y8X1QVE8NLUrI9.jpg</thumbnail>
			<fanart>https://image.tmdb.org/t/p/w1280/pj705PuYSTQcD2ev1tKVre5WoXr.jpg</fanart>
		</item>
		<item>
			<title>Ghostbusters (2016)</title>
			<meta>
				<content>movie</content>
				<imdb>tt1289401</imdb>
				<title>Ghostbusters</title>
				<year>2016</year>
			</meta>
			<link>
				<sublink>searchhd</sublink>
				<sublink>searchsd</sublink>
			</link>
			<thumbnail>https://image.tmdb.org/t/p/w1280/4qnJ1hsMADxzwnOmnwjZTNp0rKT.jpg</thumbnail>
			<fanart>https://image.tmdb.org/t/p/w1280/lbtG9MTb8i13KhXuyl3bmnqt7Lt.jpg</fanart>
		</item>
		<item>
			<title>Gladiator (2000)</title>
			<meta>
				<content>movie</content>
				<imdb>tt0172495</imdb>
				<title>Gladiator</title>
				<year>2000</year>
			</meta>
			<link>
				<sublink>searchhd</sublink>
				<sublink>searchsd</sublink>
			</link>
			<thumbnail>https://image.tmdb.org/t/p/w1280/6WBIzCgmDCYrqh64yDREGeDk9d3.jpg</thumbnail>
			<fanart>https://image.tmdb.org/t/p/w1280/5vZw7ltCKI0JiOYTtRxaIC3DX0e.jpg</fanart>
		</item>
		<item>
			<title>Gravity (2013)</title>
			<meta>
				<content>movie</content>
				<imdb>tt1454468</imdb>
				<title>Gravity</title>
				<year>2013</year>
			</meta>
			<link>
				<sublink>searchhd</sublink>
				<sublink>searchsd</sublink>
			</link>
			<thumbnail>https://image.tmdb.org/t/p/w1280/uPxtxhB2Fy9ihVqtBtNGHmknJqV.jpg</thumbnail>
			<fanart>https://image.tmdb.org/t/p/w1280/9aoWzwOwy9NLuSk9LkBwwrBdPYM.jpg</fanart>
		</item>
		<item>
			<title>Grudge Match (2013)</title>
			<meta>
				<content>movie</content>
				<imdb>tt1661382</imdb>
				<title>Grudge Match</title>
				<year>2013</year>
			</meta>
			<link>
				<sublink>searchhd</sublink>
				<sublink>searchsd</sublink>
			</link>
			<thumbnail>https://image.tmdb.org/t/p/w1280/hScOPtZpAxYWx2sOGcfbzYti39Z.jpg</thumbnail>
			<fanart>https://image.tmdb.org/t/p/w1280/yJAicZoLQoVhY2rQGmUdcTP3pdw.jpg</fanart>
		</item>
		<item>
			<title>Hancock (2008)</title>
			<meta>
				<content>movie</content>
				<imdb>tt0448157</imdb>
				<title>Hancock</title>
				<year>2008</year>
			</meta>
			<link>
				<sublink>searchhd</sublink>
				<sublink>searchsd</sublink>
			</link>
			<thumbnail>https://image.tmdb.org/t/p/w1280/dsCxSr4w3g2ylhlZg3v5CB5Pid7.jpg</thumbnail>
			<fanart>https://image.tmdb.org/t/p/w1280/x9a4Q6Qlgh9Fk1f5z6K4r5OeLd9.jpg</fanart>
		</item>
		<item>
			<title>Hard Target (1993)</title>
			<meta>
				<content>movie</content>
				<imdb>tt0107076</imdb>
				<title>Hard Target</title>
				<year>1993</year>
			</meta>
			<link>
				<sublink>searchhd</sublink>
				<sublink>searchsd</sublink>
			</link>
			<thumbnail>https://image.tmdb.org/t/p/w1280/6WEu60V7EzncuFJSVmGJzhFvs4I.jpg</thumbnail>
			<fanart>https://image.tmdb.org/t/p/w1280/6r1nGcCP1gzlorSJgtmm5W434rw.jpg</fanart>
		</item>
		<item>
			<title>Heat (1995)</title>
			<meta>
				<content>movie</content>
				<imdb>tt0113277</imdb>
				<title>Heat</title>
				<year>1995</year>
			</meta>
			<link>
				<sublink>searchhd</sublink>
				<sublink>searchsd</sublink>
			</link>
			<thumbnail>https://image.tmdb.org/t/p/w1280/zMyfPUelumio3tiDKPffaUpsQTD.jpg</thumbnail>
			<fanart>https://image.tmdb.org/t/p/w1280/jMzVSwQp1lLVq9fnQQ4yOjr1YZ2.jpg</fanart>
		</item>
		<item>
			<title>Hours (2013)</title>
			<meta>
				<content>movie</content>
				<imdb>tt2094018</imdb>
				<title>Hours</title>
				<year>2013</year>
			</meta>
			<link>
				<sublink>searchhd</sublink>
				<sublink>searchsd</sublink>
			</link>
			<thumbnail>https://image.tmdb.org/t/p/w1280/8KEuqkOmxvtR4rLynkvBhpaNMfM.jpg</thumbnail>
			<fanart>https://image.tmdb.org/t/p/w1280/qlAll8FyQD6E2PSkZ3ID90YFxs1.jpg</fanart>
		</item>
	</wannabe>
</dipshit>