<dipshit>
	<wannabe>
		<item>
			<title>13 Hours (2016)</title>
			<meta>
				<content>movie</content>
				<imdb>tt4172430</imdb>
				<title>13 Hours</title>
				<year>2016</year>
			</meta>
			<link>
				<sublink>searchhd</sublink>
				<sublink>searchsd</sublink>
			</link>
			<thumbnail>https://image.tmdb.org/t/p/w1280/4gpW4MkRI0BB17GHOJzXq0WamDP.jpg</thumbnail>
			<fanart>https://image.tmdb.org/t/p/w1280/cVIb8GGPzASoN9j9z1jIJD942oJ.jpg</fanart>
		</item>
		<item>
			<title>2 Guns (2013)</title>
			<meta>
				<content>movie</content>
				<imdb>tt1272878</imdb>
				<title>2 Guns</title>
				<year>2013</year>
			</meta>
			<link>
				<sublink>searchhd</sublink>
				<sublink>searchsd</sublink>
			</link>
			<thumbnail>https://image.tmdb.org/t/p/w1280/30lM3Uvzs6HOG5l4hzhwxYTWgd3.jpg</thumbnail>
			<fanart>https://image.tmdb.org/t/p/w1280/wZsX7160l5feO646shRx3liMutx.jpg</fanart>
		</item>
		<item>
			<title>3 Days to Kill (2014)</title>
			<meta>
				<content>movie</content>
				<imdb>tt2172934</imdb>
				<title>3 Days to Kill</title>
				<year>2014</year>
			</meta>
			<link>
				<sublink>searchhd</sublink>
				<sublink>searchsd</sublink>
			</link>
			<thumbnail>https://image.tmdb.org/t/p/w1280/x32ZavIG7P35e3yzmaqwg46SAjx.jpg</thumbnail>
			<fanart>https://image.tmdb.org/t/p/w1280/hMuPjDgT3MyZkGpST4vky8t0m6h.jpg</fanart>
		</item>
		<item>
			<title>A Few Good Men (1992)</title>
			<meta>
				<content>movie</content>
				<imdb>tt0104257</imdb>
				<title>A Few Good Men</title>
				<year>1992</year>
			</meta>
			<link>
				<sublink>searchhd</sublink>
				<sublink>searchsd</sublink>
			</link>
			<thumbnail>https://image.tmdb.org/t/p/w1280/WgWLwk55YaXFZdlMnPJTKlxGcz.jpg</thumbnail>
			<fanart>https://image.tmdb.org/t/p/w1280/ynNzKnXWQ2Gs1okPNAsBTUn1eLZ.jpg</fanart>
		</item>
		<item>
			<title>A History of Violence (2005)</title>
			<meta>
				<content>movie</content>
				<imdb>tt0399146</imdb>
				<title>A History of Violence</title>
				<year>2005</year>
			</meta>
			<link>
				<sublink>searchhd</sublink>
				<sublink>searchsd</sublink>
			</link>
			<thumbnail>https://image.tmdb.org/t/p/w1280/mz1qCHXxTUJm2AqOdW3IIpwYdo3.jpg</thumbnail>
			<fanart>https://image.tmdb.org/t/p/w1280/8rbvmhGmUqEjLmo2mDycTazEaAc.jpg</fanart>
		</item>
		<item>
			<title>A Time to Kill (1996)</title>
			<meta>
				<content>movie</content>
				<imdb>tt0117913</imdb>
				<title>A Time to Kill</title>
				<year>1996</year>
			</meta>
			<link>
				<sublink>searchhd</sublink>
				<sublink>searchsd</sublink>
			</link>
			<thumbnail>https://image.tmdb.org/t/p/w1280/1q2kU8NMGO446b0QAvVdY2v778x.jpg</thumbnail>
			<fanart>https://image.tmdb.org/t/p/w1280/eTRN3FFppNiXJo0GucyHMSryFjB.jpg</fanart>
		</item>
		<item>
			<title>After Earth (2013)</title>
			<meta>
				<content>movie</content>
				<imdb>tt1815862</imdb>
				<title>After Earth</title>
				<year>2013</year>
			</meta>
			<link>
				<sublink>searchhd</sublink>
				<sublink>searchsd</sublink>
			</link>
			<thumbnail>https://image.tmdb.org/t/p/w1280/d0vReo0jcMhBjCLYZAFqWHcb7Lj.jpg</thumbnail>
			<fanart>https://image.tmdb.org/t/p/w1280/79sgOV7YZk846qwy7g5sarYN08O.jpg</fanart>
		</item>
		<item>
			<title>Aloha (2015)</title>
			<meta>
				<content>movie</content>
				<imdb>tt1243974</imdb>
				<title>Aloha</title>
				<year>I 2015</year>
			</meta>
			<link>
				<sublink>searchhd</sublink>
				<sublink>searchsd</sublink>
			</link>
			<thumbnail>https://image.tmdb.org/t/p/w1280/4Q0rnkCsQ9GhdnR66Bqjvav2Q1x.jpg</thumbnail>
			<fanart>https://image.tmdb.org/t/p/w1280/o8KUFmZlAmi4dgbNxyVf5PH0GL3.jpg</fanart>
		</item>
		<item>
			<title>American Gangster (2007)</title>
			<meta>
				<content>movie</content>
				<imdb>tt0765429</imdb>
				<title>American Gangster</title>
				<year>2007</year>
			</meta>
			<link>
				<sublink>searchhd</sublink>
				<sublink>searchsd</sublink>
			</link>
			<thumbnail>https://image.tmdb.org/t/p/w1280/uDSP5H5akJ85xMGSHRtaqHGBRLD.jpg</thumbnail>
			<fanart>https://image.tmdb.org/t/p/w1280/uSWzHRan14Kxe7AgbA43CSN1fXw.jpg</fanart>
		</item>
		<item>
			<title>Angel-A (2005)</title>
			<meta>
				<content>movie</content>
				<imdb>tt0473753</imdb>
				<title>Angel-A</title>
				<year>2005</year>
			</meta>
			<link>
				<sublink>searchhd</sublink>
				<sublink>searchsd</sublink>
			</link>
			<thumbnail>https://image.tmdb.org/t/p/w1280/ojUGHGfroGRwW7jO0727txepQbC.jpg</thumbnail>
			<fanart>https://image.tmdb.org/t/p/w1280/d5K3tXg22EONfYq4NodtjpOB8cO.jpg</fanart>
		</item>
		<item>
			<title>Any Given Sunday (1999)</title>
			<meta>
				<content>movie</content>
				<imdb>tt0146838</imdb>
				<title>Any Given Sunday</title>
				<year>1999</year>
			</meta>
			<link>
				<sublink>searchhd</sublink>
				<sublink>searchsd</sublink>
			</link>
			<thumbnail>https://image.tmdb.org/t/p/w1280/ofxxBtOoNRQD9yuiVIEo8sbsqkK.jpg</thumbnail>
			<fanart>https://image.tmdb.org/t/p/w1280/2xQVXJrANGTaaoOn9g2IDQmBhJB.jpg</fanart>
		</item>
		<item>
			<title>Armageddon (1998)</title>
			<meta>
				<content>movie</content>
				<imdb>tt0120591</imdb>
				<title>Armageddon</title>
				<year>1998</year>
			</meta>
			<link>
				<sublink>searchhd</sublink>
				<sublink>searchsd</sublink>
			</link>
			<thumbnail>https://image.tmdb.org/t/p/w1280/coINnuCzcw5FMHBty8hcudMOBnO.jpg</thumbnail>
			<fanart>https://image.tmdb.org/t/p/w1280/lI3qV4kiSg0BvE6gelzV0tPAoFK.jpg</fanart>
		</item>
		<item>
			<title>Assassin's Creed (2016)</title>
			<meta>
				<content>movie</content>
				<imdb>tt2094766</imdb>
				<title>Assassin's Creed</title>
				<year>2016</year>
			</meta>
			<link>
				<sublink>searchhd</sublink>
				<sublink>searchsd</sublink>
			</link>
			<thumbnail>https://image.tmdb.org/t/p/w1280/tIKFBxBZhSXpIITiiB5Ws8VGXjt.jpg</thumbnail>
			<fanart>https://image.tmdb.org/t/p/w1280/r8aRipzR4wlDx0m7Bpi43Q84imc.jpg</fanart>
		</item>
		<item>
			<title>Assassins (1995)</title>
			<meta>
				<content>movie</content>
				<imdb>tt0112401</imdb>
				<title>Assassins</title>
				<year>1995</year>
			</meta>
			<link>
				<sublink>searchhd</sublink>
				<sublink>searchsd</sublink>
			</link>
			<thumbnail>https://image.tmdb.org/t/p/w1280/xAx5MP7Dg4y85pyS7atX6eWk4Qd.jpg</thumbnail>
			<fanart>https://image.tmdb.org/t/p/w1280/5OGlGPKphapyntNprVaoxF04Ccm.jpg</fanart>
		</item>
		<item>
			<title>Avengers: Age of Ultron (2015)</title>
			<meta>
				<content>movie</content>
				<imdb>tt2395427</imdb>
				<title>Avengers: Age of Ultron</title>
				<year>2015</year>
			</meta>
			<link>
				<sublink>searchhd</sublink>
				<sublink>searchsd</sublink>
			</link>
			<thumbnail>https://image.tmdb.org/t/p/w1280/t90Y3G8UGQp0f0DrP60wRu9gfrH.jpg</thumbnail>
			<fanart>https://image.tmdb.org/t/p/w1280/rFtsE7Lhlc2jRWF7SRAU0fvrveQ.jpg</fanart>
		</item>
		<item>
			<title>Bandidas (2006)</title>
			<meta>
				<content>movie</content>
				<imdb>tt0416496</imdb>
				<title>Bandidas</title>
				<year>2006</year>
			</meta>
			<link>
				<sublink>searchhd</sublink>
				<sublink>searchsd</sublink>
			</link>
			<thumbnail>https://image.tmdb.org/t/p/w1280/6WnSdouYhXDowg9NrKY2fSV5o1W.jpg</thumbnail>
			<fanart>https://image.tmdb.org/t/p/w1280/q0eS323TqNtxPqYpgtRa2X9G9xx.jpg</fanart>
		</item>
		<item>
			<title>Batman v Superman: Dawn of Justice (2016)</title>
			<meta>
				<content>movie</content>
				<imdb>tt2975590</imdb>
				<title>Batman v Superman: Dawn of Justice</title>
				<year>2016</year>
			</meta>
			<link>
				<sublink>searchhd</sublink>
				<sublink>searchsd</sublink>
			</link>
			<thumbnail>https://image.tmdb.org/t/p/w1280/cGOPbv9wA5gEejkUN892JrveARt.jpg</thumbnail>
			<fanart>https://image.tmdb.org/t/p/w1280/vsjBeMPZtyB7yNsYY56XYxifaQZ.jpg</fanart>
		</item>
		<item>
			<title>Beat the Devil (2002)</title>
			<meta>
				<content>movie</content>
				<imdb>tt0338768</imdb>
				<title>Beat the Devil</title>
				<year>2002</year>
			</meta>
			<link>
				<sublink>searchhd</sublink>
				<sublink>searchsd</sublink>
			</link>
			<thumbnail>https://image.tmdb.org/t/p/w1280/f21Cf12xkwVaA89IUjfD1k8RxeD.jpg</thumbnail>
			<fanart>https://image.tmdb.org/t/p/w1280none</fanart>
		</item>
		<item>
			<title>Beauty and the Beast (2017)</title>
			<meta>
				<content>movie</content>
				<imdb>tt2771200</imdb>
				<title>Beauty and the Beast</title>
				<year>2017</year>
			</meta>
			<link>
				<sublink>searchhd</sublink>
				<sublink>searchsd</sublink>
			</link>
			<thumbnail>https://image.tmdb.org/t/p/w1280/tWqifoYuwLETmmasnGHO7xBjEtt.jpg</thumbnail>
			<fanart>https://image.tmdb.org/t/p/w1280/6aUWe0GSl69wMTSWWexsorMIvwU.jpg</fanart>
		</item>
		<item>
			<title>Before Midnight (2013)</title>
			<meta>
				<content>movie</content>
				<imdb>tt2209418</imdb>
				<title>Before Midnight</title>
				<year>2013</year>
			</meta>
			<link>
				<sublink>searchhd</sublink>
				<sublink>searchsd</sublink>
			</link>
			<thumbnail>https://image.tmdb.org/t/p/w1280/uDdobcCBfPObD2pqDSTjXxELt3c.jpg</thumbnail>
			<fanart>https://image.tmdb.org/t/p/w1280/gXJXJiQtvm0JsSMybsaEQaiQKlq.jpg</fanart>
		</item>
		<item>
			<title>Ben-Hur (2016)</title>
			<meta>
				<content>movie</content>
				<imdb>tt2638144</imdb>
				<title>Ben-Hur</title>
				<year>2016</year>
			</meta>
			<link>
				<sublink>searchhd</sublink>
				<sublink>searchsd</sublink>
			</link>
			<thumbnail>https://image.tmdb.org/t/p/w1280/gq6wTEw3ViZr4n4vL1dBlRBVjBc.jpg</thumbnail>
			<fanart>https://image.tmdb.org/t/p/w1280/ceJWH2bq7voYYWNNDtkBQ4oGXFQ.jpg</fanart>
		</item>
		<item>
			<title>Beverly Hills Cop II (1987)</title>
			<meta>
				<content>movie</content>
				<imdb>tt0092644</imdb>
				<title>Beverly Hills Cop II</title>
				<year>1987</year>
			</meta>
			<link>
				<sublink>searchhd</sublink>
				<sublink>searchsd</sublink>
			</link>
			<thumbnail>https://image.tmdb.org/t/p/w1280/2y1z1baxKT0coTTRlnkI6McnR9f.jpg</thumbnail>
			<fanart>https://image.tmdb.org/t/p/w1280/mXenFohxCO4jQ0e1bJf4e9gebxL.jpg</fanart>
		</item>
		<item>
			<title>Black Hawk Down (2001)</title>
			<meta>
				<content>movie</content>
				<imdb>tt0265086</imdb>
				<title>Black Hawk Down</title>
				<year>2001</year>
			</meta>
			<link>
				<sublink>searchhd</sublink>
				<sublink>searchsd</sublink>
			</link>
			<thumbnail>https://image.tmdb.org/t/p/w1280/yUzQ4r3q1Dy0bUAkMvUIwf0rPpR.jpg</thumbnail>
			<fanart>https://image.tmdb.org/t/p/w1280/7u2p0VxnhVMHzfSnxiwz5iD3EP7.jpg</fanart>
		</item>
		<item>
			<title>Black Mass (2015)</title>
			<meta>
				<content>movie</content>
				<imdb>tt1355683</imdb>
				<title>Black Mass</title>
				<year>2015</year>
			</meta>
			<link>
				<sublink>searchhd</sublink>
				<sublink>searchsd</sublink>
			</link>
			<thumbnail>https://image.tmdb.org/t/p/w1280/yIVnNriiyl522hk3LFLJrrMovhP.jpg</thumbnail>
			<fanart>https://image.tmdb.org/t/p/w1280/fop31RWFi9sVL0xK5hAJGh7Fwkz.jpg</fanart>
		</item>
		<item>
			<title>Black Rain (1989)</title>
			<meta>
				<content>movie</content>
				<imdb>tt0096933</imdb>
				<title>Black Rain</title>
				<year>1989</year>
			</meta>
			<link>
				<sublink>searchhd</sublink>
				<sublink>searchsd</sublink>
			</link>
			<thumbnail>https://image.tmdb.org/t/p/w1280/dmMIMuByEbzE0x73gjc9YcDjjlx.jpg</thumbnail>
			<fanart>https://image.tmdb.org/t/p/w1280/558Cx8MdKgU4iDnLETYs6qkTGBt.jpg</fanart>
		</item>
		<item>
			<title>Blackhat (2015)</title>
			<meta>
				<content>movie</content>
				<imdb>tt2717822</imdb>
				<title>Blackhat</title>
				<year>2015</year>
			</meta>
			<link>
				<sublink>searchhd</sublink>
				<sublink>searchsd</sublink>
			</link>
			<thumbnail>https://image.tmdb.org/t/p/w1280/sW3VEsulmxMlOmQwm0h7H7lZROi.jpg</thumbnail>
			<fanart>https://image.tmdb.org/t/p/w1280/biw5Nn85iBZZd8GWYO9XXH56VK2.jpg</fanart>
		</item>
		<item>
			<title>Blackjack (1998)</title>
			<meta>
				<content>movie</content>
				<imdb>tt0126816</imdb>
				<title>Blackjack</title>
				<year>1998</year>
			</meta>
			<link>
				<sublink>searchhd</sublink>
				<sublink>searchsd</sublink>
			</link>
			<thumbnail>https://image.tmdb.org/t/p/w1280/2xctWgwfmg9kgiki1F8rLUSdQ5d.jpg</thumbnail>
			<fanart>https://image.tmdb.org/t/p/w1280/hDAQqoEnetpEZq24GI3XRr67Vi2.jpg</fanart>
		</item>
		<item>
			<title>Bloodsport (1988)</title>
			<meta>
				<content>movie</content>
				<imdb>tt0092675</imdb>
				<title>Bloodsport</title>
				<year>1988</year>
			</meta>
			<link>
				<sublink>searchhd</sublink>
				<sublink>searchsd</sublink>
			</link>
			<thumbnail>https://image.tmdb.org/t/p/w1280/E4d48dFICxN1tcGywt1p5zBHYJ.jpg</thumbnail>
			<fanart>https://image.tmdb.org/t/p/w1280/5xrZTFHhAdlg0WtjkkGDqf4Knck.jpg</fanart>
		</item>
		<item>
			<title>Body of Lies (2008)</title>
			<meta>
				<content>movie</content>
				<imdb>tt0758774</imdb>
				<title>Body of Lies</title>
				<year>2008</year>
			</meta>
			<link>
				<sublink>searchhd</sublink>
				<sublink>searchsd</sublink>
			</link>
			<thumbnail>https://image.tmdb.org/t/p/w1280/ngQAEKZVpT0SD9i98ApEgsQKC52.jpg</thumbnail>
			<fanart>https://image.tmdb.org/t/p/w1280/8NKlqvUJ5IHk58KhM3Vwqp588jU.jpg</fanart>
		</item>
		<item>
			<title>Brick Mansions (2014)</title>
			<meta>
				<content>movie</content>
				<imdb>tt1430612</imdb>
				<title>Brick Mansions</title>
				<year>2014</year>
			</meta>
			<link>
				<sublink>searchhd</sublink>
				<sublink>searchsd</sublink>
			</link>
			<thumbnail>https://image.tmdb.org/t/p/w1280/v6M79FGu0G9KSR7bvXL76NbwyqC.jpg</thumbnail>
			<fanart>https://image.tmdb.org/t/p/w1280/cmVWRQn2zKPL7NEViKkWOepLM6s.jpg</fanart>
		</item>
		<item>
			<title>Broken Arrow (1996)</title>
			<meta>
				<content>movie</content>
				<imdb>tt0115759</imdb>
				<title>Broken Arrow</title>
				<year>1996</year>
			</meta>
			<link>
				<sublink>searchhd</sublink>
				<sublink>searchsd</sublink>
			</link>
			<thumbnail>https://image.tmdb.org/t/p/w1280/avqUG5RYB93rwSUNL5r16Vtbc9g.jpg</thumbnail>
			<fanart>https://image.tmdb.org/t/p/w1280/pi0Z4gmbvwl6j7tKbwMj8elSzzT.jpg</fanart>
		</item>
		<item>
			<title>Bullet to the Head (2012)</title>
			<meta>
				<content>movie</content>
				<imdb>tt1308729</imdb>
				<title>Bullet to the Head</title>
				<year>2012</year>
			</meta>
			<link>
				<sublink>searchhd</sublink>
				<sublink>searchsd</sublink>
			</link>
			<thumbnail>https://image.tmdb.org/t/p/w1280/in6KZhkj6UCpXhjVm00VzdisHyf.jpg</thumbnail>
			<fanart>https://image.tmdb.org/t/p/w1280/9viReI7LM6RV9UxsgLsO5XO0hFi.jpg</fanart>
		</item>
		<item>
			<title>Butch Cassidy and the Sundance Kid (1969)</title>
			<meta>
				<content>movie</content>
				<imdb>tt0064115</imdb>
				<title>Butch Cassidy and the Sundance Kid</title>
				<year>1969</year>
			</meta>
			<link>
				<sublink>searchhd</sublink>
				<sublink>searchsd</sublink>
			</link>
			<thumbnail>https://image.tmdb.org/t/p/w1280/khLTBO6uAaJJGh1LDqmHZlnKwsP.jpg</thumbnail>
			<fanart>https://image.tmdb.org/t/p/w1280/9l71hJurR6cGqyCnleKod5Dlg5L.jpg</fanart>
		</item>
		<item>
			<title>Carol (2015)</title>
			<meta>
				<content>movie</content>
				<imdb>tt2402927</imdb>
				<title>Carol</title>
				<year>2015</year>
			</meta>
			<link>
				<sublink>searchhd</sublink>
				<sublink>searchsd</sublink>
			</link>
			<thumbnail>https://image.tmdb.org/t/p/w1280/2vLRjvAjXDaqU8niiZxP7IilHiD.jpg</thumbnail>
			<fanart>https://image.tmdb.org/t/p/w1280/knczzNAjBXzSYkeWxoT1u9VNmjR.jpg</fanart>
		</item>
		<item>
			<title>Casino Royale (2006)</title>
			<meta>
				<content>movie</content>
				<imdb>tt0381061</imdb>
				<title>Casino Royale</title>
				<year>2006</year>
			</meta>
			<link>
				<sublink>searchhd</sublink>
				<sublink>searchsd</sublink>
			</link>
			<thumbnail>https://image.tmdb.org/t/p/w1280/zlWBxz2pTA9p45kUTrI8AQiKrHm.jpg</thumbnail>
			<fanart>https://image.tmdb.org/t/p/w1280/xq6hXdBpDPIXWjtmvbFmtLvBFJt.jpg</fanart>
		</item>
		<item>
			<title>Centurion (2010)</title>
			<meta>
				<content>movie</content>
				<imdb>tt1020558</imdb>
				<title>Centurion</title>
				<year>2010</year>
			</meta>
			<link>
				<sublink>searchhd</sublink>
				<sublink>searchsd</sublink>
			</link>
			<thumbnail>https://image.tmdb.org/t/p/w1280/lwQs5DNvy9RHTB0RWEScgZqPPiS.jpg</thumbnail>
			<fanart>https://image.tmdb.org/t/p/w1280/izb3iimHxLAbs439DnLHNpJsyps.jpg</fanart>
		</item>
		<item>
			<title>Certain Women (2016)</title>
			<meta>
				<content>movie</content>
				<imdb>tt4468634</imdb>
				<title>Certain Women</title>
				<year>2016</year>
			</meta>
			<link>
				<sublink>searchhd</sublink>
				<sublink>searchsd</sublink>
			</link>
			<thumbnail>https://image.tmdb.org/t/p/w1280/mjtDQ9yx0Atb8QxBGcfXNBu0EmX.jpg</thumbnail>
			<fanart>https://image.tmdb.org/t/p/w1280/RHHlHJgxkij3KihdvDiJ9sSiWW.jpg</fanart>
		</item>
		<item>
			<title>Cinderella (2015)</title>
			<meta>
				<content>movie</content>
				<imdb>tt1661199</imdb>
				<title>Cinderella</title>
				<year>2015</year>
			</meta>
			<link>
				<sublink>searchhd</sublink>
				<sublink>searchsd</sublink>
			</link>
			<thumbnail>https://image.tmdb.org/t/p/w1280/2i0JH5WqYFqki7WDhUW56Sg0obh.jpg</thumbnail>
			<fanart>https://image.tmdb.org/t/p/w1280/gkuyOdCeuKLdOlwQIUF44SHsYCq.jpg</fanart>
		</item>
		<item>
			<title>Cinderella Man (2005)</title>
			<meta>
				<content>movie</content>
				<imdb>tt0352248</imdb>
				<title>Cinderella Man</title>
				<year>2005</year>
			</meta>
			<link>
				<sublink>searchhd</sublink>
				<sublink>searchsd</sublink>
			</link>
			<thumbnail>https://image.tmdb.org/t/p/w1280/xZhumK43Z6jmwCWglh7uHcpkqdb.jpg</thumbnail>
			<fanart>https://image.tmdb.org/t/p/w1280/ozvvHdadtBYpExCwAjsNPSjV6hT.jpg</fanart>
		</item>
		<item>
			<title>Cliffhanger (1993)</title>
			<meta>
				<content>movie</content>
				<imdb>tt0106582</imdb>
				<title>Cliffhanger</title>
				<year>1993</year>
			</meta>
			<link>
				<sublink>searchhd</sublink>
				<sublink>searchsd</sublink>
			</link>
			<thumbnail>https://image.tmdb.org/t/p/w1280/8XefYka77ypAnPJvaVlfUGBBs4a.jpg</thumbnail>
			<fanart>https://image.tmdb.org/t/p/w1280/d27LVnipDWhfj5HqAOrBB2wQDUn.jpg</fanart>
		</item>
		<item>
			<title>Collateral (2004)</title>
			<meta>
				<content>movie</content>
				<imdb>tt0369339</imdb>
				<title>Collateral</title>
				<year>2004</year>
			</meta>
			<link>
				<sublink>searchhd</sublink>
				<sublink>searchsd</sublink>
			</link>
			<thumbnail>https://image.tmdb.org/t/p/w1280/fmkv2eRuYCTq7A5jzMBNgoNe1vA.jpg</thumbnail>
			<fanart>https://image.tmdb.org/t/p/w1280/whhU7492W0fcZE73r1HNhfyc5uV.jpg</fanart>
		</item>
		<item>
			<title>Collide (2016)</title>
			<meta>
				<content>movie</content>
				<imdb>tt2126235</imdb>
				<title>Collide</title>
				<year>2016</year>
			</meta>
			<link>
				<sublink>searchhd</sublink>
				<sublink>searchsd</sublink>
			</link>
			<thumbnail>https://image.tmdb.org/t/p/w1280/7WqR10HKafhzE9LXEYg0AtM4J6O.jpg</thumbnail>
			<fanart>https://image.tmdb.org/t/p/w1280/eVct9lH9AkLZ8x72Ld0xxfnwZn9.jpg</fanart>
		</item>
		<item>
			<title>Colombiana (2011)</title>
			<meta>
				<content>movie</content>
				<imdb>tt1657507</imdb>
				<title>Colombiana</title>
				<year>2011</year>
			</meta>
			<link>
				<sublink>searchhd</sublink>
				<sublink>searchsd</sublink>
			</link>
			<thumbnail>https://image.tmdb.org/t/p/w1280/tJIWuZC4ZVUJdVHXJfefUDzS2BX.jpg</thumbnail>
			<fanart>https://image.tmdb.org/t/p/w1280/uo5krr5i4q33TlHhTHI3PmpVjJu.jpg</fanart>
		</item>
		<item>
			<title>Conan the Barbarian (1982)</title>
			<meta>
				<content>movie</content>
				<imdb>tt0082198</imdb>
				<title>Conan the Barbarian</title>
				<year>1982</year>
			</meta>
			<link>
				<sublink>searchhd</sublink>
				<sublink>searchsd</sublink>
			</link>
			<thumbnail>https://image.tmdb.org/t/p/w1280/9siMCK6u0TtgDVtCJQGKRQAnAqA.jpg</thumbnail>
			<fanart>https://image.tmdb.org/t/p/w1280/nvMjK1uiIN5PDHwA6BF7ij8SUFB.jpg</fanart>
		</item>
		<item>
			<title>Concussion (2015)</title>
			<meta>
				<content>movie</content>
				<imdb>tt3322364</imdb>
				<title>Concussion</title>
				<year>2015</year>
			</meta>
			<link>
				<sublink>searchhd</sublink>
				<sublink>searchsd</sublink>
			</link>
			<thumbnail>https://image.tmdb.org/t/p/w1280/vdK1f9kpY5QEwrAiXs9R7PlerNC.jpg</thumbnail>
			<fanart>https://image.tmdb.org/t/p/w1280/vu82PVUjEaAmrxBdeH8hbx2ZBxy.jpg</fanart>
		</item>
		<item>
			<title>Constantine (2005)</title>
			<meta>
				<content>movie</content>
				<imdb>tt0360486</imdb>
				<title>Constantine</title>
				<year>2005</year>
			</meta>
			<link>
				<sublink>searchhd</sublink>
				<sublink>searchsd</sublink>
			</link>
			<thumbnail>https://image.tmdb.org/t/p/w1280/9Q6bzCQ19sJkQ9IIfT3ybf24aFL.jpg</thumbnail>
			<fanart>https://image.tmdb.org/t/p/w1280/y6UDPkSAcO08O9dmijgZ7tYw4HK.jpg</fanart>
		</item>
		<item>
			<title>Cop Land (1997)</title>
			<meta>
				<content>movie</content>
				<imdb>tt0118887</imdb>
				<title>Cop Land</title>
				<year>1997</year>
			</meta>
			<link>
				<sublink>searchhd</sublink>
				<sublink>searchsd</sublink>
			</link>
			<thumbnail>https://image.tmdb.org/t/p/w1280/th2UDVewgUAfIXFUaWGWWBxCM91.jpg</thumbnail>
			<fanart>https://image.tmdb.org/t/p/w1280/ltq1i8ienPm7OSdOXl3o8ROgmKc.jpg</fanart>
		</item>
		<item>
			<title>Crash (2004)</title>
			<meta>
				<content>movie</content>
				<imdb>tt0375679</imdb>
				<title>Crash</title>
				<year>2004</year>
			</meta>
			<link>
				<sublink>searchhd</sublink>
				<sublink>searchsd</sublink>
			</link>
			<thumbnail>https://image.tmdb.org/t/p/w1280/pG8LL4LYMCr5uikhx9rewrW8352.jpg</thumbnail>
			<fanart>https://image.tmdb.org/t/p/w1280/36fUo8iuN0pb4oEYrPuvsGp4W4P.jpg</fanart>
		</item>
		<item>
			<title>Crazy, Stupid, Love. (2011)</title>
			<meta>
				<content>movie</content>
				<imdb>tt1570728</imdb>
				<title>Crazy, Stupid, Love.</title>
				<year>2011</year>
			</meta>
			<link>
				<sublink>searchhd</sublink>
				<sublink>searchsd</sublink>
			</link>
			<thumbnail>https://image.tmdb.org/t/p/w1280/cPVdrpMuFffG44WclMDEGmIp37h.jpg</thumbnail>
			<fanart>https://image.tmdb.org/t/p/w1280/6ECnUXleS9G2O02f1b5tvZiVn3D.jpg</fanart>
		</item>
		<item>
			<title>Creed (2015)</title>
			<meta>
				<content>movie</content>
				<imdb>tt3076658</imdb>
				<title>Creed</title>
				<year>2015</year>
			</meta>
			<link>
				<sublink>searchhd</sublink>
				<sublink>searchsd</sublink>
			</link>
			<thumbnail>https://image.tmdb.org/t/p/w1280/hKzhV274pkZBSpXfCjUyzbyYKLl.jpg</thumbnail>
			<fanart>https://image.tmdb.org/t/p/w1280/fs2yhdSCzMVlNECrN84WuCkgXov.jpg</fanart>
		</item>
		<item>
			<title>Crimson Peak (2015)</title>
			<meta>
				<content>movie</content>
				<imdb>tt2554274</imdb>
				<title>Crimson Peak</title>
				<year>2015</year>
			</meta>
			<link>
				<sublink>searchhd</sublink>
				<sublink>searchsd</sublink>
			</link>
			<thumbnail>https://image.tmdb.org/t/p/w1280/pCj8zem1NDAODdtvha9WFEB6iWR.jpg</thumbnail>
			<fanart>https://image.tmdb.org/t/p/w1280/t8wLhfVbfCHbirEgDPQhiuLcFGp.jpg</fanart>
		</item>
		<item>
			<title>Crimson Tide (1995)</title>
			<meta>
				<content>movie</content>
				<imdb>tt0112740</imdb>
				<title>Crimson Tide</title>
				<year>1995</year>
			</meta>
			<link>
				<sublink>searchhd</sublink>
				<sublink>searchsd</sublink>
			</link>
			<thumbnail>https://image.tmdb.org/t/p/w1280/oDJyDX11HW4j565vUjmFagKxDTQ.jpg</thumbnail>
			<fanart>https://image.tmdb.org/t/p/w1280/27RVxku4mEr4fHW5oUu5KtSLO9D.jpg</fanart>
		</item>
		<item>
			<title>DOA: Dead or Alive (2006)</title>
			<meta>
				<content>movie</content>
				<imdb>tt0398913</imdb>
				<title>DOA: Dead or Alive</title>
				<year>2006</year>
			</meta>
			<link>
				<sublink>searchhd</sublink>
				<sublink>searchsd</sublink>
			</link>
			<thumbnail>https://image.tmdb.org/t/p/w1280/w1DbRfGKWWS3JR74q4vawHVQy5B.jpg</thumbnail>
			<fanart>https://image.tmdb.org/t/p/w1280/tBWZkKMcrWdrpkOAA84FBlzE2XK.jpg</fanart>
		</item>
		<item>
			<title>Dallas Buyers Club (2013)</title>
			<meta>
				<content>movie</content>
				<imdb>tt0790636</imdb>
				<title>Dallas Buyers Club</title>
				<year>2013</year>
			</meta>
			<link>
				<sublink>searchhd</sublink>
				<sublink>searchsd</sublink>
			</link>
			<thumbnail>https://image.tmdb.org/t/p/w1280/nxJFUxDRP9qQCiyD5sH24N5SCSu.jpg</thumbnail>
			<fanart>https://image.tmdb.org/t/p/w1280/3hGRV0xR11aUxCGAJ52F8MTxrno.jpg</fanart>
		</item>
		<item>
			<title>Days of Thunder (1990)</title>
			<meta>
				<content>movie</content>
				<imdb>tt0099371</imdb>
				<title>Days of Thunder</title>
				<year>1990</year>
			</meta>
			<link>
				<sublink>searchhd</sublink>
				<sublink>searchsd</sublink>
			</link>
			<thumbnail>https://image.tmdb.org/t/p/w1280/uNM8X7hAYXcktqePg6rfeDo6q2R.jpg</thumbnail>
			<fanart>https://image.tmdb.org/t/p/w1280/bE2MZM5QAKbcwSzcmlxvRzHJ4tj.jpg</fanart>
		</item>
		<item>
			<title>Dead Man Down (2013)</title>
			<meta>
				<content>movie</content>
				<imdb>tt2101341</imdb>
				<title>Dead Man Down</title>
				<year>2013</year>
			</meta>
			<link>
				<sublink>searchhd</sublink>
				<sublink>searchsd</sublink>
			</link>
			<thumbnail>https://image.tmdb.org/t/p/w1280/4hcWLlWTu3Saq2j24dHTKSLQSGe.jpg</thumbnail>
			<fanart>https://image.tmdb.org/t/p/w1280/gGW17YWlU1XiFnfU18nmSJbdF81.jpg</fanart>
		</item>
		<item>
			<title>Deja Vu (2006)</title>
			<meta>
				<content>movie</content>
				<imdb>tt0453467</imdb>
				<title>Deja Vu</title>
				<year>2006</year>
			</meta>
			<link>
				<sublink>searchhd</sublink>
				<sublink>searchsd</sublink>
			</link>
			<thumbnail>https://image.tmdb.org/t/p/w1280/abqvTL8xYQLgAtQGmyN7UxvCRGN.jpg</thumbnail>
			<fanart>https://image.tmdb.org/t/p/w1280/94Mb6dnCtmkqPmjFGucghp7UXda.jpg</fanart>
		</item>
		<item>
			<title>Demolition Man (1993)</title>
			<meta>
				<content>movie</content>
				<imdb>tt0106697</imdb>
				<title>Demolition Man</title>
				<year>1993</year>
			</meta>
			<link>
				<sublink>searchhd</sublink>
				<sublink>searchsd</sublink>
			</link>
			<thumbnail>https://image.tmdb.org/t/p/w1280/k0PN3Ho12cGGIVJW7SCS7apLYaP.jpg</thumbnail>
			<fanart>https://image.tmdb.org/t/p/w1280/fj6nbVd7FVENNLtusyd1U8bcUFu.jpg</fanart>
		</item>
		<item>
			<title>Desperado (1995)</title>
			<meta>
				<content>movie</content>
				<imdb>tt0112851</imdb>
				<title>Desperado</title>
				<year>1995</year>
			</meta>
			<link>
				<sublink>searchhd</sublink>
				<sublink>searchsd</sublink>
			</link>
			<thumbnail>https://image.tmdb.org/t/p/w1280/7eVo5DbP7gcsDzHcpRCTA6JAuF2.jpg</thumbnail>
			<fanart>https://image.tmdb.org/t/p/w1280/A4AXk75jTDEcbqEa4tne43WWf2l.jpg</fanart>
		</item>
		<item>
			<title>Detroit (2017)</title>
			<meta>
				<content>movie</content>
				<imdb>tt5390504</imdb>
				<title>Detroit</title>
				<year>2017</year>
			</meta>
			<link>
				<sublink>searchhd</sublink>
				<sublink>searchsd</sublink>
			</link>
			<thumbnail>https://image.tmdb.org/t/p/w1280/tmCt2hy9QoFHft3UcHwpGX2Sihl.jpg</thumbnail>
			<fanart>https://image.tmdb.org/t/p/w1280/zpkWkIXEwSErbIgOlh1NkwQ6Pyj.jpg</fanart>
		</item>
		<item>
			<title>Dracula (1992)</title>
			<meta>
				<content>movie</content>
				<imdb>tt0103874</imdb>
				<title>Dracula</title>
				<year>1992</year>
			</meta>
			<link>
				<sublink>searchhd</sublink>
				<sublink>searchsd</sublink>
			</link>
			<thumbnail>https://image.tmdb.org/t/p/w1280/ioHxm3D3JdSXR61LRhcVb8KdZOz.jpg</thumbnail>
			<fanart>https://image.tmdb.org/t/p/w1280/x4RwLFKvVm5X6zkrKRLBUkDIwuq.jpg</fanart>
		</item>
    </wannabe>
</dipshit>