<dir>
    <title>[COLOR gold]Animaniacs[/COLOR]</name>
    <link>file://kidstoon/animaniacs.xml</link>
    <thumbnail>https://i.imgur.com/ezj9yZR.jpg</thumbnail>
    <fanart>https://i.imgur.com/UiI6O3O.jpg</fanart>
</dir>

<dir>
    <title>[COLOR gold]Drawn Together[/COLOR]</name>
    <link>file://kidstoon/drawntogether.xml</link>
    <thumbnail>https://i.imgur.com/T81U6zQ.jpg</thumbnail>
    <fanart>https://i.imgur.com/UiI6O3O.jpg</fanart>
</dir>

<dir>
<title>[COLOR gold]Ren & Stimpy[/COLOR]</title>
<tmdb>list/47157</tmdb>
<thumbnail>https://i.imgur.com/CFU4i8v.jpg</thumbnail>
<fanart>https://i.imgur.com/UiI6O3O.jpg</fanart>
</dir>

<dir>
    <title>[COLOR gold]Daria[/COLOR]</name>
    <link>file://kidstoon/daria.xml</link>
    <thumbnail>https://i.imgur.com/qV2aKKJ.jpg</thumbnail>
    <fanart>https://i.imgur.com/UiI6O3O.jpg</fanart>
</dir>

<dir>
<title>[COLOR gold]Adventure Time[/COLOR]</title>
<tmdb>list/47163</tmdb>
<thumbnail>https://i.imgur.com/x9GRpli.png</thumbnail>
<fanart>https://i.imgur.com/UiI6O3O.jpg</fanart>
</dir>

<dir>
<title>[COLOR gold]Rocko's Modern Life[/COLOR]</title>
<tmdb>list/47165</tmdb>
<thumbnail>https://i.imgur.com/fvnPfTD.jpg</thumbnail>
<fanart>https://i.imgur.com/UiI6O3O.jpg</fanart>
</dir>

<dir>
    <title>[COLOR gold]Johnny Bravo[/COLOR]</name>
    <link>file://kidstoon/johnny.xml</link>
    <thumbnail>https://i.imgur.com/h5bbVHW.png</thumbnail>
    <fanart>https://i.imgur.com/UiI6O3O.jpg</fanart>
</dir>

<dir>
    <title>[COLOR gold]SpongeBob SquarePants[/COLOR]</name>
    <link>file://kidstoon/spongebob.xml</link>
    <thumbnail>https://i.imgur.com/gmkl4QH.jpg</thumbnail>
    <fanart>https://i.imgur.com/UiI6O3O.jpg</fanart>
</dir>

<dir>
<title>[COLOR gold]Courage the Cowardly Dog[/COLOR]</title>
<tmdb>list/47172</tmdb>
<thumbnail>https://i.imgur.com/i5b0hl9.jpg</thumbnail>
<fanart>https://i.imgur.com/UiI6O3O.jpg</fanart>
</dir>

<dir>
    <title>[COLOR gold]Regular Show[/COLOR]</name>
    <link>file://kidstoon/regularshow.xml</link>
    <thumbnail>https://i.imgur.com/9ywK584.jpg</thumbnail>
    <fanart>https://i.imgur.com/UiI6O3O.jpg</fanart>
</dir>

<dir>
<title>[COLOR gold]Cow and Chicken[/COLOR]</title>
<tmdb>list/47180</tmdb>
<thumbnail>https://i.imgur.com/tnoMXFE.jpg</thumbnail>
<fanart>https://i.imgur.com/UiI6O3O.jpg</fanart>
</dir>

<dir>
<title>[COLOR gold]Back at the Barnyard[/COLOR]</title>
<tmdb>list/47217</tmdb>
<thumbnail>https://i.imgur.com/DsdgTF7.jpg</thumbnail>
<fanart>https://i.imgur.com/UiI6O3O.jpg</fanart>
</dir>

<dir>
<title>[COLOR gold]Squidbillies[/COLOR]</title>
<tmdb>list/47439</tmdb>
<thumbnail>https://i.imgur.com/ANDbGtT.jpg</thumbnail>
<fanart>https://i.imgur.com/UiI6O3O.jpg</fanart>
</dir>

<dir>
    <title>[COLOR gold]Joe Cartoon[/COLOR]</title>
    <link>file://kidstoon/joecartoon.xml</link>
    <thumbnail>file://icons/joecartoon_icon.png</thumbnail>
    <fanart>file://icons/joecartoon_fanart.jpg</fanart>
</dir>

<dir>
	<title>[COLOR gold]The Batman[/COLOR]</title>
	<meta>
		<imdb/>
		<content>tvshow</content>
		<tvshowtitle>The Batman</tvshowtitle>
	</meta>
	<link>tmdb_tv_show(2022, The Batman)</link>
	<thumbnail>https://image.tmdb.org/t/p/w1280//nZE2dAtEwZJKOd9d3TXu6YwqKdt.jpg</thumbnail>
	<fanart>https://image.tmdb.org/t/p/w1280//mz3PkGK6SufT8c0MdVkGOi3vefK.jpg</fanart>
</dir>

<dir>
	<title>[COLOR gold]Tom and Jerry[/COLOR]</title>
	<meta>
		<imdb/>
		<content>tvshow</content>
		<tvshowtitle>Tom and Jerry</tvshowtitle>
	</meta>
	<link>tmdb_tv_show(3936, Tom and Jerry)</link>
	<thumbnail>https://image.tmdb.org/t/p/w1280//pVKOQsWbLEhwiCroIC1HZCVdh5Y.jpg</thumbnail>
	<fanart>https://image.tmdb.org/t/p/w1280//y6LnE2qJIZ52V5wkS0VY3NFTM92.jpg</fanart>
</dir>

<dir>
	<title>[COLOR gold]The Tom & Jerry Kids Show[/COLOR]</title>
	<meta>
		<imdb/>
		<content>tvshow</content>
		<tvshowtitle>The Tom & Jerry Kids Show</tvshowtitle>
		<year>1990</year>
	</meta>
	<link>tmdb_tv_show(4274, 1990, The Tom & Jerry Kids Show)</link>
	<thumbnail>https://image.tmdb.org/t/p/w1280//52QbFDLknISRqGEnSpOKbc2rNeo.jpg</thumbnail>
	<fanart>https://image.tmdb.org/t/p/w1280//gF5PVgAlelxYJ8GixriCLYHNOL4.jpg</fanart>
</dir>

<dir>
	<title>[COLOR gold]Rugrats[/COLOR]</title>
	<meta>
		<imdb/>
		<content>tvshow</content>
		<tvshowtitle>Rugrats</tvshowtitle>
	</meta>
	<link>tmdb_tv_show(3022, Rugrats)</link>
	<thumbnail>https://image.tmdb.org/t/p/w1280//6i62EVoyGxKjI21DS8I53nxKToG.jpg</thumbnail>
	<fanart>https://image.tmdb.org/t/p/w1280//ohS85Q5PNc3aZSED7B3AVMgsLFC.jpg</fanart>
</dir>

<dir>
	<title>[COLOR gold]DuckTales[/COLOR]</title>
	<meta>
		<imdb/>
		<content>tvshow</content>
		<tvshowtitle>DuckTales</tvshowtitle>
	</meta>
	<link>tmdb_tv_show(720, DuckTales)</link>
	<thumbnail>https://image.tmdb.org/t/p/w1280//8hj0mrk8zw6wtTQdD69PlTopY3k.jpg</thumbnail>
	<fanart>https://image.tmdb.org/t/p/w1280//1GpkNlhJDJkKPQhSbOxARecL18e.jpg</fanart>
</dir>

<dir>
	<title>[COLOR gold]DuckTales[/COLOR]</title>
	<meta>
		<imdb/>
		<content>tvshow</content>
		<tvshowtitle>DuckTales</tvshowtitle>
	</meta>
	<link>tmdb_tv_show(72350, DuckTales)</link>
	<thumbnail>https://image.tmdb.org/t/p/w1280//2THLokQ6Ce914l4b3rYvvbEPJpz.jpg</thumbnail>
	<fanart>https://image.tmdb.org/t/p/w1280//vQi8foJKdvefFdW2GuxuqKxUEt5.jpg</fanart>
</dir>

<dir>
	<title>[COLOR gold]Fullmetal Alchemist: Brotherhood[/COLOR]</title>
	<meta>
		<imdb/>
		<content>tvshow</content>
		<tvshowtitle>Fullmetal Alchemist: Brotherhood</tvshowtitle>
	</meta>
	<link>tmdb_tv_show(31911, Fullmetal Alchemist: Brotherhood)</link>
	<thumbnail>https://image.tmdb.org/t/p/w1280//ySPZ3pBaxj4XiMZEvTlyTEBF2Cc.jpg</thumbnail>
	<fanart>https://image.tmdb.org/t/p/w1280//sPJbWoqud7YSsMHRXYxYc4b07ps.jpg</fanart>
</dir>

<dir>
	<title>[COLOR gold]Paw Patrol[/COLOR]</title>
	<meta>
		<imdb/>
		<content>tvshow</content>
		<tvshowtitle>Paw Patrol</tvshowtitle>
	</meta>
	<link>tmdb_tv_show(57532, Paw Patrol)</link>
	<thumbnail>https://image.tmdb.org/t/p/w1280//vN9BE385YKPgumoyrOd8Z8yh6Nn.jpg</thumbnail>
	<fanart>https://image.tmdb.org/t/p/w1280//gV2FiYtScFdixj4FtmMjtm02i1y.jpg</fanart>
</dir>

<dir>
	<title>[COLOR gold]The Smurfs[/COLOR]</title>
	<meta>
		<imdb/>
		<content>tvshow</content>
		<tvshowtitle>The Smurfs</tvshowtitle>
	</meta>
	<link>tmdb_tv_show(5687, The Smurfs)</link>
	<thumbnail>https://image.tmdb.org/t/p/w1280//nbuUTJTShZCCNBDoTEBHknpQ0j7.jpg</thumbnail>
	<fanart>https://image.tmdb.org/t/p/w1280//okjpVG3iAw20D2xxtUAaca8YLpE.jpg</fanart>
</dir>

<dir>
	<title>[COLOR gold]Garfield and Friends[/COLOR]</title>
	<meta>
		<imdb/>
		<content>tvshow</content>
		<tvshowtitle>Garfield and Friends</tvshowtitle>
		<year>1988</year>
	</meta>
	<link>tmdb_tv_show(4606, 1988, Garfield and Friends)</link>
	<thumbnail>https://image.tmdb.org/t/p/w1280//g32SoSdyZejeRZGXwBK41Ii1b9d.jpg</thumbnail>
	<fanart>https://image.tmdb.org/t/p/w1280//cHYjtY2Gle11xSYu2CLgW4j58LZ.jpg</fanart>
</dir>

<dir>
	<title>[COLOR gold]Dexter's Laboratory[/COLOR]</title>
	<meta>
		<imdb/>
		<content>tvshow</content>
		<tvshowtitle>Dexter's Laboratory</tvshowtitle>
		<year>1996</year>
	</meta>
	<link>tmdb_tv_show(4229, 1996, Dexter's Laboratory)</link>
	<thumbnail>https://image.tmdb.org/t/p/w1280//zuCyg83BcuKUtT2EfDTLbxrOwhp.jpg</thumbnail>
	<fanart>https://image.tmdb.org/t/p/w1280//pI76Uyw14aE407UVKhdfRC1gUD0.jpg</fanart>
</dir>

<dir>
	<title>[COLOR gold]InuYasha[/COLOR]</title>
	<meta>
		<imdb/>
		<content>tvshow</content>
		<tvshowtitle>InuYasha</tvshowtitle>
	</meta>
	<link>tmdb_tv_show(35610, 2000, InuYasha)</link>
	<thumbnail>https://image.tmdb.org/t/p/w1280//nWboOfpbX2r1GwWYc9jKDRBES3X.jpg</thumbnail>
	<fanart>https://image.tmdb.org/t/p/w1280//fSohGIXGuIUr5koOYdLDgJceysu.jpg</fanart>
</dir>

<dir>
    <title>[COLOR gold]ScoobyDoo Movies & Shows[/COLOR]</name>
    <link>file://kidstoons/scoobydoo.xml</link>
    <thumbnail>https://image.tmdb.org/t/p/w1280//kGbYwGQHFoPPMu68F5jOvfuPucG.jpg</thumbnail>
    <fanart>https://image.tmdb.org/t/p/w1280//jBWrRPuIdftrxYt4tCcyktgdQIC.jpg</fanart>
</dir>

<dir>
	<title>[COLOR gold]Ed, Edd n Eddy[/COLOR]</title>
	<meta>
		<imdb/>
		<content>tvshow</content>
		<tvshowtitle>Ed, Edd n Eddy</tvshowtitle>
		<year>1999</year>
	</meta>
	<link>tmdb_tv_show(606, 1999, Ed, Edd n Eddy)</link>
	<thumbnail>https://image.tmdb.org/t/p/w1280//2J8ZqVpqEpGJMclTKzLaJCIdqqO.jpg</thumbnail>
	<fanart>https://image.tmdb.org/t/p/w1280//7xMRY5m4W6HsG7ENuESXUzEwLAk.jpg</fanart>
</dir>