<item>
	<title>[B][COLORlimegreen]Super Troopers[/COLOR][/B]</title>
	<meta>
		<imdb>tt0247745</imdb>
		<content>movie</content>
		<title>Super Troopers</title>
		<year>2001</year>
	</meta>
	<link>
		<sublink>https://openload.co/f/frZpykY-BnY/Super.Troopers.2001.1080p.BluRay.H264.AAC-RARBG.mp4</sublink>
		<sublink>https://icerbox.com/Kgb6xMmg/ZORST01.mkv</sublink>
		<sublink>https://stream112.uploadhaven.com/112/video/mp4/f6qEpHrcSM0fEQwW2G2I6t3tE6FDEe2cZ0US5QI2.mp4?k=yrAS3sW4uHoANaQu7sokow&expire=1527495183</sublink>
	</link>
	<thumbnail>https://image.tmdb.org/t/p/w1280//w8Uu4bqq21onmvQx4ZsTm7dqXwq.jpg</thumbnail>
	<fanart>https://image.tmdb.org/t/p/w1280//dyHIPT1Q2nZjsciWBuTPikYOxzA.jpg</fanart>
</item>
<item>
	<title>[B][COLORorange]Super Troopers 2[/COLOR][/B] [B][COLORlawngreen](COMING SOON)[/COLOR][/B]</title>
	<meta>
		<imdb>tt0859635</imdb>
		<content>movie</content>
		<title>Super Troopers 2</title>
		<year>2018</year>
	</meta>
	<link>
		<sublink></sublink>
	</link>
	<thumbnail>https://image.tmdb.org/t/p/w1280//81Kumk0nbZAVqRMo3Zwq00IlgRa.jpg</thumbnail>
	<fanart>https://image.tmdb.org/t/p/w1280//v9N8AxyHf9crA9Iza9fF5ntPJFj.jpg</fanart>
</item>

<item>
	<title>[B][COLORlimegreen]Gringo[/COLOR][/B]</title>
	<meta>
		<imdb>tt3721964</imdb>
		<content>movie</content>
		<title>Gringo</title>
		<year>2018</year>
	</meta>
	<link>
		<sublink>https://clicknupload.org/2nrb4ok35dxz</sublink>
		<sublink>http://nitroflare.com/view/80B9AD729A445B8/Gringo.2018.1080p.BluRay.x264-_YTS.AM_.www.RapidMovieZ.com.mp4</sublink>
		<sublink>https://openload.co/f/AMAnYu71t-g</sublink>
		<sublink>https://openload.co/f/pyGSc_Q_BOM</sublink>
	</link>
	<thumbnail>https://image.tmdb.org/t/p/w1280//dxeVPklFwng2IowqRPNI4od6aXv.jpg</thumbnail>
	<fanart>https://image.tmdb.org/t/p/w1280//1u2f04uoVGTjmThK71yDDqeQwK0.jpg</fanart>
</item>

<item>
	<title>[B][COLORorange]Solo: A Star Wars Story[/COLOR][/B][B][COLORlawngreen]MORE LINKS SOON[/COLOR][/B]</title>
	<meta>
		<imdb>tt3778644</imdb>
		<content>movie</content>
		<title>Solo: A Star Wars Story</title>
		<year>2018</year>
	</meta>
	<link>
		<sublink>http://nitroflare.com/view/A327A175C58A765/S.A.S.W.S.2018.PROPER.720p.HDCAM.ENG-1XBET.mp4</sublink>
	</link>
	<thumbnail>https://image.tmdb.org/t/p/w1280//4oD6VEccFkorEBTEDXtpLAaz0Rl.jpg</thumbnail>
	<fanart>https://image.tmdb.org/t/p/w1280//7LZ0K4FsALrt7OeNIGOVLNuKQRU.jpg</fanart>
</item>

<item>
	<title>[B][COLORlimegreen]Death Wish[/COLOR][/B]</title>
	<meta>
		<imdb>tt1137450</imdb>
		<content>movie</content>
		<title>Death Wish</title>
		<year>2018</year>
	</meta>
	<link>
		<sublink>http://79.127.127.112/sr1/mari/97/3/Death.Wish.2018.1080p.6CH.MkvCage.Tehmovies.mkv</sublink>
		<sublink>https://rapidgator.net/file/03c3c4e1b06d26d302430be198c73d3e/HD-Download.com__3660264065144.mkv</sublink>
		<sublink>https://rapidgator.net/file/c30dd4086c7e098f850c59992c4a9bab/D.W.2018.HDRip.AC3.X264-CMRG.35929.mkv</sublink>
	</link>
	<thumbnail>https://image.tmdb.org/t/p/w1280//rxPghSvLbWCUjLplxkkcPMahbsz.jpg</thumbnail>
	<fanart>https://image.tmdb.org/t/p/w1280//uQqQvmptJLPTcWDrZXn22p7j7s3.jpg</fanart>
</item>

<item>
	<title>[COLOR=white]-------------------------[/COLOR]</title>
<heading></heading>
</item>

<dir>
    <title>[B][COLORorange]Rick and Morty[/COLOR][/B]</title>
    <wctoon>wcsearch/rick and morty</wctoon>
</dir>

<dir>
    <title>[B][COLORlimegreen]Fugget About It[/COLOR][/B]</title>
    <wctoon>wcsearch/fugget about it</wctoon>
</dir>

<dir>
    <title>[B][COLORorange]The Simpsons[/COLOR][/B]</title>
    <wctoon>wcsearch/the simpsons</wctoon>
</dir>

<dir>
    <title>[B][COLORlimegreen]Camp WWE[/COLOR][/B]</title>
    <wctoon>wcsearch/camp wwe</wctoon>
</dir>

<dir>
    <title>[B][COLORorange]American Dad[/COLOR][/B]</title>
    <wctoon>wcsearch/american dad</wctoon>
</dir>

<dir>
    <title>[B][COLORlimegreen]Looney Tunes[/COLOR][/B]</title>
    <wctoon>wcsearch/looney tunes</wctoon>
</dir>

<dir>
    <title>[B][COLORorange]Johnny Bravo[/COLOR][/B]</title>
    <wctoon>wcsearch/johnny bravo</wctoon>
</dir>

<dir>
    <title>[B][COLORlimegreen]Dungeons and Dragons[/COLOR][/B]</title>
    <wctoon>wcsearch/dungeons and dragons</wctoon>
</dir>

<dir>
    <title>[B][COLORorange]Scooby Doo[/COLOR][/B]</title>
    <wctoon>wcsearch/scooby doo</wctoon>
</dir>

<dir>
    <title>[B][COLORlimegreen]Archie's Weird Mysteries[/COLOR][/B]</title>
    <wctoon>wcsearch/archies weird mysteries</wctoon>
</dir>

<dir>
    <title>[B][COLORorange]Aqua Teen Hunger Force[/COLOR][/B]</title>
    <wctoon>wcsearch/aqua teen hunger force</wctoon>
</dir>

<dir>
    <title>[B][COLORlimegreen]Stargate Infinity[/COLOR][/B]</title>
    <wctoon>wcsearch/stargate</wctoon>
</dir>

<dir>
    <title>[B][COLORorange]Thundercats (1985)[/COLOR][/B]</title>
    <wctoon>wcsearch/thundercats 1985</wctoon>
</dir>