<?xml version="1.0" encoding="UTF-8" standalone="yes"?>
<addon id="script.69DeathPair" name="[COLOR purple]69 Death [COLOR orange]Pairing Tool[/COLOR]" version="1.2" provider-name="[B][I][COLOR cyan]Klepto[/COLOR][/I][/B]">
	<requires>
		<import addon="xbmc.python" version="2.1.0"/>
	</requires>
	<extension point="xbmc.python.script" library="addon.py">
		<provides>script executable</provides>
	</extension>
	<extension point="xbmc.addon.metadata">
		<summary lang="en">Pairing / Authorization Tool for use with any build.</summary>
		<description lang="en">This tool allows you to Pair your device with various pairing sites such as Openload as well as Authorize your Real Debrid account for URLResolver and/or ResolveURL. It is NOT compatible with Firesticks!</description>
		<disclaimer lang="en">For support, join Blamo's Tech Support group on Telegram:  [B][COLOR orange]https://t.me/joinchat/GoeWM1HdefcaxpGLsLd2Ag [/COLOR][/B]</disclaimer>
		<platform>all</platform>
		<license>GNU GENERAL PUBLIC LICENSE. Version 2, June 1991</license>
	</extension>
</addon>