<item>
	<title>[B][COLORorange]Black Panther 4K HDR[/COLOR][/B]</title>
	<meta>
		<imdb>tt1825683</imdb>
		<content>movie</content>
		<title>Black Panther</title>
		<year>2018</year>
	</meta>
	<link>
		<sublink>http://uptobox.com/92rjhdto2lva</sublink>
		<sublink>https://1fichier.com/?sjm1jvbfb5(RD)</sublink>
	</link>
	<thumbnail>https://image.tmdb.org/t/p/w1280//uxzzxijgPIY7slzFvMotPv8wjKA.jpg</thumbnail>
	<fanart>https://image.tmdb.org/t/p/w1280//6ELJEzQJ3Y45HczvreC3dg0GV5R.jpg</fanart>
</item>

<item>
	<title>[B][COLORlimegreen]Peter Rabbit 4K UHD (3 Parts)[/COLOR][/B]</title>
	<meta>
		<imdb>tt5117670</imdb>
		<content>movie</content>
		<title>Peter Rabbit</title>
		<year>2018</year>
	</meta>
	<link>
		<sublink>https://rapidgator.net/file/bf0d147b1feba68edd40352771897762/P.R.2018.INTERNAL.2160p.UHD.BluRay.X265-IAMABLE.part1.rar.html</sublink>
		<sublink>https://rapidgator.net/file/83927d3cf681d136eb641af190b76278/P.R.2018.INTERNAL.2160p.UHD.BluRay.X265-IAMABLE.part2.rar.html</sublink>
		<sublink>https://rapidgator.net/file/bac75faee660ef6ed608a0af90fbcb3e/P.R.2018.INTERNAL.2160p.UHD.BluRay.X265-IAMABLE.part3.rar.html</sublink>
	</link>
	<thumbnail>https://image.tmdb.org/t/p/w1280//2yjSvEDuM3rLDng40erLsWkQRfn.jpg</thumbnail>
	<fanart>https://image.tmdb.org/t/p/w1280//e9dVo1OXZL6sWinc9uIS0Foo4QG.jpg</fanart>
</item>

<item>
	<title>[B][COLORorange]The Lost Viking[/COLOR][/B]</title>
	<meta>
		<imdb>tt6413868</imdb>
		<content>movie</content>
		<title>The Lost Viking</title>
		<year/>
	</meta>
	<link>
		<sublink>https://rapidgator.net/file/c9e062ce347e9352d0f713a53e3f9ea0/T-L-V.2018.1080p_WEB-DL_DD5.1_H264-CMRG.mkv.html</sublink>
		<sublink>http://nitroflare.com/view/0AFF2D77CF5C5A6/T-L-V.2018.1080p_WEB-DL_DD5.1_H264-CMRG.mkv</sublink>
		<sublink>http://nitroflare.com/view/72ABB57B9A03C9E/The.Lost.Viking.2018.WEB-DL.x264-FGT.www.RapidMovieZ.com.mp4</sublink>
		<sublink>http://fs05.clicknupload.net:182/d/fo5zffyklvyd7tr7qtfibmkjd66667yx7i5itazpu4hbilftw7af2xkajpmfucuunu5hcdh4/The.Lost.Viking.2018.WEB-DL.x264-FGT.www.RapidMovieZ.com.mp4</sublink>
	</link>
	<thumbnail>https://image.tmdb.org/t/p/w1280//iEazqSEaDAkiMGYeXLWKG0Iiwpq.jpg</thumbnail>
	<fanart/>
</item>

<item>
	<title>[B][COLORlimegreen]Super Troopers[/COLOR][/B]</title>
	<meta>
		<imdb>tt0247745</imdb>
		<content>movie</content>
		<title>Super Troopers</title>
		<year>2001</year>
	</meta>
	<link>
		<sublink>https://openload.co/f/frZpykY-BnY/Super.Troopers.2001.1080p.BluRay.H264.AAC-RARBG.mp4</sublink>
		<sublink>https://icerbox.com/Kgb6xMmg/ZORST01.mkv</sublink>
		<sublink>https://stream112.uploadhaven.com/112/video/mp4/f6qEpHrcSM0fEQwW2G2I6t3tE6FDEe2cZ0US5QI2.mp4?k=yrAS3sW4uHoANaQu7sokow&expire=1527495183</sublink>
	</link>
	<thumbnail>https://image.tmdb.org/t/p/w1280//w8Uu4bqq21onmvQx4ZsTm7dqXwq.jpg</thumbnail>
	<fanart>https://image.tmdb.org/t/p/w1280//dyHIPT1Q2nZjsciWBuTPikYOxzA.jpg</fanart>
</item>
<item>
	<title>[B][COLORorange]Super Troopers 2[/COLOR][/B] [B][COLORlawngreen](COMING SOON)[/COLOR][/B]</title>
	<meta>
		<imdb>tt0859635</imdb>
		<content>movie</content>
		<title>Super Troopers 2</title>
		<year>2018</year>
	</meta>
	<link>
		<sublink></sublink>
	</link>
	<thumbnail>https://image.tmdb.org/t/p/w1280//81Kumk0nbZAVqRMo3Zwq00IlgRa.jpg</thumbnail>
	<fanart>https://image.tmdb.org/t/p/w1280//v9N8AxyHf9crA9Iza9fF5ntPJFj.jpg</fanart>
</item>

<item>
	<title>[B][COLORlimegreen]Gringo[/COLOR][/B]</title>
	<meta>
		<imdb>tt3721964</imdb>
		<content>movie</content>
		<title>Gringo</title>
		<year>2018</year>
	</meta>
	<link>
		<sublink>https://clicknupload.org/2nrb4ok35dxz</sublink>
		<sublink>http://nitroflare.com/view/80B9AD729A445B8/Gringo.2018.1080p.BluRay.x264-_YTS.AM_.www.RapidMovieZ.com.mp4</sublink>
		<sublink>https://openload.co/f/AMAnYu71t-g</sublink>
		<sublink>https://openload.co/f/pyGSc_Q_BOM</sublink>
	</link>
	<thumbnail>https://image.tmdb.org/t/p/w1280//dxeVPklFwng2IowqRPNI4od6aXv.jpg</thumbnail>
	<fanart>https://image.tmdb.org/t/p/w1280//1u2f04uoVGTjmThK71yDDqeQwK0.jpg</fanart>
</item>

<item>
	<title>[B][COLORorange]Solo: A Star Wars Story[/COLOR][/B][B][COLORlawngreen]MORE LINKS SOON[/COLOR][/B]</title>
	<meta>
		<imdb>tt3778644</imdb>
		<content>movie</content>
		<title>Solo: A Star Wars Story</title>
		<year>2018</year>
	</meta>
	<link>
		<sublink>http://nitroflare.com/view/A327A175C58A765/S.A.S.W.S.2018.PROPER.720p.HDCAM.ENG-1XBET.mp4</sublink>
	</link>
	<thumbnail>https://image.tmdb.org/t/p/w1280//4oD6VEccFkorEBTEDXtpLAaz0Rl.jpg</thumbnail>
	<fanart>https://image.tmdb.org/t/p/w1280//7LZ0K4FsALrt7OeNIGOVLNuKQRU.jpg</fanart>
</item>

<item>
	<title>[B][COLORlimegreen]Death Wish[/COLOR][/B]</title>
	<meta>
		<imdb>tt1137450</imdb>
		<content>movie</content>
		<title>Death Wish</title>
		<year>2018</year>
	</meta>
	<link>
		<sublink>http://79.127.127.112/sr1/mari/97/3/Death.Wish.2018.1080p.6CH.MkvCage.Tehmovies.mkv</sublink>
		<sublink>https://rapidgator.net/file/03c3c4e1b06d26d302430be198c73d3e/HD-Download.com__3660264065144.mkv</sublink>
		<sublink>https://rapidgator.net/file/c30dd4086c7e098f850c59992c4a9bab/D.W.2018.HDRip.AC3.X264-CMRG.35929.mkv</sublink>
	</link>
	<thumbnail>https://image.tmdb.org/t/p/w1280//rxPghSvLbWCUjLplxkkcPMahbsz.jpg</thumbnail>
	<fanart>https://image.tmdb.org/t/p/w1280//uQqQvmptJLPTcWDrZXn22p7j7s3.jpg</fanart>
</item>

<dir>
	<title>[B][COLORred]Cobra Kai[/COLOR][/B]</title>
	<meta>
		<imdb>tt7221388</imdb>
		<content>tvshow</content>
		<tvshowtitle>Cobra Kai</tvshowtitle>
		<year>2018</year>
	</meta>
	<link>file://csb/cobrakai.xml</link>
	<thumbnail>https://image.tmdb.org/t/p/w1280//5qMupAz4A9EN5Rutrkmov45mNXZ.jpg</thumbnail>
	<fanart>https://image.tmdb.org/t/p/w1280//x7QOl4QEVMOp6V4wsp3Kte3NLDY.jpg</fanart>
</dir>

<item>
	<title>[COLOR=white]-------------------------[/COLOR]</title>
<heading></heading>
</item>

<dir>
    <title>[B][COLORorange]Rick and Morty[/COLOR][/B]</title>
    <wctoon>wcsearch/rick and morty</wctoon>
</dir>

<dir>
    <title>[B][COLORlimegreen]Fugget About It[/COLOR][/B]</title>
    <wctoon>wcsearch/fugget about it</wctoon>
</dir>

<dir>
    <title>[B][COLORorange]The Simpsons[/COLOR][/B]</title>
    <wctoon>wcsearch/the simpsons</wctoon>
</dir>

<dir>
    <title>[B][COLORlimegreen]Camp WWE[/COLOR][/B]</title>
    <wctoon>wcsearch/camp wwe</wctoon>
</dir>

<dir>
    <title>[B][COLORorange]American Dad[/COLOR][/B]</title>
    <wctoon>wcsearch/american dad</wctoon>
</dir>

<dir>
    <title>[B][COLORlimegreen]Looney Tunes[/COLOR][/B]</title>
    <wctoon>wcsearch/looney tunes</wctoon>
</dir>

<dir>
    <title>[B][COLORorange]Johnny Bravo[/COLOR][/B]</title>
    <wctoon>wcsearch/johnny bravo</wctoon>
</dir>

<dir>
    <title>[B][COLORlimegreen]Dungeons and Dragons[/COLOR][/B]</title>
    <wctoon>wcsearch/dungeons and dragons</wctoon>
</dir>

<dir>
    <title>[B][COLORorange]Scooby Doo[/COLOR][/B]</title>
    <wctoon>wcsearch/scooby doo</wctoon>
</dir>

<dir>
    <title>[B][COLORlimegreen]Archie's Weird Mysteries[/COLOR][/B]</title>
    <wctoon>wcsearch/archies weird mysteries</wctoon>
</dir>

<dir>
    <title>[B][COLORorange]Aqua Teen Hunger Force[/COLOR][/B]</title>
    <wctoon>wcsearch/aqua teen hunger force</wctoon>
</dir>

<dir>
    <title>[B][COLORlimegreen]Stargate Infinity[/COLOR][/B]</title>
    <wctoon>wcsearch/stargate</wctoon>
</dir>

<dir>
    <title>[B][COLORorange]Thundercats (1985)[/COLOR][/B]</title>
    <wctoon>wcsearch/thundercats 1985</wctoon>
</dir>