<dipshit>
	<wannabe>
		<item>
			<title>Ace Ventura: Pet Detective</title>
			<meta>
				<imdb>tt0109040</imdb>
				<content>movie</content>
				<title>Ace Ventura: Pet Detective</title>
				<year>1994</year>
			</meta>
			<link>
				<sublink>http://dl8.heyserver.in/film/2018-4/Ace.Ventura.Pet.Detective.1994.1080p.BluRay.x264.YIFY.HeyDL.mkv (1080P)</sublink>
				<sublink>http://dl.1tehmovies.com/94/95/10/Ace_Ventura_Pet_Detective_1994_1080p_BrRip_RARBG_Tehmovies_me.mp4 (1080P)</sublink>
				<sublink>searchhd</sublink>
			</link>
			<thumbnail>https://image.tmdb.org/t/p/w1280//nZirljb8XYbKTWsRQTplDGhx39Q.jpg</thumbnail>
			<fanart>https://image.tmdb.org/t/p/w1280//fAX6bvEKcWQmZMlB5NZzSoJkRuG.jpg</fanart>
		</item>
		<item>
			<title>Ace Ventura: When Nature Calls</title>
			<meta>
				<imdb>tt0112281</imdb>
				<content>movie</content>
				<title>Ace Ventura: When Nature Calls</title>
				<year>1995</year>
			</meta>
			<link>
				<sublink>http://dl.1tehmovies.com/94/95/10/Ace_Ventura_When_Nature_Calls_1995_1080p_BrRip_YIFY_Tehmovies_me.mp4 (1080P)</sublink>
				<sublink>http://79.127.127.112/94/95/10/Ace_Ventura_When_Nature_Calls_1995_1080p_BrRip_YIFY_Tehmovies_me.mp4 (1080P)</sublink>
				<sublink>searchhd</sublink>
			</link>
			<thumbnail>https://image.tmdb.org/t/p/w1280//wRlGnJhEzcxBjvWtvbjhDSU1cIY.jpg</thumbnail>
			<fanart>https://image.tmdb.org/t/p/w1280//qFYwztFX1gx9PZLnTEokQw5q04G.jpg</fanart>
		</item>
		<item>
			<title>Ace Ventura Jr: Pet Detective</title>
			<meta>
				<imdb>tt0844029</imdb>
				<content>movie</content>
				<title>Ace Ventura Jr: Pet Detective</title>
				<year>2009</year>
			</meta>
			<link>
				<sublink>searchhd</sublink>
				<sublink>searchsd</sublink>
			</link>
			<thumbnail>https://image.tmdb.org/t/p/w1280//7PO7jnvjwjS33Gt2lqh4HAMhmPY.jpg</thumbnail>
			<fanart>https://image.tmdb.org/t/p/w1280//3PTJ2vJQtzqVosCXEPqhHHRa0uS.jpg</fanart>
		</item>
		<item>
			<title>Bad Boys (1995)</title>
			<meta>
				<content>movie</content>
				<imdb>tt0112442</imdb>
				<title>Bad Boys</title>
				<year>1995</year>
			</meta>
			<link>
				<sublink>http://dl.upload8.net/Film/Collection/Bad%20Boys/Bad.Boys.1995.1080p.5.1CH.FardaDownload.mkv (1080P)</sublink>
				<sublink>searchhd</sublink>
			</link>
			<thumbnail>https://image.tmdb.org/t/p/w1280/x1ygBecKHfXX4M2kRhmFKWfWbJc.jpg</thumbnail>
			<fanart>https://image.tmdb.org/t/p/w1280/2jNSXfITbGYxxWLJOLTh9eAx3y8.jpg</fanart>
		</item>
		<item>
			<title>Bad Boys II (2003)</title>
			<meta>
				<content>movie</content>
				<imdb>tt0172156</imdb>
				<title>Bad Boys II</title>
				<year>2003</year>
			</meta>
			<link>
				<sublink>http://dl.upload8.net/Film/Collection/Bad%20Boys/Bad.Boys.II.2003.REMASTERED.1080p.6CH.FardaDownload.mkv  (1080P)</sublink>
				<sublink>searchhd</sublink>
			</link>
			<thumbnail>https://image.tmdb.org/t/p/w1280/680X9apSqmAcebLg8evnnUeQNeI.jpg</thumbnail>
			<fanart>https://image.tmdb.org/t/p/w1280/5xQVApmdUbBlCi1QzS8NwbCF0Ne.jpg</fanart>
		</item>
		<item>
			<title>Die Hard (1988)</title>
			<meta>
				<content>movie</content>
				<imdb>tt0095016</imdb>
				<title>Die Hard</title>
				<year>1988</year>
			</meta>
			<link>
				<sublink>searchhd</sublink>
				<sublink>searchsd</sublink>
			</link>
			<thumbnail>https://image.tmdb.org/t/p/w1280/mc7MubOLcIw3MDvnuQFrO9psfCa.jpg</thumbnail>
			<fanart>https://image.tmdb.org/t/p/w1280/q4NRgTyah0KfxXB0P4DBk0lJR7P.jpg</fanart>
		</item>
		<item>
			<title>Die Hard with a Vengeance (1995)</title>
			<meta>
				<content>movie</content>
				<imdb>tt0112864</imdb>
				<title>Die Hard with a Vengeance</title>
				<year>1995</year>
			</meta>
			<link>
				<sublink>searchhd</sublink>
				<sublink>searchsd</sublink>
			</link>
			<thumbnail>https://image.tmdb.org/t/p/w1280/ivpXGcsPZglyYrN65THWSD7JM3q.jpg</thumbnail>
			<fanart>https://image.tmdb.org/t/p/w1280/aJCEQFFXNcfg5YneJzTG15qzxF7.jpg</fanart>
		</item>
		<item>
			<title>Dr. No (1962)</title>
			<meta>
				<content>movie</content>
				<imdb>tt0055928</imdb>
				<title>Dr. No</title>
				<year>1962</year>
			</meta>
			<link>
				<sublink>http://www.dl.downloada.net/Movie/COLLECTION/James-Bond/James.Bond.Dr.No.1962.1080p.5.1CH.%28Satina.CO%29.mkv (1080P 5.1)</sublink>
				<sublink>http://dl.1tehmovies.com/94/10/007/James.Bond.Dr.No.1962.1080p.5.1CH.Tehmovies.ir.mkv (1080P 5.1)</sublink>
				<sublink>searchhd</sublink>
			</link>
			<thumbnail>https://image.tmdb.org/t/p/w1280/gRdfLVVf6FheOw6mw6wOsKhZG1l.jpg</thumbnail>
			<fanart>https://image.tmdb.org/t/p/w1280/3YMYAMg5aglUlKhZ7Y0A2bLHZS1.jpg</fanart>
		</item>
		<item>
			<title>From Russia with Love (1963)</title>
			<meta>
				<content>movie</content>
				<imdb>tt0057076</imdb>
				<title>From Russia with Love</title>
				<year>1963</year>
			</meta>
			<link>
				<sublink>http://www.dl.downloada.net/Movie/COLLECTION/James-Bond/James.Bond.From.Russia.with.Love.1963.1080p.5.1CH.%28Satina.CO%29.mkv (1080P 5.1)</sublink>
				<sublink>http://dl.1tehmovies.com/94/10/007/James.Bond.From.Russia.with.Love.1963.1080p.5.1CH.Tehmovies.ir.mkv (1080P 5.1)</sublink>
				<sublink>searchhd</sublink>
			</link>
			<thumbnail>https://image.tmdb.org/t/p/w1280/fvIG285JwenrV1K6kVASi1TECJ0.jpg</thumbnail>
			<fanart>https://image.tmdb.org/t/p/w1280/vemDErY5wkg2Yg5eTQ7ciPRuyqt.jpg</fanart>
		</item>
		<item>
			<title>Goldfinger (1964)</title>
			<meta>
				<content>movie</content>
				<imdb>tt0058150</imdb>
				<title>Goldfinger</title>
				<year>1964</year>
			</meta>
			<link>
				<sublink>http://www.dl.downloada.net/Movie/COLLECTION/James-Bond/James.Bond.Goldfinger.1964.1080p.5.1CH.%28Satina.CO%29.mkv (1080P 5.1)</sublink>
				<sublink>http://dl.1tehmovies.com/94/10/007/James.Bond.Goldfinger.1964.1080p.5.1CH.Tehmovies.ir.mkv (1080P 5.1)</sublink>
				<sublink>searchhd</sublink>
			</link>
			<thumbnail>https://image.tmdb.org/t/p/w1280/vBNbFU3OS6okJIQBOos1aZXpy2Z.jpg</thumbnail>
			<fanart>https://image.tmdb.org/t/p/w1280/iyD72nJFBGbEIrpQjzdhE3wFxPL.jpg</fanart>
		</item>
		<item>
			<title>Thunderball (1965)</title>
			<meta>
				<content>movie</content>
				<imdb>tt0059800</imdb>
				<title>Thunderball</title>
				<year>1965</year>
			</meta>
			<link>
				<sublink>http://www.dl.downloada.net/Movie/COLLECTION/James-Bond/Thunderball.1965.1080p.5.1CH.%28Satina.CO%29.mkv (1080P 5.1)</sublink>
				<sublink>http://dl.1tehmovies.com/94/10/007/Thunderball.1965.1080p.5.1CH.Tehmovies.ir.mkv (1080P 5.1)</sublink>
				<sublink>searchhd</sublink>
			</link>
			<thumbnail>https://image.tmdb.org/t/p/w1280/sASN1VnJxWosdzp4mH40P47Xhhz.jpg</thumbnail>
			<fanart>https://image.tmdb.org/t/p/w1280/qd0jrqxFLCKkNruPuJ7zXuQRpKG.jpg</fanart>
		</item>
		<item>
			<title>You Only Live Twice (1967)</title>
			<meta>
				<content>movie</content>
				<imdb>tt0062512</imdb>
				<title>You Only Live Twice</title>
				<year>1967</year>
			</meta>
			<link>
				<sublink>http://www.dl.downloada.net/Movie/COLLECTION/James-Bond/James.Bond.You.Only.Live.Twice.1967.1080p.5.1CH.%28Satina.CO%29.mkv (1080P 5.1)</sublink>
				<sublink>http://dl.1tehmovies.com/94/10/007/James.Bond.You.Only.Live.Twice.1967.1080p.5.1CH.Tehmovies.ir.mkv (1080P 5.1)</sublink>
				<sublink>searchhd</sublink>
			</link>
			<thumbnail>https://image.tmdb.org/t/p/w1280/7dnsJZniZK1Hbc9mOFDYa5W0dHi.jpg</thumbnail>
			<fanart>https://image.tmdb.org/t/p/w1280/jahBdYTAGMJaEove9l9hzYpDKJD.jpg</fanart>
		</item>
		<item>
			<title>On Her Majesty's Secret Service (1969)</title>
			<meta>
				<content>movie</content>
				<imdb>tt0064757</imdb>
				<title>On Her Majesty's Secret Service</title>
				<year>1969</year>
			</meta>
			<link>
				<sublink>https://nospacelikeempty.space/Movies/On%20Her%20Majesty%27s%20Secret%20Service%20(1969)/On%20Her%20Majesty%27s%20Secret%20Service.mkv</sublink>
				<sublink>searchhd</sublink>
			</link>
			<thumbnail>https://image.tmdb.org/t/p/w1280/7mcqT56ES5U3wg26vQQuEnOaFSj.jpg</thumbnail>
			<fanart>https://image.tmdb.org/t/p/w1280/lwbCOAK0kQB8xttPrjHEXoSQWcN.jpg</fanart>
		</item>
		<item>
			<title>Diamonds Are Forever (1971)</title>
			<meta>
				<content>movie</content>
				<imdb>tt0066995</imdb>
				<title>Diamonds Are Forever</title>
				<year>1971</year>
			</meta>
			<link>
				<sublink>http://www.dl.downloada.net/Movie/COLLECTION/James-Bond/James.Bond.Diamonds.Are.Forever.1971.1080p.5.1CH.%28Satina.CO%29.mkv (1080P 5.1)</sublink>
				<sublink>http://dl.1tehmovies.com/94/10/007/James.Bond.Diamonds.Are.Forever.1971.1080p.5.1CH.Tehmovies.ir.mkv (1080P 5.1)</sublink>
				<sublink>searchhd</sublink>
			</link>
			<thumbnail>https://image.tmdb.org/t/p/w1280/viPjZ3JCOahcfNCcVhiPExusJoZ.jpg</thumbnail>
			<fanart>https://image.tmdb.org/t/p/w1280/gIGLXXvsljHK1jdDNaIXsjhZnnH.jpg</fanart>
		</item>
		<item>
			<title>Live and Let Die (1973)</title>
			<meta>
				<content>movie</content>
				<imdb>tt0070328</imdb>
				<title>Live and Let Die</title>
				<year>1973</year>
			</meta>
			<link>
				<sublink>http://www.dl.downloada.net/Movie/COLLECTION/James-Bond/James.Bond.Live.and.Let.Die.1973.1080p.5.1CH.%28Satina.CO%29.mkv (1080P 5.1)</sublink>
				<sublink>http://dl.1tehmovies.com/94/10/007/James.Bond.Live.and.Let.Die.1973.1080p.5.1CH.Tehmovies.ir.mkv (1080P 5.1)</sublink>
				<sublink>searchhd</sublink>
			</link>
			<thumbnail>https://image.tmdb.org/t/p/w1280/p34OScaro2KdISrT4EMfeh1aS0E.jpg</thumbnail>
			<fanart>https://image.tmdb.org/t/p/w1280/1N4CeQyy3kh1pqmTGvMU090sCvh.jpg</fanart>
		</item>
		<item>
			<title>The Man with the Golden Gun (1974)</title>
			<meta>
				<content>movie</content>
				<imdb>tt0071807</imdb>
				<title>The Man with the Golden Gun</title>
				<year>1974</year>
			</meta>
			<link>
				<sublink>http://www.dl.downloada.net/Movie/COLLECTION/James-Bond/James.Bond.The.Man.with.the.Golden.Gun.1974.1080p.5.1CH.%28Satina.CO%29.mkv (1080P 5.1)</sublink>
				<sublink>http://dl.1tehmovies.com/94/10/007/James.Bond.The.Man.with.the.Golden.Gun.1974.1080p.5.1CH.Tehmovies.ir.mkv (1080P 5.1)</sublink>
				<sublink>searchhd</sublink>
			</link>
			<thumbnail>https://image.tmdb.org/t/p/w1280/7VSVgxAvA7IdTf8T6Oon1eaReeJ.jpg</thumbnail>
			<fanart>https://image.tmdb.org/t/p/w1280/f6HNlsfahFWcYC3VH5sQsMrOL72.jpg</fanart>
		</item>
		<item>
			<title>The Spy Who Loved Me (1977)</title>
			<meta>
				<content>movie</content>
				<imdb>tt0076752</imdb>
				<title>The Spy Who Loved Me</title>
				<year>1977</year>
			</meta>
			<link>
				<sublink>http://www.dl.downloada.net/Movie/COLLECTION/James-Bond/James.Bond.The.Spy.Who.Loved.Me.1977.1080p.5.1CH.%28Satina.CO%29.mkv (1080P 5.1)</sublink>
				<sublink>http://dl.1tehmovies.com/94/10/007/James.Bond.The.Spy.Who.Loved.Me.1977.1080p.5.1CH.Tehmovies.ir.mkv (1080P 5.1)</sublink>
				<sublink>searchhd</sublink>
			</link>
			<thumbnail>https://image.tmdb.org/t/p/w1280/vYMgDqQDpqHDhz3enGkwBmTs7p7.jpg</thumbnail>
			<fanart>https://image.tmdb.org/t/p/w1280/7HgOmNRNGl1pGm4PYhp7FImzT60.jpg</fanart>
		</item>
		<item>
			<title>Moonraker (1979)</title>
			<meta>
				<content>movie</content>
				<imdb>tt0079574</imdb>
				<title>Moonraker</title>
				<year>1979</year>
			</meta>
			<link>
				<sublink>http://www.dl.downloada.net/Movie/COLLECTION/James-Bond/James.Bond.Moonraker.1979.1080p.5.1CH.%28Satina.CO%29.mkv (1080P 5.1)</sublink>
				<sublink>http://dl.1tehmovies.com/94/10/007/James.Bond.Moonraker.1979.1080p.5.1CH.Tehmovies.ir.mkv (1080P 5.1)</sublink>
				<sublink>searchhd</sublink>
			</link>
			<thumbnail>https://image.tmdb.org/t/p/w1280/pz2r25q3NzNTDGygTYesq5mvwbz.jpg</thumbnail>
			<fanart>https://image.tmdb.org/t/p/w1280/eXf3yZRKPWON5iSVXI7WQwOXWft.jpg</fanart>
		</item>
		<item>
			<title>For Your Eyes Only (1981)</title>
			<meta>
				<content>movie</content>
				<imdb>tt0082398</imdb>
				<title>For Your Eyes Only</title>
				<year>1981</year>
			</meta>
			<link>
				<sublink>http://www.dl.downloada.net/Movie/COLLECTION/James-Bond/James.Bond.For.Your.Eyes.Only.1981.1080p.5.1CH.%28Satina.CO%29.mkv (1080P 5.1)</sublink>
				<sublink>http://dl.1tehmovies.com/94/10/007/James.Bond.For.Your.Eyes.Only.1981.1080p.5.1CH.Tehmovies.ir.mkv (1080P 5.1)</sublink>
				<sublink>searchhd</sublink>
			</link>
			<thumbnail>https://image.tmdb.org/t/p/w1280/vpZZZ2eq8z4I6PSeGxR2UWNciGG.jpg</thumbnail>
			<fanart>https://image.tmdb.org/t/p/w1280/hg8ecg8LrR8ChvZh4aMETNUraGA.jpg</fanart>
		</item>
		<item>
			<title>Octopussy (1983)</title>
			<meta>
				<content>movie</content>
				<imdb>tt0086034</imdb>
				<title>Octopussy</title>
				<year>1983</year>
			</meta>
			<link>
				<sublink>http://www.dl.downloada.net/Movie/COLLECTION/James-Bond/James.Bond.Octopussy.1983.1080p.5.1CH.%28Satina.CO%29.mkv (1080P 5.1)</sublink>
				<sublink>http://dl.1tehmovies.com/94/10/007/James.Bond.Octopussy.1983.1080p.5.1CH.Tehmovies.ir.mkv (1080P 5.1)</sublink>
				<sublink>searchhd</sublink>
			</link>
			<thumbnail>https://image.tmdb.org/t/p/w1280/s1GeJcwTclopbed1Bo2hjunSika.jpg</thumbnail>
			<fanart>https://image.tmdb.org/t/p/w1280/nOp4RM4AYlW8Ux0XHBTqXbPlSgY.jpg</fanart>
		</item>
		<item>
			<title>Never Say Never Again (1983)</title>
			<meta>
				<content>movie</content>
				<imdb>tt0086006</imdb>
				<title>Never Say Never Again</title>
				<year>1983</year>
			</meta>
			<link>
				<sublink>http://www.dl.downloada.net/Movie/COLLECTION/James-Bond/James.Bond.Never.Say.Never.Again.1983.1080p.5.1CH.%28Satina.CO%29.mkv (1080P 5.1)</sublink>
				<sublink>http://dl.1tehmovies.com/94/10/007/James.Bond.Never.Say.Never.Again.1983.1080p.5.1CH.Tehmovies.ir.mkv (1080P 5.1)</sublink>
				<sublink>searchhd</sublink>
			</link>
			<thumbnail>https://image.tmdb.org/t/p/w1280/s9tBlhTEW0OtYJdemVMPbRcD7wk.jpg</thumbnail>
			<fanart>https://image.tmdb.org/t/p/w1280/jYO08KXUKvJvzx3KcE7MoaDYvoM.jpg</fanart>
		</item>
		<item>
			<title>A View to a Kill (1985)</title>
			<meta>
				<content>movie</content>
				<imdb>tt0090264</imdb>
				<title>A View to a Kill</title>
				<year>1985</year>
			</meta>
			<link>
				<sublink>http://www.dl.downloada.net/Movie/COLLECTION/James-Bond/James.Bond.A.View.to.a.Kill.1985.1080p.5.1CH.%28Satina.CO%29.mkv (1080P 5.1)</sublink>
				<sublink>http://dl.1tehmovies.com/94/10/007/James.Bond.A.View.to.a.Kill.1985.1080p.5.1CH.Tehmovies.ir.mkv (1080P 5.1)</sublink>
				<sublink>searchhd</sublink>
			</link>
			<thumbnail>https://image.tmdb.org/t/p/w1280/veDMW7eX6tat86EapsvGEICJ8Tq.jpg</thumbnail>
			<fanart>https://image.tmdb.org/t/p/w1280/9SudvdR6HYtgTqMz17RYXdWuTUl.jpg</fanart>
		</item>
		<item>
			<title>The Living Daylights (1987)</title>
			<meta>
				<content>movie</content>
				<imdb>tt0093428</imdb>
				<title>The Living Daylights</title>
				<year>1987</year>
			</meta>
			<link>
				<sublink>http://dl.1tehmovies.com/94/10/007/James.Bond.The.Living.Daylights.1987.1080p.5.1CH.Tehmovies.ir.mkv (1080P 5.1)</sublink>
				<sublink>http://www.dl.downloada.net/Movie/COLLECTION/James-Bond/James.Bond.The.Living.Daylights.1987.1080p.5.1CH.%28Satina.CO%29.mkv (1080P 5.1)</sublink>
				<sublink>searchhd</sublink>
			</link>
			<thumbnail>https://image.tmdb.org/t/p/w1280/yEryMe58dx7zm1QBhQFeuYcv2aH.jpg</thumbnail>
			<fanart>https://image.tmdb.org/t/p/w1280/gt0TafbcheJeT9SFewDLqYWk3Sd.jpg</fanart>
		</item>
		<item>
			<title>Licence to Kill (1989)</title>
			<meta>
				<content>movie</content>
				<imdb>tt0097742</imdb>
				<title>Licence to Kill</title>
				<year>1989</year>
			</meta>
			<link>
				<sublink>http://dl.1tehmovies.com/94/10/007/James.Bond.Licence.to.Kill.1989.1080p.5.1CH.Tehmovies.ir.mkv (1080P 5.1)</sublink>
				<sublink>http://www.dl.downloada.net/Movie/COLLECTION/James-Bond/James.Bond.Licence.to.Kill.1989.1080p.5.1CH.%28Satina.CO%29.mkv (1080P 5.1)</sublink>
				<sublink>searchhd</sublink>
			</link>
			<thumbnail>https://image.tmdb.org/t/p/w1280/27EySoBH3oBuI6xat2QOquB9X8j.jpg</thumbnail>
			<fanart>https://image.tmdb.org/t/p/w1280/lNNTk5VpV8OtZlAm9nf4Jl1unAY.jpg</fanart>
		</item>
		<item>
			<title>GoldenEye (1995)</title>
			<meta>
				<content>movie</content>
				<imdb>tt0113189</imdb>
				<title>GoldenEye</title>
				<year>1995</year>
			</meta>
			<link>
				<sublink>http://www.dl.downloada.net/Movie/COLLECTION/James-Bond/James.Bond.GoldenEye.1995.1080p.5.1CH.%28Satina.CO%29.mkv (1080P 5.1)</sublink>
				<sublink>http://dl.1tehmovies.com/94/10/007/James.Bond.GoldenEye.1995.1080p.5.1CH.Tehmovies.ir.mkv (1080P 5.1)</sublink>
				<sublink>searchhd</sublink>
			</link>
			<thumbnail>https://image.tmdb.org/t/p/w1280/5c0ovjT41KnYIHYuF4AWsTe3sKh.jpg</thumbnail>
			<fanart>https://image.tmdb.org/t/p/w1280/sIuZYKo7UySIeBMvd9saK7ibw4z.jpg</fanart>
		</item>
		<item>
			<title>Tomorrow Never Dies (1997)</title>
			<meta>
				<content>movie</content>
				<imdb>tt0120347</imdb>
				<title>Tomorrow Never Dies</title>
				<year>1997</year>
			</meta>
			<link>
				<sublink>http://www.dl.downloada.net/Movie/COLLECTION/James-Bond/James.Bond.Tomorrow.Never.Dies.1997.1080p.5.1CH.%28Satina.CO%29.mkv (1080P 5.1)</sublink>
				<sublink>http://dl.1tehmovies.com/94/10/007/James.Bond.Tomorrow.Never.Dies.1997.1080p.5.1CH.Tehmovies.ir.mkv (1080P 5.1)</sublink>
				<sublink>searchhd</sublink>
			</link>
			<thumbnail>https://image.tmdb.org/t/p/w1280/k3eI9q7ISgpDEu2CMwR2s6inJVp.jpg</thumbnail>
			<fanart>https://image.tmdb.org/t/p/w1280/lHZ5H1jd4zVJYr1wfLKBdXYtZ17.jpg</fanart>
		</item>
		<item>
			<title>The World Is Not Enough (1999)</title>
			<meta>
				<content>movie</content>
				<imdb>tt0143145</imdb>
				<title>The World Is Not Enough</title>
				<year>1999</year>
			</meta>
			<link>
				<sublink>http://dl.1tehmovies.com/94/10/007/James.Bond.The.World.Is.Not.Enough.1999.1080p.5.1CH.Tehmovies.ir.mkv (1080P 5.1)</sublink>
				<sublink>http://www.dl.downloada.net/Movie/COLLECTION/James-Bond/James.Bond.The.World.Is.Not.Enough.1999.1080p.5.1CH.%28Satina.CO%29.mkv (1080P 5.1)</sublink>
				<sublink>searchhd</sublink>
			</link>
			<thumbnail>https://image.tmdb.org/t/p/w1280/aPfALBxfgx2tsbTwRMR1MbNHSvn.jpg</thumbnail>
			<fanart>https://image.tmdb.org/t/p/w1280/4xAb2zAe5Pmno928hBQqff4RVwr.jpg</fanart>
		</item>
		<item>
			<title>Die Another Day (2002)</title>
			<meta>
				<content>movie</content>
				<imdb>tt0246460</imdb>
				<title>Die Another Day</title>
				<year>2002</year>
			</meta>
			<link>
				<sublink>http://www.dl.downloada.net/Movie/COLLECTION/James-Bond/James.Bond.Die.Another.Day.2002.1080p.5.1CH.%28Satina.CO%29.mkv (1080P 5.1)</sublink>
				<sublink>http://dl.1tehmovies.com/94/10/007/James.Bond.Die.Another.Day.2002.1080p.5.1CH.Tehmovies.ir.mkv (1080P 5.1)</sublink>
				<sublink>searchhd</sublink>
			</link>
			<thumbnail>https://image.tmdb.org/t/p/w1280/1iUZqUXS7x5FcGM5J0u01xuObWC.jpg</thumbnail>
			<fanart>https://image.tmdb.org/t/p/w1280/3YQfmtpbiFCMHcXY3lJ7fGEcOL6.jpg</fanart>
		</item>
		<item>
			<title>Casino Royale (2006)</title>
			<meta>
				<content>movie</content>
				<imdb>tt0381061</imdb>
				<title>Casino Royale</title>
				<year>2006</year>
			</meta>
			<link>
				<sublink>searchhd</sublink>
				<sublink>searchsd</sublink>
			</link>
			<thumbnail>https://image.tmdb.org/t/p/w1280/zlWBxz2pTA9p45kUTrI8AQiKrHm.jpg</thumbnail>
			<fanart>https://image.tmdb.org/t/p/w1280/xq6hXdBpDPIXWjtmvbFmtLvBFJt.jpg</fanart>
		</item>
		<item>
			<title>Quantum of Solace (2008)</title>
			<meta>
				<content>movie</content>
				<imdb>tt0830515</imdb>
				<title>Quantum of Solace</title>
				<year>2008</year>
			</meta>
			<link>
				<sublink>searchhd</sublink>
				<sublink>searchsd</sublink>
			</link>
			<thumbnail>https://image.tmdb.org/t/p/w1280/6mlNx0Jiqhg3D7NlANT9pidsgPJ.jpg</thumbnail>
			<fanart>https://image.tmdb.org/t/p/w1280/hfZVY8lMiE7HH1cDc2qzSFF6Kbt.jpg</fanart>
		</item>
		<item>
			<title>Skyfall (2012)</title>
			<meta>
				<content>movie</content>
				<imdb>tt1074638</imdb>
				<title>Skyfall</title>
				<year>2012</year>
			</meta>
			<link>
				<sublink>searchhd</sublink>
				<sublink>searchsd</sublink>
			</link>
			<thumbnail>https://image.tmdb.org/t/p/w1280/uVALAeLEMGMf3oYpvdVi4uuaNOo.jpg</thumbnail>
			<fanart>https://image.tmdb.org/t/p/w1280/6bjRujKSnCVSrzC1qjmqfAyaiET.jpg</fanart>
		</item>
		<item>
			<title>Spectre 2015)</title>
			<meta>
				<content>movie</content>
				<imdb>tt2379713</imdb>
				<title>Spectre</title>
				<year>2015</year>
			</meta>
			<link>
				<sublink>search</sublink>
				<sublink>searchsd</sublink>
			</link>
			<thumbnail>https://image.tmdb.org/t/p/w1280/hE24GYddaxB9MVZl1CaiI86M3kp.jpg</thumbnail>
			<fanart>https://image.tmdb.org/t/p/w1280/wVTYlkKPKrljJfugXN7UlLNjtuJ.jpg</fanart>
		</item>
		<item>
			<title>Gremlins (1984)</title>
			<meta>
				<content>movie</content>
				<imdb>tt0087363</imdb>
				<title>Gremlins</title>
				<year>1984</year>
			</meta>
			<link>
				<sublink>http://alphamediazone.com/data/Movies2/English%20Movies/1900-1999/Gremlins.1984.720p_Timepassbd..com.mkv (720P)</sublink>
				<sublink>searchhd</sublink>
			</link>
			<thumbnail>https://image.tmdb.org/t/p/w1280/gXDHxQ92qyF6LUYwn6xuK2L8TYW.jpg</thumbnail>
			<fanart>https://image.tmdb.org/t/p/w1280/xZ5SUO6YtIcSwRuKZhNLBfCJzpv.jpg</fanart>
		</item>
		<item>
			<title>Gremlins 2: The New Batch (1990)</title>
			<meta>
				<content>movie</content>
				<imdb>tt0099700</imdb>
				<title>Gremlins 2: The New Batch</title>
				<year>1990</year>
			</meta>
			<link>
				<sublink>http://dl.1tehmovies.com/94/95/8/Gremlins.The.New.Batch.1990.720p.BRrip.x264.YIFY.Tehmovies.biz.mp4 (720P)</sublink>
				<sublink>searchhd</sublink>
			</link>
			<thumbnail>https://image.tmdb.org/t/p/w1280/mkWD9W27JYmQPbgcryPBdI2cF4r.jpg</thumbnail>
			<fanart>https://image.tmdb.org/t/p/w1280/4GbP532VkFcOng4vBaF5VMjXR26.jpg</fanart>
		</item>
		<item>
			<title>Harry Potter and the Sorcerer's Stone (2001)</title>
			<meta>
				<content>movie</content>
				<imdb>tt0241527</imdb>
				<title>Harry Potter and the Sorcerer's Stone</title>
				<year>2001</year>
			</meta>
			<link>
				<sublink>searchhd</sublink>
				<sublink>searchsd</sublink>
			</link>
			<thumbnail>https://image.tmdb.org/t/p/w1280/dCtFvscYcXQKTNvyyaQr2g2UacJ.jpg</thumbnail>
			<fanart>https://image.tmdb.org/t/p/w1280/aPndWixw0hlH1XAXcSSZxW5LF8m.jpg</fanart>
		</item>
		<item>
			<title>Harry Potter and the Chamber of Secrets (2002)</title>
			<meta>
				<content>movie</content>
				<imdb>tt0295297</imdb>
				<title>Harry Potter and the Chamber of Secrets</title>
				<year>2002</year>
			</meta>
			<link>
				<sublink>searchhd</sublink>
				<sublink>searchsd</sublink>
			</link>
			<thumbnail>https://image.tmdb.org/t/p/w1280/sdEOH0992YZ0QSxgXNIGLq1ToUi.jpg</thumbnail>
			<fanart>https://image.tmdb.org/t/p/w1280/xACx8htL9Ubz1qGe0gU2ggHonxV.jpg</fanart>
		</item>
		<item>
			<title>Harry Potter and the Prisoner of Azkaban (2004)</title>
			<meta>
				<content>movie</content>
				<imdb>tt0304141</imdb>
				<title>Harry Potter and the Prisoner of Azkaban</title>
				<year>2004</year>
			</meta>
			<link>
				<sublink>searchhd</sublink>
				<sublink>searchsd</sublink>
			</link>
			<thumbnail>https://image.tmdb.org/t/p/w1280/jUFjMoLh8T2CWzHUSjKCojI5SHu.jpg</thumbnail>
			<fanart>https://image.tmdb.org/t/p/w1280/wUpBH6RIH4uOiWoPjj8MKUemu9F.jpg</fanart>
		</item>
		<item>
			<title>Harry Potter and the Goblet of Fire (2005)</title>
			<meta>
				<content>movie</content>
				<imdb>tt0330373</imdb>
				<title>Harry Potter and the Goblet of Fire</title>
				<year>2005</year>
			</meta>
			<link>
				<sublink>searchhd</sublink>
				<sublink>searchsd</sublink>
			</link>
			<thumbnail>https://image.tmdb.org/t/p/w1280/6sASqcdrEHXxUhA3nFpjrRecPD2.jpg</thumbnail>
			<fanart>https://image.tmdb.org/t/p/w1280/gzKW3emulMxIHzuXxZoyDB1lei9.jpg</fanart>
		</item>
		<item>
			<title>Harry Potter and the Order of the Phoenix (2007)</title>
			<meta>
				<content>movie</content>
				<imdb>tt0373889</imdb>
				<title>Harry Potter and the Order of the Phoenix</title>
				<year>2007</year>
			</meta>
			<link>
				<sublink>searchhd</sublink>
				<sublink>searchsd</sublink>
			</link>
			<thumbnail>https://image.tmdb.org/t/p/w1280/4YnLxYLHhT4UQ8i9jxAXWy46Xuw.jpg</thumbnail>
			<fanart>https://image.tmdb.org/t/p/w1280/gGt4ePOhD8ilxd3FYhKB06L2CyG.jpg</fanart>
		</item>
		<item>
			<title>Harry Potter and the Half-Blood Prince (2009)</title>
			<meta>
				<content>movie</content>
				<imdb>tt0417741</imdb>
				<title>Harry Potter and the Half-Blood Prince</title>
				<year>2009</year>
			</meta>
			<link>
				<sublink>searchhd</sublink>
				<sublink>searchsd</sublink>
			</link>
			<thumbnail>https://image.tmdb.org/t/p/w1280/bFXys2nhALwDvpkF3dP3Vvdfn8b.jpg</thumbnail>
			<fanart>https://image.tmdb.org/t/p/w1280/kRyojLYtWPsBKfDhphhhl1FdM5a.jpg</fanart>
		</item>
		<item>
			<title>Harry Potter and the Deathly Hallows: Part 1 (2010)</title>
			<meta>
				<content>movie</content>
				<imdb>tt0926084</imdb>
				<title>Harry Potter and the Deathly Hallows: Part 1</title>
				<year>2010</year>
			</meta>
			<link>
				<sublink>searchhd</sublink>
				<sublink>searchsd</sublink>
			</link>
			<thumbnail>https://image.tmdb.org/t/p/w1280/maP4MTfPCeVD2FZbKTLUgriOW4R.jpg</thumbnail>
			<fanart>https://image.tmdb.org/t/p/w1280/8YA36faYlkpfp6aozcGsqq68pZ9.jpg</fanart>
		</item>
		<item>
			<title>Harry Potter and the Deathly Hallows: Part 2 (2011)</title>
			<meta>
				<content>movie</content>
				<imdb>tt1201607</imdb>
				<title>Harry Potter and the Deathly Hallows: Part 2</title>
				<year>2011</year>
			</meta>
			<link>
				<sublink>searchhd</sublink>
				<sublink>searchsd</sublink>
			</link>
			<thumbnail>https://image.tmdb.org/t/p/w1280/fTplI1NCSuEDP4ITLcTps739fcC.jpg</thumbnail>
			<fanart>https://image.tmdb.org/t/p/w1280/6n0DAcyjTHS6888mt8U9ZsLy9nR.jpg</fanart>
		</item>
		<item>
			<title>Independence Day (1996)</title>
			<meta>
				<content>movie</content>
				<imdb>tt0116629</imdb>
				<title>Independence Day</title>
				<year>1996</year>
			</meta>
			<link>
				<sublink>searchhd</sublink>
				<sublink>searchsd</sublink>
			</link>
			<thumbnail>https://image.tmdb.org/t/p/w1280/bqLlWZJdhrS0knfEJRkquW7L8z2.jpg</thumbnail>
			<fanart>https://image.tmdb.org/t/p/w1280/4E2xKGrU2qcqUE2S3Nl27hwZdqy.jpg</fanart>
		</item>
		<item>
			<title>Independence Day: Resurgence (2016)</title>
			<meta>
				<content>movie</content>
				<imdb>tt1628841</imdb>
				<title>Independence Day: Resurgence</title>
				<year>2016</year>
			</meta>
			<link>
				<sublink>searchhd</sublink>
				<sublink>searchsd</sublink>
			</link>
			<thumbnail>https://image.tmdb.org/t/p/w1280/5CHJs479xWnm3zMDOl94VkKS7MZ.jpg</thumbnail>
			<fanart>https://image.tmdb.org/t/p/w1280/mou66QcacavDahfyuaqKfaCLdoI.jpg</fanart>
		</item>
		<item>
			<title>Lethal Weapon (1987)</title>
			<meta>
				<content>movie</content>
				<imdb>tt0093409</imdb>
				<title>Lethal Weapon</title>
				<year>1987</year>
			</meta>
			<link>
				<sublink>http://dl.1tehmovies.com/94/95/10/Lethal_Weapon_1987_1080p_BrRip_YIFY_Tehmovies_me.mp4 (1080P)</sublink>
				<sublink>searchhd</sublink>
			</link>
			<thumbnail>https://image.tmdb.org/t/p/w1280/drp80fBSWhz0vAmzUibXDyn0Pjo.jpg</thumbnail>
			<fanart>https://image.tmdb.org/t/p/w1280/xQpCA4QIEKcfsLf7CSeSM0tHCY7.jpg</fanart>
		</item>
		<item>
			<title>Lethal Weapon 2 (1989)</title>
			<meta>
				<content>movie</content>
				<imdb>tt0097733</imdb>
				<title>Lethal Weapon 2</title>
				<year>1989</year>
			</meta>
			<link>
				<sublink>http://dl.funsaber.net/movie/95%20/11/Lethal.Weapon.2.1989.1080p.Funsaber.mkv (1080P)</sublink>
				<sublink>searchhd</sublink>
			</link>
			<thumbnail>https://image.tmdb.org/t/p/w1280/7XAusKpFNv8x9sHpFLAS2lWCT8l.jpg</thumbnail>
			<fanart>https://image.tmdb.org/t/p/w1280/7AwySjHxakk3yCItwtjQbYhWAOg.jpg</fanart>
		</item>
		<item>
			<title>Lethal Weapon 3 (1992)</title>
			<meta>
				<content>movie</content>
				<imdb>tt0104714</imdb>
				<title>Lethal Weapon 3</title>
				<year>1992</year>
			</meta>
			<link>
				<sublink>http://dl.funsaber.net/movie/95%20/11/Lethal.Weapon.3.1992.1080p.Funsaber.mkv (1080P)</sublink>
				<sublink>searchhd</sublink>
			</link>
			<thumbnail>https://image.tmdb.org/t/p/w1280/pr5RcT2TdJ09PkETdhRiwixf8PW.jpg</thumbnail>
			<fanart>https://image.tmdb.org/t/p/w1280/rnMLbWNSWX70eWFxWOpkfngXtwD.jpg</fanart>
		</item>
		<item>
			<title>Lethal Weapon 4 (1998)</title>
			<meta>
				<content>movie</content>
				<imdb>tt0122151</imdb>
				<title>Lethal Weapon 4</title>
				<year>1998</year>
			</meta>
			<link>
				<sublink>http://dl.1tehmovies.com/94/95/10/Lethal_Weapon_4_1998_1080p_BrRip_YIFY_Tehmovies_me.mp4 (1080P)</sublink>
				<sublink>searchhd</sublink>
			</link>
			<thumbnail>https://image.tmdb.org/t/p/w1280/kpC9Y0jhwTqtRlcetxbgn3crnlU.jpg</thumbnail>
			<fanart>https://image.tmdb.org/t/p/w1280/gWCmXGsgOQNgtqlddIdIwxzf9fm.jpg</fanart>
		</item>
		<item>
			<title>Mad Max (1979)</title>
			<meta>
				<content>movie</content>
				<imdb>tt0079501</imdb>
				<title>Mad Max</title>
				<year>1979</year>
			</meta>
			<link>
				<sublink>http://home.waterworld.com.hk/Movies/Mad%20Max%20(1979)/Mad.Max.1979.1080p.BRrip.x264.YIFY.mp4 (1080P)</sublink>
				<sublink>http://dl2.heyserver.in/film/2016-5/Mad.Max.1979.1080p.HeyDL.mp4 (1080P)</sublink>
				<sublink>searchhd</sublink>
			</link>
			<thumbnail>https://image.tmdb.org/t/p/w1280/9YY0XdZ2CAgqfpXHQkrvhsQb6C.jpg</thumbnail>
			<fanart>https://image.tmdb.org/t/p/w1280/k95sN7BDpuFGhAwIn00t3z27NQs.jpg</fanart>
		</item>
		<item>
			<title>Mad Max 2 (1981)</title>
			<meta>
				<content>movie</content>
				<imdb>tt0082694</imdb>
				<title>Mad Max 2</title>
				<year>1981</year>
			</meta>
			<link>
				<sublink>http://dl.upload8.net/Film/Collection/Mad%20Max/Mad.Max.2.The.Road.Warrior.1981.1080p.5.1CH.FardaDownload.mkv (1080P)</sublink>
				<sublink>http://dl2.heyserver.in/film/2016-5/Mad.Max.2.The.Road.Warrior.1981.1080p.5.1CH.HeyDL.mkv (1080P)</sublink>
				<sublink>searchhd</sublink>
			</link>
			<thumbnail>https://image.tmdb.org/t/p/w1280/voNuYkvQgDSqijCDllEaRntq7ln.jpg</thumbnail>
			<fanart>https://image.tmdb.org/t/p/w1280/etybioibi04QJK9xxn3Rv5NLuKs.jpg</fanart>
		</item>
		<item>
			<title>Mad Max Beyond Thunderdome (1985)</title>
			<meta>
				<content>movie</content>
				<imdb>tt0089530</imdb>
				<title>Mad Max Beyond Thunderdome</title>
				<year>1985</year>
			</meta>
			<link>
				<sublink>http://dl.upload8.net/Film/Collection/Mad%20Max/Mad.Max.Beyond.Thunderdome.1985.1080p.5.1CH.FardaDownload.mkv (1080P)</sublink>
				<sublink>http://dl2.heyserver.in/film/2016-5/Mad.Max.Beyond.Thunderdome.1985.1080p.5.1CH.HeyDL.mkv (1080P)</sublink>
				<sublink>searchhd</sublink>
			</link>
			<thumbnail>https://image.tmdb.org/t/p/w1280/9ciqnBU2YlMtMrqNwRzhmaMeL9l.jpg</thumbnail>
			<fanart>https://image.tmdb.org/t/p/w1280/r3MhvwPC8zFBAv8HL5WBtl3F8cn.jpg</fanart>
		</item>
		<item>
			<title>Mad Max: Fury Road</title>
			<meta>
				<imdb>tt1392190</imdb>
				<content>movie</content>
				<title>Mad Max: Fury Road</title>
				<year>2015</year>
			</meta>
			<link>
				<sublink>http://dl.sitemovie.ir/movie/Mad_Max_Fury_Road_2015_7.1CH_1080p_BluRay_Tigole_SITEMOVIE.mkv (1080P)</sublink>
				<sublink>http://dl2.heyserver.in/film/2016-5/Mad.Max.Beyond.Thunderdome.1985.1080p.5.1CH.HeyDL.mkv (1080P)</sublink>
				<sublink>searchsd</sublink>
			</link>
			<thumbnail>https://image.tmdb.org/t/p/w1280//kqjL17yufvn9OVLyXYpvtyrFfak.jpg</thumbnail>
			<fanart>https://image.tmdb.org/t/p/w1280//phszHPFVhPHhMZgo0fWTKBDQsJA.jpg</fanart>
		</item>
		<item>
			<title>Neighbors (2014)</title>
			<meta>
				<content>movie</content>
				<imdb>tt2004420</imdb>
				<title>Neighbors</title>
				<year>2014</year>
			</meta>
			<link>
				<sublink>searchhd</sublink>
				<sublink>searchsd</sublink>
			</link>
			<thumbnail>https://image.tmdb.org/t/p/w1280/bpj8myebvnTw5HDmzTSI8N6WFYr.jpg</thumbnail>
			<fanart>https://image.tmdb.org/t/p/w1280/anApKvoqZgMIdsVtadQvylcGrkf.jpg</fanart>
		</item>
		<item>
			<title>Neighbors 2: Sorority Rising (2016)</title>
			<meta>
				<content>movie</content>
				<imdb>tt4438848</imdb>
				<title>Neighbors 2: Sorority Rising</title>
				<year>2016</year>
			</meta>
			<link>
				<sublink>searchhd</sublink>
				<sublink>searchsd</sublink>
			</link>
			<thumbnail>https://image.tmdb.org/t/p/w1280/bWUeJHbKIyT306WtJFRHoSzX9nk.jpg</thumbnail>
			<fanart>https://image.tmdb.org/t/p/w1280/8HuO1RMDI3prfWDkF7t1y8EhLVO.jpg</fanart>
		</item>
		<item>
			<title>Rocky (1976)</title>
			<meta>
				<content>movie</content>
				<imdb>tt0075148</imdb>
				<title>Rocky</title>
				<year>1976</year>
			</meta>
			<link>
				<sublink>searchhd</sublink>
				<sublink>searchsd</sublink>
			</link>
			<thumbnail>https://image.tmdb.org/t/p/w1280/9TUR3s1PMJHwDRbpm7PWQ0S7IRy.jpg</thumbnail>
			<fanart>https://image.tmdb.org/t/p/w1280/2kkyt0FLROrXt41IgSdE7goCFNQ.jpg</fanart>
		</item>
		<item>
			<title>Rocky II (1979)</title>
			<meta>
				<content>movie</content>
				<imdb>tt0079817</imdb>
				<title>Rocky II</title>
				<year>1979</year>
			</meta>
			<link>
				<sublink>searchhd</sublink>
				<sublink>searchsd</sublink>
			</link>
			<thumbnail>https://image.tmdb.org/t/p/w1280/fqJH7mI4dFANRay8qdJoGa7fK1k.jpg</thumbnail>
			<fanart>https://image.tmdb.org/t/p/w1280/xx9DyVNmehDJPrYGsy9AJgYzAtd.jpg</fanart>
		</item>
		<item>
			<title>Rocky III (1982)</title>
			<meta>
				<content>movie</content>
				<imdb>tt0084602</imdb>
				<title>Rocky III</title>
				<year>1982</year>
			</meta>
			<link>
				<sublink>searchhd</sublink>
				<sublink>searchsd</sublink>
			</link>
			<thumbnail>https://image.tmdb.org/t/p/w1280/ns55NGqTDEEjcI9z2a9htA2cFtG.jpg</thumbnail>
			<fanart>https://image.tmdb.org/t/p/w1280/6qYptQG2ynJANbyjjYOt4fpHfxF.jpg</fanart>
		</item>
		<item>
			<title>Rocky IV (1985)</title>
			<meta>
				<content>movie</content>
				<imdb>tt0089927</imdb>
				<title>Rocky IV</title>
				<year>1985</year>
			</meta>
			<link>
				<sublink>searchhd</sublink>
				<sublink>searchsd</sublink>
			</link>
			<thumbnail>https://image.tmdb.org/t/p/w1280/jmvpwgW5M2kduR9zB0q8qGFC4zM.jpg</thumbnail>
			<fanart>https://image.tmdb.org/t/p/w1280/uvbjTLZSxGehXWDo1ENyVuBrYie.jpg</fanart>
		</item>
		<item>
			<title>Rocky Balboa (2006)</title>
			<meta>
				<content>movie</content>
				<imdb>tt0479143</imdb>
				<title>Rocky Balboa</title>
				<year>2006</year>
			</meta>
			<link>
				<sublink>searchhd</sublink>
				<sublink>searchsd</sublink>
			</link>
			<thumbnail>https://image.tmdb.org/t/p/w1280/n82AAPWnAafDAZjxkYK2rAPwk4A.jpg</thumbnail>
			<fanart>https://image.tmdb.org/t/p/w1280/gcFhaI5IrKxvMs4TtvlHbYE4b0.jpg</fanart>
		</item>
		<item>
			<title>Resident Evil (2002)</title>
			<meta>
				<content>movie</content>
				<imdb>tt0120804</imdb>
				<title>Resident Evil</title>
				<year>2002</year>
			</meta>
			<link>
				<sublink>searchhd</sublink>
				<sublink>searchsd</sublink>
			</link>
			<thumbnail>https://image.tmdb.org/t/p/w1280/5jdvEi57WBGuI5n2drG8FLAbYDp.jpg</thumbnail>
			<fanart>https://image.tmdb.org/t/p/w1280/s41Er80jGJf3tNkgYHxUCttjmwv.jpg</fanart>
		</item>
		<item>
			<title>Resident Evil: Apocalypse (2004)</title>
			<meta>
				<content>movie</content>
				<imdb>tt0318627</imdb>
				<title>Resident Evil: Apocalypse</title>
				<year>2004</year>
			</meta>
			<link>
				<sublink>searchhd</sublink>
				<sublink>searchsd</sublink>
			</link>
			<thumbnail>https://image.tmdb.org/t/p/w1280/zJFZUe1TgvUevJwg2gmSPBbvutF.jpg</thumbnail>
			<fanart>https://image.tmdb.org/t/p/w1280/HiQeRDggI5EYLawYNHRJvB026S.jpg</fanart>
		</item>
		<item>
			<title>Resident Evil: Extinction (2007)</title>
			<meta>
				<content>movie</content>
				<imdb>tt0432021</imdb>
				<title>Resident Evil: Extinction</title>
				<year>2007</year>
			</meta>
			<link>
				<sublink>searchhd</sublink>
				<sublink>searchsd</sublink>
			</link>
			<thumbnail>https://image.tmdb.org/t/p/w1280/84s6e0V8hB87eOI5X3zVtkDboto.jpg</thumbnail>
			<fanart>https://image.tmdb.org/t/p/w1280/mjQoekfYIT1t18j9hf2JSZEi60Y.jpg</fanart>
		</item>
		<item>
			<title>Resident Evil: Afterlife (2010)</title>
			<meta>
				<content>movie</content>
				<imdb>tt1220634</imdb>
				<title>Resident Evil: Afterlife</title>
				<year>2010</year>
			</meta>
			<link>
				<sublink>searchhd</sublink>
				<sublink>searchsd</sublink>
			</link>
			<thumbnail>https://image.tmdb.org/t/p/w1280/szUA5nI2209cCQIv8iIP6tOw8Rf.jpg</thumbnail>
			<fanart>https://image.tmdb.org/t/p/w1280/o3P90r3owOlD86e27aC801rk4QI.jpg</fanart>
		</item>
		<item>
			<title>Resident Evil: Retribution (2012)</title>
			<meta>
				<content>movie</content>
				<imdb>tt1855325</imdb>
				<title>Resident Evil: Retribution</title>
				<year>2012</year>
			</meta>
			<link>
				<sublink>searchhd</sublink>
				<sublink>searchsd</sublink>
			</link>
			<thumbnail>https://image.tmdb.org/t/p/w1280/qRhi9UDgfstP9aIJTCoO9u13Q7t.jpg</thumbnail>
			<fanart>https://image.tmdb.org/t/p/w1280/6H1ZMkxCOewI3o4017L2La6wReo.jpg</fanart>
		</item>
		<item>
			<title>Resident Evil: The Final Chapter (2016)</title>
			<meta>
				<content>movie</content>
				<imdb>tt2592614</imdb>
				<title>Resident Evil: The Final Chapter</title>
				<year>2016</year>
			</meta>
			<link>
				<sublink>searchhd</sublink>
				<sublink>searchsd</sublink>
			</link>
			<thumbnail>https://image.tmdb.org/t/p/w1280/7XlaaMzQUz5EqTY0m07hn3PbGu7.jpg</thumbnail>
			<fanart>https://image.tmdb.org/t/p/w1280/eRdcFDoWnZ5hia7ptUOOvyPDlE0.jpg</fanart>
		</item>
		<item>
			<title>Star Wars: Episode I - The Phantom Menace (1999)</title>
			<meta>
				<content>movie</content>
				<imdb>tt0120915</imdb>
				<title>Star Wars: Episode I - The Phantom Menace</title>
				<year>1999</year>
			</meta>
			<link>
				<sublink>searchhd</sublink>
				<sublink>searchsd</sublink>
			</link>
			<thumbnail>https://image.tmdb.org/t/p/w1280/n8V09dDc02KsSN6Q4hC2BX6hN8X.jpg</thumbnail>
			<fanart>https://image.tmdb.org/t/p/w1280/v6lRzOActebITc9rizhNAdwQR1O.jpg</fanart>
		</item>
		<item>
			<title>Star Wars: Episode II - Attack of the Clones (2002)</title>
			<meta>
				<content>movie</content>
				<imdb>tt0121765</imdb>
				<title>Star Wars: Episode II - Attack of the Clones</title>
				<year>2002</year>
			</meta>
			<link>
				<sublink>searchhd</sublink>
				<sublink>searchsd</sublink>
			</link>
			<thumbnail>https://image.tmdb.org/t/p/w1280/2vcNFtrZXNwIcBgH5e2xXCmVR8t.jpg</thumbnail>
			<fanart>https://image.tmdb.org/t/p/w1280/1Slt26IGf2XHqv8xjEJ7LMZqCYb.jpg</fanart>
		</item>
		<item>
			<title>Star Wars: Episode III - Revenge of the Sith (2005)</title>
			<meta>
				<content>movie</content>
				<imdb>tt0121766</imdb>
				<title>Star Wars: Episode III - Revenge of the Sith</title>
				<year>2005</year>
			</meta>
			<link>
				<sublink>searchhd</sublink>
				<sublink>searchsd</sublink>
			</link>
			<thumbnail>https://image.tmdb.org/t/p/w1280/tgr5Pdy7ehZYBqBkN2K7Q02xgOb.jpg</thumbnail>
			<fanart>https://image.tmdb.org/t/p/w1280/wUYTfFbfPiZC6Lcyt1nonr69ZmK.jpg</fanart>
		</item>
		<item>
			<title>Star Wars: Episode VII - The Force Awakens (2015)</title>
			<meta>
				<content>movie</content>
				<imdb>tt2488496</imdb>
				<title>Star Wars: Episode VII - The Force Awakens</title>
				<year>2015</year>
			</meta>
			<link>
				<sublink>searchhd</sublink>
				<sublink>searchsd</sublink>
			</link>
			<thumbnail>https://image.tmdb.org/t/p/w1280/weUSwMdQIa3NaXVzwUoIIcAi85d.jpg</thumbnail>
			<fanart>https://image.tmdb.org/t/p/w1280/njv65RTipNSTozFLuF85jL0bcQe.jpg</fanart>
		</item>
		<item>
			<title>Taken (2008)</title>
			<meta>
				<content>movie</content>
				<imdb>tt0936501</imdb>
				<title>Taken</title>
				<year>I 2008</year>
			</meta>
			<link>
				<sublink>searchhd</sublink>
				<sublink>searchsd</sublink>
			</link>
			<thumbnail>https://image.tmdb.org/t/p/w1280/3zlffXmo7QpVBc17QIJWrRfasVr.jpg</thumbnail>
			<fanart>https://image.tmdb.org/t/p/w1280/d5vwBiuJI1a2hBcGjhsWhpmAkL7.jpg</fanart>
		</item>
		<item>
			<title>Taken 2 (2012)</title>
			<meta>
				<content>movie</content>
				<imdb>tt1397280</imdb>
				<title>Taken 2</title>
				<year>2012</year>
			</meta>
			<link>
				<sublink>searchhd</sublink>
				<sublink>searchsd</sublink>
			</link>
			<thumbnail>https://image.tmdb.org/t/p/w1280/rDX2zd9aVMJnBmlS8efwOYsi76R.jpg</thumbnail>
			<fanart>https://image.tmdb.org/t/p/w1280/uLQjXZq6307jTgcACnhOeh5mCK2.jpg</fanart>
		</item>
		<item>
			<title>Taken 3 (2014)</title>
			<meta>
				<content>movie</content>
				<imdb>tt2446042</imdb>
				<title>Taken 3</title>
				<year>2014</year>
			</meta>
			<link>
				<sublink>searchhd</sublink>
				<sublink>searchsd</sublink>
			</link>
			<thumbnail>https://image.tmdb.org/t/p/w1280/ikDwR3i2bczqnRf1urJTy77YTFf.jpg</thumbnail>
			<fanart>https://image.tmdb.org/t/p/w1280/sFTXZBtYAPHCwvX6OYNr916M6SZ.jpg</fanart>
		</item>
		<item>
			<title>The Bourne Identity (2002)</title>
			<meta>
				<content>movie</content>
				<imdb>tt0258463</imdb>
				<title>The Bourne Identity</title>
				<year>2002</year>
			</meta>
			<link>
				<sublink>searchhd</sublink>
				<sublink>searchsd</sublink>
			</link>
			<thumbnail>https://image.tmdb.org/t/p/w1280/bXQIL36VQdzJ69lcjQR1WQzJqQR.jpg</thumbnail>
			<fanart>https://image.tmdb.org/t/p/w1280/2Fr1vqBiDn8xRJM9elcplzHctTN.jpg</fanart>
		</item>
		<item>
			<title>The Bourne Supremacy (2004)</title>
			<meta>
				<content>movie</content>
				<imdb>tt0372183</imdb>
				<title>The Bourne Supremacy</title>
				<year>2004</year>
			</meta>
			<link>
				<sublink>searchhd</sublink>
				<sublink>searchsd</sublink>
			</link>
			<thumbnail>https://image.tmdb.org/t/p/w1280/jXwZgmqOtsqsXuB9oGhocOAegCM.jpg</thumbnail>
			<fanart>https://image.tmdb.org/t/p/w1280/e1svWjxTXMOmdgkVLSPHSfWv90R.jpg</fanart>
		</item>
		<item>
			<title>The Bourne Ultimatum (2007)</title>
			<meta>
				<content>movie</content>
				<imdb>tt0440963</imdb>
				<title>The Bourne Ultimatum</title>
				<year>2007</year>
			</meta>
			<link>
				<sublink>searchhd</sublink>
				<sublink>searchsd</sublink>
			</link>
			<thumbnail>https://image.tmdb.org/t/p/w1280/fHho6JYYY0nRcETWSoeI19iZsNF.jpg</thumbnail>
			<fanart>https://image.tmdb.org/t/p/w1280/6WpDOqkZFmhNJ0rwuLJiZVKlZi1.jpg</fanart>
		</item>
		<item>
			<title>Jason Bourne (2016)</title>
			<meta>
				<content>movie</content>
				<imdb>tt4196776</imdb>
				<title>Jason Bourne</title>
				<year>2016</year>
			</meta>
			<link>
				<sublink>searchhd</sublink>
				<sublink>searchsd</sublink>
			</link>
			<thumbnail>https://image.tmdb.org/t/p/w1280/lFSSLTlFozwpaGlO31OoUeirBgQ.jpg</thumbnail>
			<fanart>https://image.tmdb.org/t/p/w1280/AoT2YrJUJlg5vKE3iMOLvHlTd3m.jpg</fanart>
		</item>
		<item>
			<title>The Expendables (2010)</title>
			<meta>
				<content>movie</content>
				<imdb>tt1320253</imdb>
				<title>The Expendables</title>
				<year>2010</year>
			</meta>
			<link>
				<sublink>searchhd</sublink>
				<sublink>searchsd</sublink>
			</link>
			<thumbnail>https://image.tmdb.org/t/p/w1280/4gLFKsalwRy0ONzfYaRsKr5wilK.jpg</thumbnail>
			<fanart>https://image.tmdb.org/t/p/w1280/x5u73uBylbyCCnkzUGzt3uozqRp.jpg</fanart>
		</item>
		<item>
			<title>The Expendables 2 (2012)</title>
			<meta>
				<content>movie</content>
				<imdb>tt1764651</imdb>
				<title>The Expendables 2</title>
				<year>2012</year>
			</meta>
			<link>
				<sublink>searchhd</sublink>
				<sublink>searchsd</sublink>
			</link>
			<thumbnail>https://image.tmdb.org/t/p/w1280/dJPnTe1qOcO7XqsJvESFph83m6m.jpg</thumbnail>
			<fanart>https://image.tmdb.org/t/p/w1280/pIjnoUnXdLpROFzIRPNziPzgBUp.jpg</fanart>
		</item>
		<item>
			<title>The Expendables 3 (2014)</title>
			<meta>
				<content>movie</content>
				<imdb>tt2333784</imdb>
				<title>The Expendables 3</title>
				<year>2014</year>
			</meta>
			<link>
				<sublink>searchhd</sublink>
				<sublink>searchsd</sublink>
			</link>
			<thumbnail>https://image.tmdb.org/t/p/w1280/xczFwJhcCb2rUMylXam0Ni7Yn5o.jpg</thumbnail>
			<fanart>https://image.tmdb.org/t/p/w1280/5ldMfEYNk0fea8QQ0mjyrksIr1M.jpg</fanart>
		</item>
		<item>
			<title>The Matrix (1999)</title>
			<meta>
				<content>movie</content>
				<imdb>tt0133093</imdb>
				<title>The Matrix</title>
				<year>1999</year>
			</meta>
			<link>
				<sublink>searchhd</sublink>
				<sublink>searchsd</sublink>
			</link>
			<thumbnail>https://image.tmdb.org/t/p/w1280/hEpWvX6Bp79eLxY1kX5ZZJcme5U.jpg</thumbnail>
			<fanart>https://image.tmdb.org/t/p/w1280/7u3pxc0K1wx32IleAkLv78MKgrw.jpg</fanart>
		</item>
		<item>
			<title>The Matrix Reloaded (2003)</title>
			<meta>
				<content>movie</content>
				<imdb>tt0234215</imdb>
				<title>The Matrix Reloaded</title>
				<year>2003</year>
			</meta>
			<link>
				<sublink>searchhd</sublink>
				<sublink>searchsd</sublink>
			</link>
			<thumbnail>https://image.tmdb.org/t/p/w1280/ezIurBz2fdUc68d98Fp9dRf5ihv.jpg</thumbnail>
			<fanart>https://image.tmdb.org/t/p/w1280/Fp3piEuHXxKnPBO5R0Wj4wjZHg.jpg</fanart>
		</item>
		<item>
			<title>The Matrix Revolutions (2003)</title>
			<meta>
				<content>movie</content>
				<imdb>tt0242653</imdb>
				<title>The Matrix Revolutions</title>
				<year>2003</year>
			</meta>
			<link>
				<sublink>searchhd</sublink>
				<sublink>searchsd</sublink>
			</link>
			<thumbnail>https://image.tmdb.org/t/p/w1280/sKogjhfs5q3azmpW7DFKKAeLEG8.jpg</thumbnail>
			<fanart>https://image.tmdb.org/t/p/w1280/pdVHUsb2eEz9ALNTr6wfRJe5xVa.jpg</fanart>
		</item>
		<item>
			<title>The Transporter (2002)</title>
			<meta>
				<content>movie</content>
				<imdb>tt0293662</imdb>
				<title>The Transporter</title>
				<year>2002</year>
			</meta>
			<link>
				<sublink>searchhd</sublink>
				<sublink>searchsd</sublink>
			</link>
			<thumbnail>https://image.tmdb.org/t/p/w1280/vD5plFV1ec9CSIsdlPe9icCDRTL.jpg</thumbnail>
			<fanart>https://image.tmdb.org/t/p/w1280/poKaphSqmgC1vtUYGagzyU4KP2m.jpg</fanart>
		</item>
		<item>
			<title>Transporter 2 (2005)</title>
			<meta>
				<content>movie</content>
				<imdb>tt0388482</imdb>
				<title>Transporter 2</title>
				<year>2005</year>
			</meta>
			<link>
				<sublink>searchhd</sublink>
				<sublink>searchsd</sublink>
			</link>
			<thumbnail>https://image.tmdb.org/t/p/w1280/bZKkwfQf4mHYlNbmViNjmAN60zY.jpg</thumbnail>
			<fanart>https://image.tmdb.org/t/p/w1280/oda7cPvPd1EOcJgWrtiMviybPrp.jpg</fanart>
		</item>
		<item>
			<title>Transporter 3 (2008)</title>
			<meta>
				<content>movie</content>
				<imdb>tt1129442</imdb>
				<title>Transporter 3</title>
				<year>2008</year>
			</meta>
			<link>
				<sublink>searchhd</sublink>
				<sublink>searchsd</sublink>
			</link>
			<thumbnail>https://image.tmdb.org/t/p/w1280/d3rokRfJUtSg3wFaTdUKKodhfaA.jpg</thumbnail>
			<fanart>https://image.tmdb.org/t/p/w1280/rgkPGIxOWKSvQjAhn0mLuYvqfLO.jpg</fanart>
		</item>
		<item>
			<title>The Transporter Refueled (2015)</title>
			<meta>
				<content>movie</content>
				<imdb>tt2938956</imdb>
				<title>The Transporter Refueled</title>
				<year>2015</year>
			</meta>
			<link>
				<sublink>searchhd</sublink>
				<sublink>searchsd</sublink>
			</link>
			<thumbnail>https://image.tmdb.org/t/p/w1280/zW7oC3tucYLzu77xNbPbYjXUN4o.jpg</thumbnail>
			<fanart>https://image.tmdb.org/t/p/w1280/wxC0fO9fkNvdLr2joeE4AypuA3s.jpg</fanart>
		</item>
		<item>
			<title>Transformers (2007)</title>
			<meta>
				<content>movie</content>
				<imdb>tt0418279</imdb>
				<title>Transformers</title>
				<year>2007</year>
			</meta>
			<link>
				<sublink>searchhd</sublink>
				<sublink>searchsd</sublink>
			</link>
			<thumbnail>https://image.tmdb.org/t/p/w1280/bgSHbGEA1OM6qDs3Qba4VlSZsNG.jpg</thumbnail>
			<fanart>https://image.tmdb.org/t/p/w1280/qMg2eSEnPrqT6uBjrLTzqzP2sHp.jpg</fanart>
		</item>
		<item>
			<title>Transformers: Revenge of the Fallen (2009)</title>
			<meta>
				<content>movie</content>
				<imdb>tt1055369</imdb>
				<title>Transformers: Revenge of the Fallen</title>
				<year>2009</year>
			</meta>
			<link>
				<sublink>searchhd</sublink>
				<sublink>searchsd</sublink>
			</link>
			<thumbnail>https://image.tmdb.org/t/p/w1280/kVISXAXDYhjQCfu50QZeCCzzbPv.jpg</thumbnail>
			<fanart>https://image.tmdb.org/t/p/w1280/tg7UGXaUROpzY5ppPh7dnvy4l7P.jpg</fanart>
		</item>
		<item>
			<title>Transformers: Dark of the Moon (2011)</title>
			<meta>
				<content>movie</content>
				<imdb>tt1399103</imdb>
				<title>Transformers: Dark of the Moon</title>
				<year>2011</year>
			</meta>
			<link>
				<sublink>searchhd</sublink>
				<sublink>searchsd</sublink>
			</link>
			<thumbnail>https://image.tmdb.org/t/p/w1280/sZY3ls18QTY0pFBJn2vl2MmauTQ.jpg</thumbnail>
			<fanart>https://image.tmdb.org/t/p/w1280/pFc0IBKfRS16wVmZuZ1mpfP239X.jpg</fanart>
		</item>
		<item>
			<title>Transformers: Age of Extinction (2014)</title>
			<meta>
				<content>movie</content>
				<imdb>tt2109248</imdb>
				<title>Transformers: Age of Extinction</title>
				<year>2014</year>
			</meta>
			<link>
				<sublink>searchhd</sublink>
				<sublink>searchsd</sublink>
			</link>
			<thumbnail>https://image.tmdb.org/t/p/w1280/ykIZB9dYBIKV13k5igGFncT5th6.jpg</thumbnail>
			<fanart>https://image.tmdb.org/t/p/w1280/cHy7nSitAVgvZ7qfCK4JO47t3oZ.jpg</fanart>
		</item>
		<item>
			<title>Ocean's Eleven (2001)</title>
			<meta>
				<content>movie</content>
				<imdb>tt0240772</imdb>
				<title>Ocean's Eleven</title>
				<year>2001</year>
			</meta>
			<link>
				<sublink>http://filefactory.com/file/1z6rzd0g7gkf/Oceans%2011%2020011080p%20BRRip%20x265%20AC3%206CH-Dtech.mp4 (1080P Real Debrid)</sublink>
				<sublink>searchhd</sublink>
			</link>
			<thumbnail>https://image.tmdb.org/t/p/w1280/o0h76DVXvk5OKjmNez5YY0GODC2.jpg</thumbnail>
			<fanart>https://image.tmdb.org/t/p/w1280/hnGyKz0IV7MiKikrcJIlxjGcTz5.jpg</fanart>
		</item>
		<item>
			<title>Ocean's Twelve (2004)</title>
			<meta>
				<content>movie</content>
				<imdb>tt0349903</imdb>
				<title>Ocean's Twelve</title>
				<year>2004</year>
			</meta>
			<link>
				<sublink>http://filefactory.com/file/3481bmydarhv/Oceans%2012%202004%201080p%20BRRip%20x265%20AC3%206CH-Dtech.mp4 (1080P Real Debrid)</sublink>
				<sublink>searchhd</sublink>
			</link>
			<thumbnail>https://image.tmdb.org/t/p/w1280/oBJ8LF80wX8PzhnPcNO0E9lnmYA.jpg</thumbnail>
			<fanart>https://image.tmdb.org/t/p/w1280/lrqu38m0KcEqcihEy9eHjaFD4DF.jpg</fanart>
		</item>
		<item>
			<title>Ocean's Thirteen (2007)</title>
			<meta>
				<content>movie</content>
				<imdb>tt0496806</imdb>
				<title>Ocean's Thirteen</title>
				<year>2007</year>
			</meta>
			<link>
				<sublink>http://filefactory.com/file/6w9tuqqrwq67/Oceans%2013%202007%201080p%20BRRip%20x265%20AC3%206CH-Dtech.mp4 (1080P Real Debrid)</sublink>
				<sublink>searchhd</sublink>
			</link>
			<thumbnail>https://image.tmdb.org/t/p/w1280/hmQyvZiiA38KNGWwPL2QEYm6cjI.jpg</thumbnail>
			<fanart>https://image.tmdb.org/t/p/w1280/7ytb78OyijteFpFKKoZsYSvPw2u.jpg</fanart>
		</item>
		<item>
			<title>The Fast and the Furious (2001)</title>
			<meta>
				<content>movie</content>
				<imdb>tt0232500</imdb>
				<title>The Fast and the Furious</title>
				<year>2001</year>
			</meta>
			<link>
				<sublink>searchhd</sublink>
				<sublink>searchsd</sublink>
			</link>
			<thumbnail>https://image.tmdb.org/t/p/w1280/x4So4OkqnjfOSBCCNd5uosMmQiB.jpg</thumbnail>
			<fanart>https://image.tmdb.org/t/p/w1280/jY9ef5nqY4xIIMu3yzW3qamUCoi.jpg</fanart>
		</item>
		<item>
			<title>2 Fast 2 Furious (2003)</title>
			<meta>
				<content>movie</content>
				<imdb>tt0322259</imdb>
				<title>2 Fast 2 Furious</title>
				<year>2003</year>
			</meta>
			<link>
				<sublink>searchhd</sublink>
				<sublink>searchsd</sublink>
			</link>
			<thumbnail>https://image.tmdb.org/t/p/w1280/pRlDjkBTFNgMpKLfhFb4nsPQNUl.jpg</thumbnail>
			<fanart>https://image.tmdb.org/t/p/w1280/teEKGIZC25oJBQHXQwsGBMjW2bN.jpg</fanart>
		</item>
		<item>
			<title>The Fast and the Furious: Tokyo Drift (2006)</title>
			<meta>
				<content>movie</content>
				<imdb>tt0463985</imdb>
				<title>The Fast and the Furious: Tokyo Drift</title>
				<year>2006</year>
			</meta>
			<link>
				<sublink>searchhd</sublink>
				<sublink>searchsd</sublink>
			</link>
			<thumbnail>https://image.tmdb.org/t/p/w1280/f9V0iTSYwnxW6tPIjSE7jrGC7eP.jpg</thumbnail>
			<fanart>https://image.tmdb.org/t/p/w1280/67Cvciv67nyJml3DjYIKVzYMLFV.jpg</fanart>
		</item>
		<item>
			<title>Fast & Furious (2009)</title>
			<meta>
				<content>movie</content>
				<imdb>tt1013752</imdb>
				<title>Fast & Furious</title>
				<year>2009</year>
			</meta>
			<link>
				<sublink>searchhd</sublink>
				<sublink>searchsd</sublink>
			</link>
			<thumbnail>https://image.tmdb.org/t/p/w1280/ft8IqAGFs3V7i87z0t0EVRUjK1p.jpg</thumbnail>
			<fanart>https://image.tmdb.org/t/p/w1280/1R2ihQztuRTIqN3pFBR1yrBMd7w.jpg</fanart>
		</item>
		<item>
			<title>Fast Five (2011)</title>
			<meta>
				<content>movie</content>
				<imdb>tt1596343</imdb>
				<title>Fast Five</title>
				<year>2011</year>
			</meta>
			<link>
				<sublink>searchhd</sublink>
				<sublink>searchsd</sublink>
			</link>
			<thumbnail>https://image.tmdb.org/t/p/w1280/cA81CI8odKv5KHRUUzJbj83yN7c.jpg</thumbnail>
			<fanart>https://image.tmdb.org/t/p/w1280/nL1Q0micYpF5nNkaI2ZNeLuOLGZ.jpg</fanart>
		</item>
		<item>
			<title>Furious 6 (2013)</title>
			<meta>
				<content>movie</content>
				<imdb>tt1905041</imdb>
				<title>Furious 6</title>
				<year>2013</year>
			</meta>
			<link>
				<sublink>searchhd</sublink>
				<sublink>searchsd</sublink>
			</link>
			<thumbnail>https://image.tmdb.org/t/p/w1280/b9gTJKLdSbwcQRKzmqMq3dMfRwI.jpg</thumbnail>
			<fanart>https://image.tmdb.org/t/p/w1280/qjfE7SkPXpqFs8FX8rIaG6eO2aK.jpg</fanart>
		</item>
		<item>
			<title>Furious Seven (2015)</title>
			<meta>
				<content>movie</content>
				<imdb>tt2820852</imdb>
				<title>Furious Seven</title>
				<year>2015</year>
			</meta>
			<link>
				<sublink>searchhd</sublink>
				<sublink>searchsd</sublink>
			</link>
			<thumbnail>https://image.tmdb.org/t/p/w1280/dCgm7efXDmiABSdWDHBDBx2jwmn.jpg</thumbnail>
			<fanart>https://image.tmdb.org/t/p/w1280/ypyeMfKydpyuuTMdp36rMlkGDUL.jpg</fanart>
		</item>
		<item>
			<title>The Fate of the Furious (2017)</title>
			<meta>
				<content>movie</content>
				<imdb>tt4630562</imdb>
				<title>The Fate of the Furious</title>
				<year>2017</year>
			</meta>
			<link>
				<sublink>searchhd</sublink>
				<sublink>searchsd</sublink>
			</link>
			<thumbnail>https://image.tmdb.org/t/p/w1280/dImWM7GJqryWJO9LHa3XQ8DD5NH.jpg</thumbnail>
			<fanart>https://image.tmdb.org/t/p/w1280/jzdnhRhG0dsuYorwvSqPqqnM1cV.jpg</fanart>
		</item>
		<item>
			<title>The Terminator (1984)</title>
			<meta>
				<content>movie</content>
				<imdb>tt0088247</imdb>
				<title>The Terminator</title>
				<year>1984</year>
			</meta>
			<link>
				<sublink>searchhd</sublink>
				<sublink>searchsd</sublink>
			</link>
			<thumbnail>https://image.tmdb.org/t/p/w1280/q8ffBuxQlYOHrvPniLgCbmKK4Lv.jpg</thumbnail>
			<fanart>https://image.tmdb.org/t/p/w1280/6yFoLNQgFdVbA8TZMdfgVpszOla.jpg</fanart>
		</item>
		<item>
			<title>Terminator 2: Judgment Day (1991)</title>
			<meta>
				<content>movie</content>
				<imdb>tt0103064</imdb>
				<title>Terminator 2: Judgment Day</title>
				<year>1991</year>
			</meta>
			<link>
				<sublink>searchhd</sublink>
				<sublink>searchsd</sublink>
			</link>
			<thumbnail>https://image.tmdb.org/t/p/w1280/2y4dmgWYRMYXdD1UyJVcn2HSd1D.jpg</thumbnail>
			<fanart>https://image.tmdb.org/t/p/w1280/d9AqtruwS8nljKjL5aYzM42hQJr.jpg</fanart>
		</item>
		<item>
			<title>Terminator 3: Rise of the Machines (2003)</title>
			<meta>
				<content>movie</content>
				<imdb>tt0181852</imdb>
				<title>Terminator 3: Rise of the Machines</title>
				<year>2003</year>
			</meta>
			<link>
				<sublink>searchhd</sublink>
				<sublink>searchsd</sublink>
			</link>
			<thumbnail>https://image.tmdb.org/t/p/w1280/lz4xYdF1n09lyiCfZWtWT44SZiG.jpg</thumbnail>
			<fanart>https://image.tmdb.org/t/p/w1280/heNbD1JojBNz6kfHWr3O8Uk0a3a.jpg</fanart>
		</item>
		<item>
			<title>Terminator Salvation (2009)</title>
			<meta>
				<content>movie</content>
				<imdb>tt0438488</imdb>
				<title>Terminator Salvation</title>
				<year>2009</year>
			</meta>
			<link>
				<sublink>searchhd</sublink>
				<sublink>searchsd</sublink>
			</link>
			<thumbnail>https://image.tmdb.org/t/p/w1280/gw6JhlekZgtKUFlDTezq3j5JEPK.jpg</thumbnail>
			<fanart>https://image.tmdb.org/t/p/w1280/tBCOpjphzSLzC6oOjqzTEg6bJ7q.jpg</fanart>
		</item>
		<item>
			<title>Terminator Genisys (2015)</title>
			<meta>
				<content>movie</content>
				<imdb>tt1340138</imdb>
				<title>Terminator Genisys</title>
				<year>2015</year>
			</meta>
			<link>
				<sublink>searchhd</sublink>
				<sublink>searchsd</sublink>
			</link>
			<thumbnail>https://image.tmdb.org/t/p/w1280/5JU9ytZJyR3zmClGmVm9q4Geqbd.jpg</thumbnail>
			<fanart>https://image.tmdb.org/t/p/w1280/bIlYH4l2AyYvEysmS2AOfjO7Dn8.jpg</fanart>
		</item>
		<item>
			<title>Batman (1989)</title>
			<meta>
				<content>movie</content>
				<imdb>tt0096895</imdb>
				<title>Batman</title>
				<year>1989</year>
			</meta>
			<link>
				<sublink>searchhd</sublink>
				<sublink>searchsd</sublink>
			</link>
			<thumbnail>https://image.tmdb.org/t/p/w1280/kBf3g9crrADGMc2AMAMlLBgSm2h.jpg</thumbnail>
			<fanart>https://image.tmdb.org/t/p/w1280/2blmxp2pr4BhwQr74AdCfwgfMOb.jpg</fanart>
		</item>
		<item>
			<title>Batman Returns (1992)</title>
			<meta>
				<content>movie</content>
				<imdb>tt0103776</imdb>
				<title>Batman Returns</title>
				<year>1992</year>
			</meta>
			<link>
				<sublink>searchhd</sublink>
				<sublink>searchsd</sublink>
			</link>
			<thumbnail>https://image.tmdb.org/t/p/w1280/jX5THE1yW3zTdeD9dupcIyQvKiG.jpg</thumbnail>
			<fanart>https://image.tmdb.org/t/p/w1280/reQewz6KndV7Js2mfLfaaX8Rj0T.jpg</fanart>
		</item>
		<item>
			<title>Batman Forever (1995)</title>
			<meta>
				<content>movie</content>
				<imdb>tt0112462</imdb>
				<title>Batman Forever</title>
				<year>1995</year>
			</meta>
			<link>
				<sublink>searchhd</sublink>
				<sublink>searchsd</sublink>
			</link>
			<thumbnail>https://image.tmdb.org/t/p/w1280/eTMrHEhlFPHNxpqGwpGGTdAa0xV.jpg</thumbnail>
			<fanart>https://image.tmdb.org/t/p/w1280/bbaiw9VmrHXY3mhCDpj5XB2I5We.jpg</fanart>
		</item>
		<item>
			<title>Batman & Robin (1997)</title>
			<meta>
				<content>movie</content>
				<imdb>tt0118688</imdb>
				<title>Batman & Robin</title>
				<year>1997</year>
			</meta>
			<link>
				<sublink>searchhd</sublink>
				<sublink>searchsd</sublink>
			</link>
			<thumbnail>https://image.tmdb.org/t/p/w1280/79AYCcxw3kSKbhGpx1LiqaCAbwo.jpg</thumbnail>
			<fanart>https://image.tmdb.org/t/p/w1280/39jbxGwfR4wHBV7apo3JiNdHDHq.jpg</fanart>
		</item>
		<item>
			<title>Batman Begins (2005)</title>
			<meta>
				<content>movie</content>
				<imdb>tt0372784</imdb>
				<title>Batman Begins</title>
				<year>2005</year>
			</meta>
			<link>
				<sublink>searchhd</sublink>
				<sublink>searchsd</sublink>
			</link>
			<thumbnail>https://image.tmdb.org/t/p/w1280/dr6x4GyyegBWtinPBzipY02J2lV.jpg</thumbnail>
			<fanart>https://image.tmdb.org/t/p/w1280/65JWXDCAfwHhJKnDwRnEgVB411X.jpg</fanart>
		</item>
		<item>
			<title>The Dark Knight (2008)</title>
			<meta>
				<content>movie</content>
				<imdb>tt0468569</imdb>
				<title>The Dark Knight</title>
				<year>2008</year>
			</meta>
			<link>
				<sublink>searchhd</sublink>
				<sublink>searchsd</sublink>
			</link>
			<thumbnail>https://image.tmdb.org/t/p/w1280/1hRoyzDtpgMU7Dz4JF22RANzQO7.jpg</thumbnail>
			<fanart>https://image.tmdb.org/t/p/w1280/hqkIcbrOHL86UncnHIsHVcVmzue.jpg</fanart>
		</item>
		<item>
			<title>The Dark Knight Rises (2012)</title>
			<meta>
				<content>movie</content>
				<imdb>tt1345836</imdb>
				<title>The Dark Knight Rises</title>
				<year>2012</year>
			</meta>
			<link>
				<sublink>searchhd</sublink>
				<sublink>searchsd</sublink>
			</link>
			<thumbnail>https://image.tmdb.org/t/p/w1280/dEYnvnUfXrqvqeRSqvIEtmzhoA8.jpg</thumbnail>
			<fanart>https://image.tmdb.org/t/p/w1280/f6ljQGv7WnJuwBPty017oPWfqjx.jpg</fanart>
		</item>
		<item>
			<title>Die Hard (1988)</title>
			<meta>
				<content>movie</content>
				<imdb>tt0095016</imdb>
				<title>Die Hard</title>
				<year>1988</year>
			</meta>
			<link>
				<sublink>searchhd</sublink>
				<sublink>searchsd</sublink>
			</link>
			<thumbnail>https://image.tmdb.org/t/p/w1280/mc7MubOLcIw3MDvnuQFrO9psfCa.jpg</thumbnail>
			<fanart>https://image.tmdb.org/t/p/w1280/q4NRgTyah0KfxXB0P4DBk0lJR7P.jpg</fanart>
		</item>
		<item>
			<title>Die Hard 2 (1990)</title>
			<meta>
				<content>movie</content>
				<imdb>tt0099423</imdb>
				<title>Die Hard 2</title>
				<year>1990</year>
			</meta>
			<link>
				<sublink>searchhd</sublink>
				<sublink>searchsd</sublink>
			</link>
			<thumbnail>https://image.tmdb.org/t/p/w1280/zSgL998DXaljsCmwQuwDM8Ak4rV.jpg</thumbnail>
			<fanart>https://image.tmdb.org/t/p/w1280/kywkOlRpYtfVlar41R1s8lO46vD.jpg</fanart>
		</item>
		<item>
			<title>Die Hard with a Vengeance (1995)</title>
			<meta>
				<content>movie</content>
				<imdb>tt0112864</imdb>
				<title>Die Hard with a Vengeance</title>
				<year>1995</year>
			</meta>
			<link>
				<sublink>searchhd</sublink>
				<sublink>searchsd</sublink>
			</link>
			<thumbnail>https://image.tmdb.org/t/p/w1280/ivpXGcsPZglyYrN65THWSD7JM3q.jpg</thumbnail>
			<fanart>https://image.tmdb.org/t/p/w1280/aJCEQFFXNcfg5YneJzTG15qzxF7.jpg</fanart>
		</item>
		<item>
			<title>Live Free or Die Hard (2007)</title>
			<meta>
				<content>movie</content>
				<imdb>tt0337978</imdb>
				<title>Live Free or Die Hard</title>
				<year>2007</year>
			</meta>
			<link>
				<sublink>searchhd</sublink>
				<sublink>searchsd</sublink>
			</link>
			<thumbnail>https://image.tmdb.org/t/p/w1280/pHWgbaXiQD2nmex7u8Xv6XmhaZS.jpg</thumbnail>
			<fanart>https://image.tmdb.org/t/p/w1280/74J904knbahSF7csIEfmRtmdi0t.jpg</fanart>
		</item>
		<item>
			<title>A Good Day to Die Hard (2013)</title>
			<meta>
				<content>movie</content>
				<imdb>tt1606378</imdb>
				<title>A Good Day to Die Hard</title>
				<year>2013</year>
			</meta>
			<link>
				<sublink>searchhd</sublink>
				<sublink>searchsd</sublink>
			</link>
			<thumbnail>https://image.tmdb.org/t/p/w1280/c2SQMd00CCGTiDxGXVqA2J9lmzF.jpg</thumbnail>
			<fanart>https://image.tmdb.org/t/p/w1280/17zArExB7ztm6fjUXZwQWgGMC9f.jpg</fanart>
		</item>
		<item>
			<title>Iron Man (2008)</title>
			<meta>
				<content>movie</content>
				<imdb>tt0371746</imdb>
				<title>Iron Man</title>
				<year>2008</year>
			</meta>
			<link>
				<sublink>searchhd</sublink>
				<sublink>searchsd</sublink>
			</link>
			<thumbnail>https://image.tmdb.org/t/p/w1280/848chlIWVT41VtAAgyh9bWymAYb.jpg</thumbnail>
			<fanart>https://image.tmdb.org/t/p/w1280/ZQixhAZx6fH1VNafFXsqa1B8QI.jpg</fanart>
		</item>
		<item>
			<title>Iron Man 2 (2010)</title>
			<meta>
				<content>movie</content>
				<imdb>tt1228705</imdb>
				<title>Iron Man 2</title>
				<year>2010</year>
			</meta>
			<link>
				<sublink>searchhd</sublink>
				<sublink>searchsd</sublink>
			</link>
			<thumbnail>https://image.tmdb.org/t/p/w1280/ArqpkNYGfcTIA6umWt6xihfIZZv.jpg</thumbnail>
			<fanart>https://image.tmdb.org/t/p/w1280/jxdSxqAFrdioKgXwgTs5Qfbazjq.jpg</fanart>
		</item>
		<item>
			<title>Iron Man Three (2013)</title>
			<meta>
				<content>movie</content>
				<imdb>tt1300854</imdb>
				<title>Iron Man Three</title>
				<year>2013</year>
			</meta>
			<link>
				<sublink>searchhd</sublink>
				<sublink>searchsd</sublink>
			</link>
			<thumbnail>https://image.tmdb.org/t/p/w1280/1Ilv6ryHUv6rt9zIsbSEJUmmbEi.jpg</thumbnail>
			<fanart>https://image.tmdb.org/t/p/w1280/n9X2DKItL3V0yq1q1jrk8z5UAki.jpg</fanart>
		</item>
		<item>
			<title>The Avengers (2012)</title>
			<meta>
				<content>movie</content>
				<imdb>tt0848228</imdb>
				<title>The Avengers</title>
				<year>2012</year>
			</meta>
			<link>
				<sublink>searchhd</sublink>
				<sublink>searchsd</sublink>
			</link>
			<thumbnail>https://image.tmdb.org/t/p/w1280/cezWGskPY5x7GaglTTRN4Fugfb8.jpg</thumbnail>
			<fanart>https://image.tmdb.org/t/p/w1280/hbn46fQaRmlpBuUrEiFqv0GDL6Y.jpg</fanart>
		</item>
		<item>
			<title>Avengers: Age of Ultron (2015)</title>
			<meta>
				<content>movie</content>
				<imdb>tt2395427</imdb>
				<title>Avengers: Age of Ultron</title>
				<year>2015</year>
			</meta>
			<link>
				<sublink>searchhd</sublink>
				<sublink>searchsd</sublink>
			</link>
			<thumbnail>https://image.tmdb.org/t/p/w1280/t90Y3G8UGQp0f0DrP60wRu9gfrH.jpg</thumbnail>
			<fanart>https://image.tmdb.org/t/p/w1280/rFtsE7Lhlc2jRWF7SRAU0fvrveQ.jpg</fanart>
		</item>
		<item>
			<title>Avengers: Infinity War (2018)</title>
			<meta>
				<content>movie</content>
				<imdb>tt4154756</imdb>
				<title>Avengers: Infinity War</title>
				<year>2018</year>
			</meta>
			<link>
				<sublink>searchhd</sublink>
				<sublink>searchsd</sublink>
			</link>
			<thumbnail>https://image.tmdb.org/t/p/w1280/7WsyChQLEftFiDOVTGkv3hFpyyt.jpg</thumbnail>
			<fanart>https://image.tmdb.org/t/p/w1280/bOGkgRGdhrBYJSLpXaxhXVstddV.jpg</fanart>
		</item>
		<item>
			<title>Untitled Avengers Movie (2019)</title>
			<meta>
				<content>movie</content>
				<imdb>tt4154796</imdb>
				<title>Untitled Avengers Movie</title>
				<year>2019</year>
			</meta>
			<link>
				<sublink>searchhd</sublink>
				<sublink>searchsd</sublink>
			</link>
			<thumbnail>https://image.tmdb.org/t/p/w1280/guViKKIY0D5UlfQcHnusB8zrJqc.jpg</thumbnail>
			<fanart>https://image.tmdb.org/t/p/w1280/nTHHdGBwGIxFcA6ygwz3s9oZ5pj.jpg</fanart>
		</item>
		<item>
			<title>Alien (1979)</title>
			<meta>
				<content>movie</content>
				<imdb>tt0078748</imdb>
				<title>Alien</title>
				<year>1979</year>
			</meta>
			<link>
				<sublink>searchhd</sublink>
				<sublink>searchsd</sublink>
			</link>
			<thumbnail>https://image.tmdb.org/t/p/w1280/2h00HrZs89SL3tXB4nbkiM7BKHs.jpg</thumbnail>
			<fanart>https://image.tmdb.org/t/p/w1280/dfNrZ82poQ8blHWJreIv6JZQ9JA.jpg</fanart>
		</item>
		<item>
			<title>Aliens (1986)</title>
			<meta>
				<content>movie</content>
				<imdb>tt0090605</imdb>
				<title>Aliens</title>
				<year>1986</year>
			</meta>
			<link>
				<sublink>searchhd</sublink>
				<sublink>searchsd</sublink>
			</link>
			<thumbnail>https://image.tmdb.org/t/p/w1280/nORMXEkYEbzkU5WkMWMgRDJwjSZ.jpg</thumbnail>
			<fanart>https://image.tmdb.org/t/p/w1280/fYoe6SqpNpTjUIIZhLGHfHu1Nt8.jpg</fanart>
		</item>
		<item>
			<title>Alienxb3 (1992)</title>
			<meta>
				<content>movie</content>
				<imdb>tt0103644</imdb>
				<title>Alienxb3</title>
				<year>1992</year>
			</meta>
			<link>
				<sublink>searchhd</sublink>
				<sublink>searchsd</sublink>
			</link>
			<thumbnail>https://image.tmdb.org/t/p/w1280/p7mUd9GpmCYV5qhkKGmiEerFK3i.jpg</thumbnail>
			<fanart>https://image.tmdb.org/t/p/w1280/nDPuIjpJyGDOnNEby5ZgkRBxymS.jpg</fanart>
		</item>
		<item>
			<title>Alien: Resurrection (1997)</title>
			<meta>
				<content>movie</content>
				<imdb>tt0118583</imdb>
				<title>Alien: Resurrection</title>
				<year>1997</year>
			</meta>
			<link>
				<sublink>searchhd</sublink>
				<sublink>searchsd</sublink>
			</link>
			<thumbnail>https://image.tmdb.org/t/p/w1280/2mavulZivbQa8XZlRA6h3hmesl7.jpg</thumbnail>
			<fanart>https://image.tmdb.org/t/p/w1280/1F8KilfgVwWTB1tIzfwoKUvPqpl.jpg</fanart>
		</item>
		<item>
			<title>Jurassic Park (1993)</title>
			<meta>
				<content>movie</content>
				<imdb>tt0107290</imdb>
				<title>Jurassic Park</title>
				<year>1993</year>
			</meta>
			<link>
				<sublink>searchhd</sublink>
				<sublink>searchsd</sublink>
			</link>
			<thumbnail>https://image.tmdb.org/t/p/w1280/c414cDeQ9b6qLPLeKmiJuLDUREJ.jpg</thumbnail>
			<fanart>https://image.tmdb.org/t/p/w1280/8LZ0r7r2SdJIApRvGo2k6CXHq8x.jpg</fanart>
		</item>
		<item>
			<title>The Lost World: Jurassic Park (1997)</title>
			<meta>
				<content>movie</content>
				<imdb>tt0119567</imdb>
				<title>The Lost World: Jurassic Park</title>
				<year>1997</year>
			</meta>
			<link>
				<sublink>searchhd</sublink>
				<sublink>searchsd</sublink>
			</link>
			<thumbnail>https://image.tmdb.org/t/p/w1280/u1fXmEQUCI9CjyHCCYOPBSq2DYo.jpg</thumbnail>
			<fanart>https://image.tmdb.org/t/p/w1280/fV88qtY79tdqoM8GQ8dBZs183Vd.jpg</fanart>
		</item>
		<item>
			<title>Jurassic Park III (2001)</title>
			<meta>
				<content>movie</content>
				<imdb>tt0163025</imdb>
				<title>Jurassic Park III</title>
				<year>2001</year>
			</meta>
			<link>
				<sublink>searchhd</sublink>
				<sublink>searchsd</sublink>
			</link>
			<thumbnail>https://image.tmdb.org/t/p/w1280/26L7XODsNlxX3VwkfuUnYOslbRF.jpg</thumbnail>
			<fanart>https://image.tmdb.org/t/p/w1280/5tNgurgAzF3teAziqpX83gaA9d1.jpg</fanart>
		</item>
		<item>
			<title>Jurassic World (2015)</title>
			<meta>
				<content>movie</content>
				<imdb>tt0369610</imdb>
				<title>Jurassic World</title>
				<year>2015</year>
			</meta>
			<link>
				<sublink>searchhd</sublink>
				<sublink>searchsd</sublink>
			</link>
			<thumbnail>https://image.tmdb.org/t/p/w1280/jjBgi2r5cRt36xF6iNUEhzscEcb.jpg</thumbnail>
			<fanart>https://image.tmdb.org/t/p/w1280/t5KONotASgVKq4N19RyhIthWOPG.jpg</fanart>
		</item>
	</wannabe>
</dipshit>