<dipshit>
    <wannabe>
		<item>
			<title>G-Force (2009)</title>
			<meta>
				<content>movie</content>
				<imdb>tt0436339</imdb>
				<title>G-Force</title>
				<year>2009</year>
			</meta>
			<link>
				<sublink>searchhd</sublink>
				<sublink>searchsd</sublink>
			</link>
			<thumbnail>https://image.tmdb.org/t/p/w1280/ecTQ40F6Ob4JW2qMRUf8ThxViyd.jpg</thumbnail>
			<fanart>https://image.tmdb.org/t/p/w1280/dnBiiPKJnIKb1e8BcDo3cicdjFG.jpg</fanart>
		</item>
		<item>
			<title>Geek Charming (2011 TV Movie)</title>
			<meta>
				<content>movie</content>
				<imdb>tt1835977</imdb>
				<title>Geek Charming</title>
				<year>2011 TV Movie</year>
			</meta>
			<link>
				<sublink>searchhd</sublink>
				<sublink>searchsd</sublink>
			</link>
			<thumbnail>https://image.tmdb.org/t/p/w1280/7y02xiRSFqAh9yE6M5xz5bMAkKa.jpg</thumbnail>
			<fanart>https://image.tmdb.org/t/p/w1280/f5I3aQ9nSsaYqWXI0IJILZqhDli.jpg</fanart>
		</item>
		<item>
			<title>Geri's Game (1997)</title>
			<meta>
				<content>movie</content>
				<imdb>tt0131409</imdb>
				<title>Geri's Game</title>
				<year>1997</year>
			</meta>
			<link>
				<sublink>searchhd</sublink>
				<sublink>searchsd</sublink>
			</link>
			<thumbnail>https://image.tmdb.org/t/p/w1280/1yqWnnRtbixqolHARRH4KymNBhj.jpg</thumbnail>
			<fanart>https://image.tmdb.org/t/p/w1280/baddGVlv1zk1RDhf0dKUHyKxcQq.jpg</fanart>
		</item>
		<item>
			<title>Ghost Busters (1984)</title>
			<meta>
				<content>movie</content>
				<imdb>tt0087332</imdb>
				<title>Ghost Busters</title>
				<year>1984</year>
			</meta>
			<link>
				<sublink>searchhd</sublink>
				<sublink>searchsd</sublink>
			</link>
			<thumbnail>https://image.tmdb.org/t/p/w1280/3FS3oBdorgczgfCkFi2u8ZTFfpS.jpg</thumbnail>
			<fanart>https://image.tmdb.org/t/p/w1280/lIQKmTXxBM0SjdA4lJyV8aFZ6tg.jpg</fanart>
		</item>
		<item>
			<title>Ghostbusters II (1989)</title>
			<meta>
				<content>movie</content>
				<imdb>tt0097428</imdb>
				<title>Ghostbusters II</title>
				<year>1989</year>
			</meta>
			<link>
				<sublink>searchhd</sublink>
				<sublink>searchsd</sublink>
			</link>
			<thumbnail>https://image.tmdb.org/t/p/w1280/4nN0EYNbOWHJ9UO39maO5Kvcdfa.jpg</thumbnail>
			<fanart>https://image.tmdb.org/t/p/w1280/tDlsTDtC15kJd4vrkQkxqoW4Pse.jpg</fanart>
		</item>
		<item>
			<title>Go Figure (2005)</title>
			<meta>
				<content>movie</content>
				<imdb>tt0447987</imdb>
				<title>Go Figure</title>
				<year>2005</year>
			</meta>
			<link>
				<sublink>searchhd</sublink>
				<sublink>searchsd</sublink>
			</link>
			<thumbnail>https://image.tmdb.org/t/p/w1280/z6OmUTT7nmsWIaIyXxnVzM8BeOZ.jpg</thumbnail>
			<fanart>https://image.tmdb.org/t/p/w1280/3OVtMNUmQ8N4MRaEilIOkHYMXN7.jpg</fanart>
		</item>
		<item>
			<title>Good Burger (1997)</title>
			<meta>
				<content>movie</content>
				<imdb>tt0119215</imdb>
				<title>Good Burger</title>
				<year>1997</year>
			</meta>
			<link>
				<sublink>searchhd</sublink>
				<sublink>searchsd</sublink>
			</link>
			<thumbnail>https://image.tmdb.org/t/p/w1280/iMF2tXISr0PcgdZaQDKI4cKQnR4.jpg</thumbnail>
			<fanart>https://image.tmdb.org/t/p/w1280/cJcPLZe8VUnJzVYuRlYE7l1dWEr.jpg</fanart>
		</item>
		<item>
			<title>Good Luck Charlie, It's Christmas! (2011 TV Movie)</title>
			<meta>
				<content>movie</content>
				<imdb>tt1828976</imdb>
				<title>Good Luck Charlie, It's Christmas!</title>
				<year>2011 TV Movie</year>
			</meta>
			<link>
				<sublink>searchhd</sublink>
				<sublink>searchsd</sublink>
			</link>
			<thumbnail>https://image.tmdb.org/t/p/w1280/p3Lo5mBJgKIXdaX91sfXeCI9BqY.jpg</thumbnail>
			<fanart>https://image.tmdb.org/t/p/w1280/nnQrxzPtMqgAdgeyiinmXEppA0P.jpg</fanart>
		</item>
		<item>
			<title>Gulliver Mickey (1934)</title>
			<meta>
				<content>movie</content>
				<imdb>tt0025211</imdb>
				<title>Gulliver Mickey</title>
				<year>1934</year>
			</meta>
			<link>
				<sublink>searchhd</sublink>
				<sublink>searchsd</sublink>
			</link>
			<thumbnail>https://image.tmdb.org/t/p/w1280/rjXUJ7utIQoPQd2xaHMSAH8tL2R.jpg</thumbnail>
			<fanart>https://image.tmdb.org/t/p/w1280/gGwVzjmowQZb0oBZuh0UlI2Th00.jpg</fanart>
		</item>
		<item>
			<title>Halloweentown (1998)</title>
			<meta>
				<content>movie</content>
				<imdb>tt0173886</imdb>
				<title>Halloweentown</title>
				<year>1998 TV Movie</year>
			</meta>
			<link>
				<sublink>searchhd</sublink>
				<sublink>searchsd</sublink>
			</link>
			<thumbnail>https://image.tmdb.org/t/p/w1280/ih2qNTuutdoG5Ll7CHxNgFpCBX3.jpg</thumbnail>
			<fanart>https://image.tmdb.org/t/p/w1280/e1OcVRalbeE00CHU0ZUBBgtTqW4.jpg</fanart>
		</item>
		<item>
			<title>Happy Feet (2006)</title>
			<meta>
				<content>movie</content>
				<imdb>tt0366548</imdb>
				<title>Happy Feet</title>
				<year>2006</year>
			</meta>
			<link>
				<sublink>searchhd</sublink>
				<sublink>searchsd</sublink>
			</link>
			<thumbnail>https://image.tmdb.org/t/p/w1280/8RLEzftZK87S2usLsQoYtyNYzoV.jpg</thumbnail>
			<fanart>https://image.tmdb.org/t/p/w1280/xgLMY1VCwM8SJq6HB3ZMpYL6mic.jpg</fanart>
		</item>
		<item>
			<title>Happy Feet Two (2011)</title>
			<meta>
				<content>movie</content>
				<imdb>tt1402488</imdb>
				<title>Happy Feet Two</title>
				<year>2011</year>
			</meta>
			<link>
				<sublink>searchhd</sublink>
				<sublink>searchsd</sublink>
			</link>
			<thumbnail>https://image.tmdb.org/t/p/w1280/gY8lWCObaGvcDsmeM8QHBF4AZVk.jpg</thumbnail>
			<fanart>https://image.tmdb.org/t/p/w1280/4MnCCfVAvLx7pP9ZvMQyvkb5awB.jpg</fanart>
		</item>
		<item>
			<title>Hannah Montana: The Movie (2009)</title>
			<meta>
				<content>movie</content>
				<imdb>tt1114677</imdb>
				<title>Hannah Montana: The Movie</title>
				<year>2009</year>
			</meta>
			<link>
				<sublink>searchhd</sublink>
				<sublink>searchsd</sublink>
			</link>
			<thumbnail>https://image.tmdb.org/t/p/w1280/cYCIdMIqCHHJoWeExVOxjfdDxa8.jpg</thumbnail>
			<fanart>https://image.tmdb.org/t/p/w1280/ezx3NkXNqf2KnJCP6Nfj1bfCFut.jpg</fanart>
		</item>
		<item>
			<title>Harry and the Hendersons (1987)</title>
			<meta>
				<content>movie</content>
				<imdb>tt0093148</imdb>
				<title>Harry and the Hendersons</title>
				<year>1987</year>
			</meta>
			<link>
				<sublink>searchhd</sublink>
				<sublink>searchsd</sublink>
			</link>
			<thumbnail>https://image.tmdb.org/t/p/w1280/mhpajPCVjE3y4wgDLichDF5Peq8.jpg</thumbnail>
			<fanart>https://image.tmdb.org/t/p/w1280/zpLxlU7tZ3wnAKudHOlhuluR5nm.jpg</fanart>
		</item>
		<item>
			<title>Hatching Pete (2009)</title>
			<meta>
				<content>movie</content>
				<imdb>tt1222818</imdb>
				<title>Hatching Pete</title>
				<year>2009</year>
			</meta>
			<link>
				<sublink>searchhd</sublink>
				<sublink>searchsd</sublink>
			</link>
			<thumbnail>https://image.tmdb.org/t/p/w1280/lqUwNhF0W4Nzxv1T6LOfKlvO6GI.jpg</thumbnail>
			<fanart>https://image.tmdb.org/t/p/w1280/rCwvc05KW5bBJfjpbgLGEKHBUZU.jpg</fanart>
		</item>
		<item>
			<title>Heavy Weights (1995)</title>
			<meta>
				<content>movie</content>
				<imdb>tt0110006</imdb>
				<title>Heavy Weights</title>
				<year>1995</year>
			</meta>
			<link>
				<sublink>searchhd</sublink>
				<sublink>searchsd</sublink>
			</link>
			<thumbnail>https://image.tmdb.org/t/p/w1280/j6bhaWGuhL5nyRK0FdpnRIBDlp3.jpg</thumbnail>
			<fanart>https://image.tmdb.org/t/p/w1280/v7EWaru1m8bNxwsVPDUSc4WfWJ8.jpg</fanart>
		</item>
		<item>
			<title>Hell's Bells (1929)</title>
			<meta>
				<content>movie</content>
				<imdb>tt0019975</imdb>
				<title>Hell's Bells</title>
				<year>1929</year>
			</meta>
			<link>
				<sublink>searchhd</sublink>
				<sublink>searchsd</sublink>
			</link>
			<thumbnail>https://image.tmdb.org/t/p/w1280/oLOkU3Lssl8iuF2DzVcVre8TrS2.jpg</thumbnail>
			<fanart>https://image.tmdb.org/t/p/w1280/qB4lvE3xD4L291vNkEjtiXCgIrx.jpg</fanart>
		</item>
        <item>
            <title>[COLOR orange]Hercules[/COLOR]</title>
            <meta>
                <imdb>tt0119282</imdb>
                <content>movie</content>
                <title>Hercules</title>
                <year>1997</year>
            </meta>
            <link>
                <sublink>searchhd</sublink>
                <sublink>searchsd</sublink>
            </link>
            <thumbnail>https://image.tmdb.org/t/p/w1280/yds93kIrmH1aNN0YKAcHLyOkNEV.jpg</thumbnail>
            <fanart>https://image.tmdb.org/t/p/w1280/lxLnW7rV0Xs1HijLEVoOlTMrjKu.jpg</fanart>
        </item>
		<item>
			<title>Hocus Pocus (1993)</title>
			<meta>
				<content>movie</content>
				<imdb>tt0107120</imdb>
				<title>Hocus Pocus</title>
				<year>1993</year>
			</meta>
			<link>
				<sublink>searchhd</sublink>
				<sublink>searchsd</sublink>
			</link>
			<thumbnail>https://image.tmdb.org/t/p/w1280/4boIuVTbEYv9pynSj99jK5EezfA.jpg</thumbnail>
			<fanart>https://image.tmdb.org/t/p/w1280/tFNHw6u2UQ3jW1xuciD0mQmcLZn.jpg</fanart>
		</item>
		<item>
			<title>Holes (2003)</title>
			<meta>
				<content>movie</content>
				<imdb>tt0311289</imdb>
				<title>Holes</title>
				<year>2003</year>
			</meta>
			<link>
				<sublink>searchhd</sublink>
				<sublink>searchsd</sublink>
			</link>
			<thumbnail>https://image.tmdb.org/t/p/w1280/88HeeiJ6Vgu329KCcFC4cEcicPr.jpg</thumbnail>
			<fanart>https://image.tmdb.org/t/p/w1280/4cWk8xSRj4Ahz2yeZRqQr2m67lH.jpg</fanart>
		</item>
        <item>
            <title>[COLOR orange]Home[/COLOR]</title>
            <meta>
                <imdb>tt2224026</imdb>
                <content>movie</content>
                <title>Home</title>
                <year>2015</year>
            </meta>
            <link>
                <sublink>searchhd</sublink>
                <sublink>searchsd</sublink>
            </link>
            <thumbnail>https://image.tmdb.org/t/p/w1280/8WmT9i9sili2uLNzGGm3nc7AUR3.jpg</thumbnail>
            <fanart>https://image.tmdb.org/t/p/w1280/6xjBbCZp3bXFps5ET1Y4zfq6bws.jpg</fanart>
        </item>
		<item>
			<title>Home Alone (1990)</title>
			<meta>
				<content>movie</content>
				<imdb>tt0099785</imdb>
				<title>Home Alone</title>
				<year>1990</year>
			</meta>
			<link>
				<sublink>searchhd</sublink>
				<sublink>searchsd</sublink>
			</link>
			<thumbnail>https://image.tmdb.org/t/p/w1280/5Lo3sWuvbO4AnrAHYBgB5U1Opqd.jpg</thumbnail>
			<fanart>https://image.tmdb.org/t/p/w1280/vUyDnfk7DHaozfl1cXFh6PzbUW4.jpg</fanart>
		</item>
		<item>
			<title>Home Alone 2: Lost in New York (1992)</title>
			<meta>
				<content>movie</content>
				<imdb>tt0104431</imdb>
				<title>Home Alone 2: Lost in New York</title>
				<year>1992</year>
			</meta>
			<link>
				<sublink>searchhd</sublink>
				<sublink>searchsd</sublink>
			</link>
			<thumbnail>https://image.tmdb.org/t/p/w1280/ezGcLFTvwR64I3Z7RqHnXRFet4r.jpg</thumbnail>
			<fanart>https://image.tmdb.org/t/p/w1280/dS1EMlZK8Axj5wrgRpWGLOb85KN.jpg</fanart>
		</item>
        <item>
            <title>[COLOR red]Home on the Range[/COLOR]</title>
            <meta>
                <imdb>tt0299172</imdb>
                <content>movie</content>
                <title>Home on the Range</title>
                <year>2004</year>
            </meta>
            <link>
                <sublink>searchhd</sublink>
                <sublink>searchsd</sublink>
            </link>
            <thumbnail>https://image.tmdb.org/t/p/w1280/1KFa2Mzzn2DMlC95eJwRYgRsHI.jpg</thumbnail>
            <fanart>https://image.tmdb.org/t/p/w1280/rQKlcMY8i3elENXEHlkAbQr3xiG.jpg</fanart>
        </item>
        <item>
            <title>[COLOR red]How to Train Your Dragon[/COLOR]</title>
            <meta>
                <imdb>tt0892769</imdb>
                <content>movie</content>
                <title>How to Train Your Dragon</title>
                <year>2010</year>
            </meta>
            <link>
                <sublink>searchhd</sublink>
                <sublink>searchsd</sublink>
            </link>
            <thumbnail>https://image.tmdb.org/t/p/w1280/hIXX3IRFy0InUOmYeWjvhCAgQNj.jpg</thumbnail>
            <fanart>https://image.tmdb.org/t/p/w1280/3eR9HOkPZUbrGWDRdKHeKoiMLc4.jpg</fanart>
        </item>
        <item>
            <title>[COLOR orange]How to Train Your Dragon 2[/COLOR]</title>
            <meta>
                <imdb>tt1646971</imdb>
                <content>movie</content>
                <title>How to Train Your Dragon 2</title>
                <year>2014</year>
            </meta>
            <link>
                <sublink>searchhd</sublink>
                <sublink>searchsd</sublink>
            </link>
            <thumbnail>https://image.tmdb.org/t/p/w1280/lRjOR4uclMQijUav4OjeZprlehu.jpg</thumbnail>
            <fanart>https://image.tmdb.org/t/p/w1280/cHTJxPcq3hlshzOgHDRMCF8Wb9K.jpg</fanart>
        </item>
		<item>
			<title>Honey I Blew Up the Kid (1992)</title>
			<meta>
				<content>movie</content>
				<imdb>tt0104437</imdb>
				<title>Honey I Blew Up the Kid</title>
				<year>1992</year>
			</meta>
			<link>
				<sublink>searchhd</sublink>
				<sublink>searchsd</sublink>
			</link>
			<thumbnail>https://image.tmdb.org/t/p/w1280/gwda8CnPAfHGwygclGiKddt60fX.jpg</thumbnail>
			<fanart>https://image.tmdb.org/t/p/w1280/ae2oJzjdGcGo14iECNnkcnLlUyI.jpg</fanart>
		</item>
		<item>
			<title>Honey, I Shrunk the Kids (1989)</title>
			<meta>
				<content>movie</content>
				<imdb>tt0097523</imdb>
				<title>Honey, I Shrunk the Kids</title>
				<year>1989</year>
			</meta>
			<link>
				<sublink>searchhd</sublink>
				<sublink>searchsd</sublink>
			</link>
			<thumbnail>https://image.tmdb.org/t/p/w1280/f5eFxKYAd7hN1BxYzBg9qL1SDRe.jpg</thumbnail>
			<fanart>https://image.tmdb.org/t/p/w1280/5AhzhhWMD7VxjXjvr1Cx3BmPxyj.jpg</fanart>
		</item>
		<item>
			<title>Honey, We Shrunk Ourselves! (1997 Video)</title>
			<meta>
				<content>movie</content>
				<imdb>tt0119310</imdb>
				<title>Honey, We Shrunk Ourselves!</title>
				<year>1997 Video</year>
			</meta>
			<link>
				<sublink>searchhd</sublink>
				<sublink>searchsd</sublink>
			</link>
			<thumbnail>https://image.tmdb.org/t/p/w1280/9QNAFB9apYxxGPa2F7BsiREMUA4.jpg</thumbnail>
			<fanart>https://image.tmdb.org/t/p/w1280/43gS2YVc4GLSfKiIpOTt8GChRHZ.jpg</fanart>
		</item>
		<item>
			<title>Hook (1991)</title>
			<meta>
				<content>movie</content>
				<imdb>tt0102057</imdb>
				<title>Hook</title>
				<year>1991</year>
			</meta>
			<link>
				<sublink>searchhd</sublink>
				<sublink>searchsd</sublink>
			</link>
			<thumbnail>https://image.tmdb.org/t/p/w1280/6plGuz8L3fvkuENB0G2ZpBz6kej.jpg</thumbnail>
			<fanart>https://image.tmdb.org/t/p/w1280/zkBN7dRpNiK4aaWF6c4WfecyXof.jpg</fanart>
		</item>
		<item>
			<title>Horton Hears a Who! (2008)</title>
			<meta>
				<content>movie</content>
				<imdb>tt0451079</imdb>
				<title>Horton Hears a Who!</title>
				<year>2008</year>
			</meta>
			<link>
				<sublink>searchhd</sublink>
				<sublink>searchsd</sublink>
			</link>
			<thumbnail>https://image.tmdb.org/t/p/w1280/cYc2MbsXsDbMcf3tZDSiuNLn7kn.jpg</thumbnail>
			<fanart>https://image.tmdb.org/t/p/w1280/jft2L1Jhe9xhKhB5uYBzYIjGXkw.jpg</fanart>
		</item>
		<item>
			<title>Hotel Transylvania (2012)</title>
			<meta>
				<content>movie</content>
				<imdb>tt0837562</imdb>
				<title>Hotel Transylvania</title>
				<year>2012</year>
			</meta>
			<link>
				<sublink>searchhd</sublink>
				<sublink>searchsd</sublink>
			</link>
			<thumbnail>https://image.tmdb.org/t/p/w1280/9qugesYpAWHUpdrw2w8URSGkAPt.jpg</thumbnail>
			<fanart>https://image.tmdb.org/t/p/w1280/sETTal2HPPkUC3lWc27HL1AFu9C.jpg</fanart>
		</item>
		<item>
			<title>Hotel Transylvania 2 (2015)</title>
			<meta>
				<content>movie</content>
				<imdb>tt2510894</imdb>
				<title>Hotel Transylvania 2</title>
				<year>2015</year>
			</meta>
			<link>
				<sublink>searchhd</sublink>
				<sublink>searchsd</sublink>
			</link>
			<thumbnail>https://image.tmdb.org/t/p/w1280/5BGjNYVHWynVNIbo3eF6XhPeB1J.jpg</thumbnail>
			<fanart>https://image.tmdb.org/t/p/w1280/h3t4zZPteUPqyDBrmz5Z2zzGM61.jpg</fanart>
		</item>
		<item>
			<title>How to Train Your Dragon (2010)</title>
			<meta>
				<content>movie</content>
				<imdb>tt0892769</imdb>
				<title>How to Train Your Dragon</title>
				<year>2010</year>
			</meta>
			<link>
				<sublink>searchhd</sublink>
				<sublink>searchsd</sublink>
			</link>
			<thumbnail>https://image.tmdb.org/t/p/w1280/hIXX3IRFy0InUOmYeWjvhCAgQNj.jpg</thumbnail>
			<fanart>https://image.tmdb.org/t/p/w1280/3eR9HOkPZUbrGWDRdKHeKoiMLc4.jpg</fanart>
		</item>
		<item>
			<title>How to Train Your Dragon 2 (2014)</title>
			<meta>
				<content>movie</content>
				<imdb>tt1646971</imdb>
				<title>How to Train Your Dragon 2</title>
				<year>2014</year>
			</meta>
			<link>
				<sublink>searchhd</sublink>
				<sublink>searchsd</sublink>
			</link>
			<thumbnail>https://image.tmdb.org/t/p/w1280/lRjOR4uclMQijUav4OjeZprlehu.jpg</thumbnail>
			<fanart>https://image.tmdb.org/t/p/w1280/kxMnGToxk5EtDhTBuz3kkZPzg1b.jpg</fanart>
		</item>
		<item>
			<title>How to Swim (1942)</title>
			<meta>
				<content>movie</content>
				<imdb>tt0034875</imdb>
				<title>How to Swim</title>
				<year>1942</year>
			</meta>
			<link>
				<sublink>searchhd</sublink>
				<sublink>searchsd</sublink>
			</link>
			<thumbnail>https://image.tmdb.org/t/p/w1280/vJKiCaiDuciDLsIRYdV74ysgXTe.jpg</thumbnail>
			<fanart>https://image.tmdb.org/t/p/w1280/96xKY2Ugs7J0UVM044KvQbAy7kx.jpg</fanart>
		</item>
		<item>
			<title>Innocence (2004)</title>
			<meta>
				<content>movie</content>
				<imdb>tt0347246</imdb>
				<title>Innocence</title>
				<year>I 2004</year>
			</meta>
			<link>
				<sublink>searchhd</sublink>
				<sublink>searchsd</sublink>
			</link>
			<thumbnail>https://image.tmdb.org/t/p/w1280/1KSMfpMWMzlvR2DN2fzv31vZ66B.jpg</thumbnail>
			<fanart>https://image.tmdb.org/t/p/w1280/LIbv8rXsi7AuDpBCbyrUy1zv2n.jpg</fanart>
		</item>
		<item>
			<title>Ice Age (2002)</title>
			<meta>
				<content>movie</content>
				<imdb>tt0268380</imdb>
				<title>Ice Age</title>
				<year>2002</year>
			</meta>
			<link>
				<sublink>searchhd</sublink>
				<sublink>searchsd</sublink>
			</link>
			<thumbnail>https://image.tmdb.org/t/p/w1280/zpaQwR0YViPd83bx1e559QyZ35i.jpg</thumbnail>
			<fanart>https://image.tmdb.org/t/p/w1280/oDqbewoFuIEWA7UWurole6MzDGn.jpg</fanart>
		</item>
		<item>
			<title>Ice Age: Continental Drift (2012)</title>
			<meta>
				<content>movie</content>
				<imdb>tt1667889</imdb>
				<title>Ice Age: Continental Drift</title>
				<year>2012</year>
			</meta>
			<link>
				<sublink>searchhd</sublink>
				<sublink>searchsd</sublink>
			</link>
			<thumbnail>https://image.tmdb.org/t/p/w1280/u30xsZd3mijrdBKA6CeDsozx48g.jpg</thumbnail>
			<fanart>https://image.tmdb.org/t/p/w1280/hSKe2uCNRMl1hfwXpj29K2PkvgG.jpg</fanart>
		</item>
		<item>
			<title>Ice Age: Dawn of the Dinosaurs (2009)</title>
			<meta>
				<content>movie</content>
				<imdb>tt1080016</imdb>
				<title>Ice Age: Dawn of the Dinosaurs</title>
				<year>2009</year>
			</meta>
			<link>
				<sublink>searchhd</sublink>
				<sublink>searchsd</sublink>
			</link>
			<thumbnail>https://image.tmdb.org/t/p/w1280/crAf8b9gFpcdvY7majL8xWzTbem.jpg</thumbnail>
			<fanart>https://image.tmdb.org/t/p/w1280/18pbr8D6U2puwUJYxAyqkLXJXSi.jpg</fanart>
		</item>
		<item>
			<title>Ice Age: The Meltdown (2006)</title>
			<meta>
				<content>movie</content>
				<imdb>tt0438097</imdb>
				<title>Ice Age: The Meltdown</title>
				<year>2006</year>
			</meta>
			<link>
				<sublink>searchhd</sublink>
				<sublink>searchsd</sublink>
			</link>
			<thumbnail>https://image.tmdb.org/t/p/w1280/isRuztu5Ch7FJdtSBLcG8QSOpEI.jpg</thumbnail>
			<fanart>https://image.tmdb.org/t/p/w1280/lxNCa4FifUuLeUkWUQl2yuf9JnJ.jpg</fanart>
		</item>
		<item>
			<title>Idiots and Angels (2008)</title>
			<meta>
				<content>movie</content>
				<imdb>tt1013607</imdb>
				<title>Idiots and Angels</title>
				<year>2008</year>
			</meta>
			<link>
				<sublink>searchhd</sublink>
				<sublink>searchsd</sublink>
			</link>
			<thumbnail>https://image.tmdb.org/t/p/w1280/vRGyhqFJ3erYetbTxtK1KjVLZwi.jpg</thumbnail>
			<fanart>https://image.tmdb.org/t/p/w1280/mBlcDwImRqU1qd7BAfDHufBDtSg.jpg</fanart>
		</item>
		<item>
			<title>Incredibles 2 (2018)</title>
			<meta>
				<content>movie</content>
				<imdb>tt3606756</imdb>
				<title>Incredibles 2</title>
				<year>2018</year>
			</meta>
			<link>
				<sublink>searchhd</sublink>
				<sublink>searchsd</sublink>
			</link>
			<thumbnail>https://image.tmdb.org/t/p/w1280/x1txcDXkcM65gl7w20PwYSxAYah.jpg</thumbnail>
			<fanart>https://image.tmdb.org/t/p/w1280/mabuNsGJgRuCTuGqjFkWe1xdu19.jpg</fanart>
		</item>
		<item>
			<title>Inside Out (2015)</title>
			<meta>
				<content>movie</content>
				<imdb>tt2096673</imdb>
				<title>Inside Out</title>
				<year>2015</year>
			</meta>
			<link>
				<sublink>searchhd</sublink>
				<sublink>searchsd</sublink>
			</link>
			<thumbnail>https://image.tmdb.org/t/p/w1280/aAmfIX3TT40zUHGcCKrlOZRKC7u.jpg</thumbnail>
			<fanart>https://image.tmdb.org/t/p/w1280/szytSpLAyBh3ULei3x663mAv5ZT.jpg</fanart>
		</item>
		<item>
			<title>Inspector Gadget (1999)</title>
			<meta>
				<content>movie</content>
				<imdb>tt0141369</imdb>
				<title>Inspector Gadget</title>
				<year>1999</year>
			</meta>
			<link>
				<sublink>searchhd</sublink>
				<sublink>searchsd</sublink>
			</link>
			<thumbnail>https://image.tmdb.org/t/p/w1280/kvlKBGtyyNVyGJB72aD1vwPk2d4.jpg</thumbnail>
			<fanart>https://image.tmdb.org/t/p/w1280/rSVBuINAkGgJknWDbYOHZRJkCGF.jpg</fanart>
		</item>
		<item>
			<title>Iron Will (1994)</title>
			<meta>
				<content>movie</content>
				<imdb>tt0110157</imdb>
				<title>Iron Will</title>
				<year>1994</year>
			</meta>
			<link>
				<sublink>searchhd</sublink>
				<sublink>searchsd</sublink>
			</link>
			<thumbnail>https://image.tmdb.org/t/p/w1280/oaMVUuWgUGG2Oy9zkkL6SNjrfOo.jpg</thumbnail>
			<fanart>https://image.tmdb.org/t/p/w1280/yDcBvaOcLlIGJY9VOwGJMp7BzpU.jpg</fanart>
		</item>
		<item>
			<title>Isle of Dogs (2018)</title>
			<meta>
				<content>movie</content>
				<imdb>tt5104604</imdb>
				<title>Isle of Dogs</title>
				<year>2018</year>
			</meta>
			<link>
				<sublink>searchhd</sublink>
				<sublink>searchsd</sublink>
			</link>
			<thumbnail>https://image.tmdb.org/t/p/w1280/rSluCePdXXtNiQeE6Na5yRGamhL.jpg</thumbnail>
			<fanart>https://image.tmdb.org/t/p/w1280/5YtXsLG9ncjjFyGZjoeV31CGf01.jpg</fanart>
		</item>
		<item>
			<title>It's Such a Beautiful Day (2012)</title>
			<meta>
				<content>movie</content>
				<imdb>tt2396224</imdb>
				<title>It's Such a Beautiful Day</title>
				<year>2012</year>
			</meta>
			<link>
				<sublink>searchhd</sublink>
				<sublink>searchsd</sublink>
			</link>
			<thumbnail>https://image.tmdb.org/t/p/w1280/od82pYe4PThnsZJ3KSymiwsT9AZ.jpg</thumbnail>
			<fanart>https://image.tmdb.org/t/p/w1280/hUa1gbxeGLChd1gA3uvAufVCeD8.jpg</fanart>
		</item>
		<item>
			<title>Jack-Jack Attack (2005 Video)</title>
			<meta>
				<content>movie</content>
				<imdb>tt0455565</imdb>
				<title>Jack-Jack Attack</title>
				<year>2005 Video</year>
			</meta>
			<link>
				<sublink>searchhd</sublink>
				<sublink>searchsd</sublink>
			</link>
			<thumbnail>https://image.tmdb.org/t/p/w1280/btnyGcvjMbN4MpwLE7A6J7gNV01.jpg</thumbnail>
			<fanart>https://image.tmdb.org/t/p/w1280/mUcfavkzBSlJbhS6cXZyInM9jix.jpg</fanart>
		</item>
		<item>
			<title>James and the Giant Peach (1996)</title>
			<meta>
				<content>movie</content>
				<imdb>tt0116683</imdb>
				<title>James and the Giant Peach</title>
				<year>1996</year>
			</meta>
			<link>
				<sublink>searchhd</sublink>
				<sublink>searchsd</sublink>
			</link>
			<thumbnail>https://image.tmdb.org/t/p/w1280/fDfgO1jkPAIX9ZbXka9XcOfDWl3.jpg</thumbnail>
			<fanart>https://image.tmdb.org/t/p/w1280/4MWKbMmB45QP2c6BA9kIMyGIRtn.jpg</fanart>
		</item>
		<item>
			<title>Jingle All the Way (1996)</title>
			<meta>
				<content>movie</content>
				<imdb>tt0116705</imdb>
				<title>Jingle All the Way</title>
				<year>1996</year>
			</meta>
			<link>
				<sublink>searchhd</sublink>
				<sublink>searchsd</sublink>
			</link>
			<thumbnail>https://image.tmdb.org/t/p/w1280/aaVkNhUONnkSv5ijPjq7pEmmWyE.jpg</thumbnail>
			<fanart>https://image.tmdb.org/t/p/w1280/9SNO9BglZJgGTMOB5K4NVgecgX1.jpg</fanart>
		</item>
		<item>
			<title>John Carter (2012)</title>
			<meta>
				<content>movie</content>
				<imdb>tt0401729</imdb>
				<title>John Carter</title>
				<year>2012</year>
			</meta>
			<link>
				<sublink>searchhd</sublink>
				<sublink>searchsd</sublink>
			</link>
			<thumbnail>https://image.tmdb.org/t/p/w1280/4QDBNt9PmxqUH4Ab2R5xKWqzXiQ.jpg</thumbnail>
			<fanart>https://image.tmdb.org/t/p/w1280/2eDepJWMMBHmZ7pt9MSqzGQeoDc.jpg</fanart>
		</item>
		<item>
			<title>Jumanji (1995)</title>
			<meta>
				<content>movie</content>
				<imdb>tt0113497</imdb>
				<title>Jumanji</title>
				<year>1995</year>
			</meta>
			<link>
				<sublink>searchhd</sublink>
				<sublink>searchsd</sublink>
			</link>
			<thumbnail>https://image.tmdb.org/t/p/w1280/vgpXmVaVyUL7GGiDeiK1mKEKzcX.jpg</thumbnail>
			<fanart>https://image.tmdb.org/t/p/w1280/7k4zEgUZbzMHawDaMc9yIkmY1qR.jpg</fanart>
		</item>
    </wannabe>
</dipshit>