<dipshit>
    <wannabe>
		<item>
			<title>James and the Giant Peach (1996)</title>
			<meta>
				<content>movie</content>
				<imdb>tt0116683</imdb>
				<title>James and the Giant Peach</title>
				<year>1996</year>
			</meta>
			<link>
				<sublink>searchhd</sublink>
				<sublink>searchsd</sublink>
			</link>
			<thumbnail>https://image.tmdb.org/t/p/w1280/fDfgO1jkPAIX9ZbXka9XcOfDWl3.jpg</thumbnail>
			<fanart>https://image.tmdb.org/t/p/w1280/4MWKbMmB45QP2c6BA9kIMyGIRtn.jpg</fanart>
		</item>
		<item>
			<title>Jimmy Neutron: Boy Genius (2001)</title>
			<meta>
				<content>movie</content>
				<imdb>tt0268397</imdb>
				<title>Jimmy Neutron: Boy Genius</title>
				<year>2001</year>
			</meta>
			<link>
				<sublink>searchhd</sublink>
				<sublink>searchsd</sublink>
			</link>
			<thumbnail>https://image.tmdb.org/t/p/w1280/l8p1fcUaqGJJMvPFtnXC2Uz079f.jpg</thumbnail>
			<fanart>https://image.tmdb.org/t/p/w1280/5vceQBZ6EVsZXlbm94KX4OCGthG.jpg</fanart>
		</item>
		<item>
			<title>Kim Possible: A Sitch in Time (2003 TV Movie)</title>
			<meta>
				<content>movie</content>
				<imdb>tt0389074</imdb>
				<title>Kim Possible: A Sitch in Time</title>
				<year>2003 TV Movie</year>
			</meta>
			<link>
				<sublink>searchhd</sublink>
				<sublink>searchsd</sublink>
			</link>
			<thumbnail>https://image.tmdb.org/t/p/w1280/76qaQI2pJETwpXSSV2OwlbhPisc.jpg</thumbnail>
			<fanart>https://image.tmdb.org/t/p/w1280/eTn3ytdldn5umugAxam2wp3jqWN.jpg</fanart>
		</item>
		<item>
			<title>King Arthur (2004)</title>
			<meta>
				<content>movie</content>
				<imdb>tt0349683</imdb>
				<title>King Arthur</title>
				<year>2004</year>
			</meta>
			<link>
				<sublink>searchhd</sublink>
				<sublink>searchsd</sublink>
			</link>
			<thumbnail>https://image.tmdb.org/t/p/w1280/kKHayVkXaF3EZDx0ybkaWypJECJ.jpg</thumbnail>
			<fanart>https://image.tmdb.org/t/p/w1280/u633783ZPMkQamBwp5fliTO34jR.jpg</fanart>
		</item>
		<item>
			<title>Kubo and the Two Strings (2016)</title>
			<meta>
				<content>movie</content>
				<imdb>tt4302938</imdb>
				<title>Kubo and the Two Strings</title>
				<year>2016</year>
			</meta>
			<link>
				<sublink>searchhd</sublink>
				<sublink>searchsd</sublink>
			</link>
			<thumbnail>https://image.tmdb.org/t/p/w1280/3Kr9CIIMcXTPlm6cdZ9y3QTe4Y7.jpg</thumbnail>
			<fanart>https://image.tmdb.org/t/p/w1280/n4FeRnlH0ERa1kCUh0NXOyQvxnd.jpg</fanart>
		</item>
        <item>
            <title>[COLOR red]Kung Fu Panda[/COLOR]</title>
            <meta>
                <imdb>tt0441773</imdb>
                <content>movie</content>
                <title>Kung Fu Panda</title>
                <year>2008</year>
            </meta>
            <link>
                <sublink>searchhd</sublink>
                <sublink>searchsd</sublink>
            </link>
            <thumbnail>https://image.tmdb.org/t/p/w1280/2Paj1nufT0jeSY0G4u3RC31HIGT.jpg</thumbnail>
            <fanart>https://image.tmdb.org/t/p/w1280/UJwhgwAxU42cm9XKncO9boFAEV.jpg</fanart>
        </item>
        <item>
            <title>[COLOR orange]Kung Fu Panda 2[/COLOR]</title>
            <meta>
                <imdb>tt1302011</imdb>
                <content>movie</content>
                <title>Kung Fu Panda 2</title>
                <year>2011</year>
            </meta>
            <link>
                <sublink>searchhd</sublink>
                <sublink>searchsd</sublink>
            </link>
            <thumbnail>https://image.tmdb.org/t/p/w1280/Fzyy2dauoKxjUzUPYYo3kJkJAW.jpg</thumbnail>
            <fanart>https://image.tmdb.org/t/p/w1280/eyiE1vuizMKVu8MoZkg2xsramFl.jpg</fanart>
        </item>
        <item>
            <title>[COLOR red]Kung Fu Panda 3[/COLOR]</title>
            <meta>
                <imdb>tt2267968</imdb>
                <content>movie</content>
                <title>Kung Fu Panda 3</title>
                <year>2016</year>
            </meta>
            <link>
                <sublink>searchhd</sublink>
                <sublink>searchsd</sublink>
            </link>
            <thumbnail>https://image.tmdb.org/t/p/w1280/MZFPacfKzgisnPoJIPEFZUXBBT.jpg</thumbnail>
            <fanart>https://image.tmdb.org/t/p/w1280/eHWmEUP4fa7h1Fe7TXfTL7ncDl8.jpg</fanart>
        </item>
		<item>
			<title>Labyrinth (1986)</title>
			<meta>
				<content>movie</content>
				<imdb>tt0091369</imdb>
				<title>Labyrinth</title>
				<year>1986</year>
			</meta>
			<link>
				<sublink>searchhd</sublink>
				<sublink>searchsd</sublink>
			</link>
			<thumbnail>https://image.tmdb.org/t/p/w1280/40D6CVNGYbIgg7Sdt1jAYkFA08d.jpg</thumbnail>
			<fanart>https://image.tmdb.org/t/p/w1280/bFEzwEdCjSx9Xlh4p7XJu3zkySG.jpg</fanart>
		</item>
		<item>
            <title>[COLOR orange]Lady and the Tramp[/COLOR]</title>
            <meta>
                <imdb>tt0048280</imdb>
                <content>movie</content>
                <title>Lady and the Tramp</title>
                <year>1955</year>
            </meta>
            <link>
                <sublink>searchhd</sublink>
                <sublink>searchsd</sublink>
            </link>
            <thumbnail>https://image.tmdb.org/t/p/w1280/xoROV9EHBMXJkPC3OlJ5SNtgTT.jpg</thumbnail>
            <fanart>https://image.tmdb.org/t/p/w1280/osSsQ4QWXS7Flu3y39QqP924Lud.jpg</fanart>
        </item>
		<item>
			<title>Lady and the Tramp II: Scamp's Adventure (2001 Video)</title>
			<meta>
				<content>movie</content>
				<imdb>tt0249677</imdb>
				<title>Lady and the Tramp II: Scamp's Adventure</title>
				<year>2001 Video</year>
			</meta>
			<link>
				<sublink>searchhd</sublink>
				<sublink>searchsd</sublink>
			</link>
			<thumbnail>https://image.tmdb.org/t/p/w1280/bc2yxExkW5tiJf8ASkgsEYHiluy.jpg</thumbnail>
			<fanart>https://image.tmdb.org/t/p/w1280/6nZP8g5HFGckLF4e933kvszKMxC.jpg</fanart>
		</item>
		<item>
			<title>Ladybugs (1992)</title>
			<meta>
				<content>movie</content>
				<imdb>tt0104670</imdb>
				<title>Ladybugs</title>
				<year>1992</year>
			</meta>
			<link>
				<sublink>searchhd</sublink>
				<sublink>searchsd</sublink>
			</link>
			<thumbnail>https://image.tmdb.org/t/p/w1280/nBenLAYdFdc5T0rcWjKZTqZU3qK.jpg</thumbnail>
			<fanart>https://image.tmdb.org/t/p/w1280/kzc0gfWvjq3vWmFGwSI1pr7DuHq.jpg</fanart>
		</item>
		<item>
			<title>Lambert the Sheepish Lion (1952)</title>
			<meta>
				<content>movie</content>
				<imdb>tt0044821</imdb>
				<title>Lambert the Sheepish Lion</title>
				<year>1952</year>
			</meta>
			<link>
				<sublink>searchhd</sublink>
				<sublink>searchsd</sublink>
			</link>
			<thumbnail>https://image.tmdb.org/t/p/w1280/hnJpKnhfLG3zPpHk1lFkxbEUCsn.jpg</thumbnail>
			<fanart>https://image.tmdb.org/t/p/w1280/gx0Av4zVYQsaBNmCAgyjTFcYMOi.jpg</fanart>
		</item>
		<item>
			<title>Lemonade Mouth (2011)</title>
			<meta>
				<content>movie</content>
				<imdb>tt1648204</imdb>
				<title>Lemonade Mouth</title>
				<year>2011</year>
			</meta>
			<link>
				<sublink>searchhd</sublink>
				<sublink>searchsd</sublink>
			</link>
			<thumbnail>https://image.tmdb.org/t/p/w1280/nrGiOFh7wk2x726tiN8kQ6nhF5b.jpg</thumbnail>
			<fanart>https://image.tmdb.org/t/p/w1280/aFBXhRlAy3JrZEQeQoa9CaRutOF.jpg</fanart>
		</item>
		<item>
			<title>Legend of the Guardians: The Owls of Ga'Hoole (2010)</title>
			<meta>
				<content>movie</content>
				<imdb>tt1219342</imdb>
				<title>Legend of the Guardians: The Owls of Ga'Hoole</title>
				<year>2010</year>
			</meta>
			<link>
				<sublink>searchhd</sublink>
				<sublink>searchsd</sublink>
			</link>
			<thumbnail>https://image.tmdb.org/t/p/w1280/mgkRaVtdrOAZT2cFZi9Ihh9QpuL.jpg</thumbnail>
			<fanart>https://image.tmdb.org/t/p/w1280/6lwiZ1v5n3F0oY9ouCLlI9LgRRm.jpg</fanart>
		</item>
		<item>
			<title>Lemonade Mouth (2011 TV Movie)</title>
			<meta>
				<content>movie</content>
				<imdb>tt1648204</imdb>
				<title>Lemonade Mouth</title>
				<year>2011 TV Movie</year>
			</meta>
			<link>
				<sublink>searchhd</sublink>
				<sublink>searchsd</sublink>
			</link>
			<thumbnail>https://image.tmdb.org/t/p/w1280/nrGiOFh7wk2x726tiN8kQ6nhF5b.jpg</thumbnail>
			<fanart>https://image.tmdb.org/t/p/w1280/aFBXhRlAy3JrZEQeQoa9CaRutOF.jpg</fanart>
		</item>
		<item>
			<title>Leroy & Stitch (2006 Video)</title>
			<meta>
				<content>movie</content>
				<imdb>tt0486761</imdb>
				<title>Leroy & Stitch</title>
				<year>2006 Video</year>
			</meta>
			<link>
				<sublink>searchhd</sublink>
				<sublink>searchsd</sublink>
			</link>
			<thumbnail>https://image.tmdb.org/t/p/w1280/84ii0eIQy8wyzo5ZOSDbnoDtQ4O.jpg</thumbnail>
			<fanart>https://image.tmdb.org/t/p/w1280/fiM5VmEcUAxL6BWXpxWMshQ1imJ.jpg</fanart>
		</item>
		<item>
			<title>Lifted (2006)</title>
			<meta>
				<content>movie</content>
				<imdb>tt0945571</imdb>
				<title>Lifted</title>
				<year>2006</year>
			</meta>
			<link>
				<sublink>searchhd</sublink>
				<sublink>searchsd</sublink>
			</link>
			<thumbnail>https://image.tmdb.org/t/p/w1280/f0w6G44wfcnWe4gu3fn75b1pksV.jpg</thumbnail>
			<fanart>https://image.tmdb.org/t/p/w1280/ddo2bZttzPgbCt7Xv7FKPNBhVCF.jpg</fanart>
		</item>
		<item>
			<title>Lilo & Stitch (2002)</title>
			<meta>
				<content>movie</content>
				<imdb>tt0275847</imdb>
				<title>Lilo & Stitch</title>
				<year>2002</year>
			</meta>
			<link>
				<sublink>searchhd</sublink>
				<sublink>searchsd</sublink>
			</link>
			<thumbnail>https://image.tmdb.org/t/p/w1280/tVaEulzowKhMhDvHNNYb9rNEZPB.jpg</thumbnail>
			<fanart>https://image.tmdb.org/t/p/w1280/gss26usvT59v4bltFPVg49AiBFZ.jpg</fanart>
		</item>
		<item>
			<title>Lilo & Stitch 2: Stitch Has a Glitch (2005 Video)</title>
			<meta>
				<content>movie</content>
				<imdb>tt0457993</imdb>
				<title>Lilo & Stitch 2: Stitch Has a Glitch</title>
				<year>2005 Video</year>
			</meta>
			<link>
				<sublink>searchhd</sublink>
				<sublink>searchsd</sublink>
			</link>
			<thumbnail>https://image.tmdb.org/t/p/w1280/hUmQxcaWdHjwovD1ABrTHbpTcoo.jpg</thumbnail>
			<fanart>https://image.tmdb.org/t/p/w1280/2L6fv2dqDRS7LMLXN8w1UXZfy5O.jpg</fanart>
		</item>
		<item>
			<title>Little Giants (1994)</title>
			<meta>
				<content>movie</content>
				<imdb>tt0110364</imdb>
				<title>Little Giants</title>
				<year>1994</year>
			</meta>
			<link>
				<sublink>searchhd</sublink>
				<sublink>searchsd</sublink>
			</link>
			<thumbnail>https://image.tmdb.org/t/p/w1280/33ZN7j6pUhcjbwuQrWTtovrkelx.jpg</thumbnail>
			<fanart>https://image.tmdb.org/t/p/w1280/h5gb0GR2OeVhXcPOXLY5iaqgQ8m.jpg</fanart>
		</item>
		<item>
			<title>Little Monsters (1989)</title>
			<meta>
				<content>movie</content>
				<imdb>tt0097758</imdb>
				<title>Little Monsters</title>
				<year>1989</year>
			</meta>
			<link>
				<sublink>searchhd</sublink>
				<sublink>searchsd</sublink>
			</link>
			<thumbnail>https://image.tmdb.org/t/p/w1280/3L1yXIoue6WhXwd21deArRkHuOQ.jpg</thumbnail>
			<fanart>https://image.tmdb.org/t/p/w1280/ngVsWzhqF5Yfppmdeii83HaPuDL.jpg</fanart>
		</item>
		<item>
			<title>Looney Tunes: Back in Action (2003)</title>
			<meta>
				<content>movie</content>
				<imdb>tt0318155</imdb>
				<title>Looney Tunes: Back in Action</title>
				<year>2003</year>
			</meta>
			<link>
				<sublink>searchhd</sublink>
				<sublink>searchsd</sublink>
			</link>
			<thumbnail>https://image.tmdb.org/t/p/w1280/ownVrxw7OYOo8vwk2g4q74Oe8Wa.jpg</thumbnail>
			<fanart>https://image.tmdb.org/t/p/w1280/3yc2at1aIrK0ri7Z8vvfS9o9vgK.jpg</fanart>
		</item>
		<item>
			<title>Mac and Me (1988)</title>
			<meta>
				<content>movie</content>
				<imdb>tt0095560</imdb>
				<title>Mac and Me</title>
				<year>1988</year>
			</meta>
			<link>
				<sublink>searchhd</sublink>
				<sublink>searchsd</sublink>
			</link>
			<thumbnail>https://image.tmdb.org/t/p/w1280/66xYOabd7uY5hcH11oyTDhqy136.jpg</thumbnail>
			<fanart>https://image.tmdb.org/t/p/w1280/tiZ7jvaSouBvgP7lZxFwQf5oGfH.jpg</fanart>
		</item>
        <item>
            <title>[COLOR orange]Madagascar[/COLOR]</title>
            <meta>
                <imdb>tt0351283</imdb>
                <content>movie</content>
                <title>Madagascar</title>
                <year>2005</year>
            </meta>
            <link>
                <sublink>searchhd</sublink>
                <sublink>searchsd</sublink>
            </link>
            <thumbnail>https://image.tmdb.org/t/p/w1280/2YiESGB68BGQSAFvfJxBi774sc4.jpg</thumbnail>
            <fanart>https://image.tmdb.org/t/p/w1280/wUetiqu2EFhHW94yTP0pWABfyUG.jpg</fanart>
        </item>
        <item>
            <title>[COLOR red]Madagascar 3: Europe's Most Wanted[/COLOR]</title>
            <meta>
                <imdb>tt1277953</imdb>
                <content>movie</content>
                <title>Madagascar 3: Europe's Most Wanted</title>
                <year>2012</year>
            </meta>
            <link>
                <sublink>searchhd</sublink>
                <sublink>searchsd</sublink>
            </link>
            <thumbnail>https://image.tmdb.org/t/p/w1280/wd7NcMifnuf66gD2Fm7Tzz3yJ54.jpg</thumbnail>
            <fanart>https://image.tmdb.org/t/p/w1280/alkQ9DQJdZutBCKdEHXUVCZnuAF.jpg</fanart>
        </item>
        <item>
            <title>[COLOR orange]Madagascar: Escape 2 Africa[/COLOR]</title>
            <meta>
                <imdb>tt0479952</imdb>
                <content>movie</content>
                <title>Madagascar: Escape 2 Africa</title>
                <year>2008</year>
            </meta>
            <link>
                <sublink>searchhd</sublink>
                <sublink>searchsd</sublink>
            </link>
            <thumbnail>https://image.tmdb.org/t/p/w1280/9mohxwknsHcwFBSAAhoQXwFV5zn.jpg</thumbnail>
            <fanart>https://image.tmdb.org/t/p/w1280/anxiz37Z9FPKeuCsJcxViSWmPxg.jpg</fanart>
        </item>
		<item>
			<title>Make Mine Music (1946)</title>
			<meta>
				<content>movie</content>
				<imdb>tt0038718</imdb>
				<title>Make Mine Music</title>
				<year>1946</year>
			</meta>
			<link>
				<sublink>searchhd</sublink>
				<sublink>searchsd</sublink>
			</link>
			<thumbnail>https://image.tmdb.org/t/p/w1280/20Hs0MNWxwIAhSC7gfIN2bISrZI.jpg</thumbnail>
			<fanart>https://image.tmdb.org/t/p/w1280/iTwOiALjxkBjd7iKwMjQy9hMiMc.jpg</fanart>
		</item>
		<item>
			<title>Mary Poppins (1964)</title>
			<meta>
				<content>movie</content>
				<imdb>tt0058331</imdb>
				<title>Mary Poppins</title>
				<year>1964</year>
			</meta>
			<link>
				<sublink>searchhd</sublink>
				<sublink>searchsd</sublink>
			</link>
			<thumbnail>https://image.tmdb.org/t/p/w1280/oPXf92g2gjlPqduj6vRH9yvh0Yb.jpg</thumbnail>
			<fanart>https://image.tmdb.org/t/p/w1280/7DbgR36Sct5gcyEAzoM8bqiTYUV.jpg</fanart>
		</item>
		<item>
			<title>Mary and Max (2009)</title>
			<meta>
				<content>movie</content>
				<imdb>tt0978762</imdb>
				<title>Mary and Max</title>
				<year>2009</year>
			</meta>
			<link>
				<sublink>searchhd</sublink>
				<sublink>searchsd</sublink>
			</link>
			<thumbnail>https://image.tmdb.org/t/p/w1280/k0lQISUC4NuvKYasJn59JHc2rla.jpg</thumbnail>
			<fanart>https://image.tmdb.org/t/p/w1280/8UxYHvKBNFnoyfHjgjMwzj4zOuy.jpg</fanart>
		</item>
		<item>
			<title>Matilda (1996)</title>
			<meta>
				<content>movie</content>
				<imdb>tt0117008</imdb>
				<title>Matilda</title>
				<year>1996</year>
			</meta>
			<link>
				<sublink>searchhd</sublink>
				<sublink>searchsd</sublink>
			</link>
			<thumbnail>https://image.tmdb.org/t/p/w1280/vddUwPL3L8MBH4FrEDCAZM9T6sj.jpg</thumbnail>
			<fanart>https://image.tmdb.org/t/p/w1280/wTUO3HhVaxLtzEuTnAwlGdwSwAp.jpg</fanart>
		</item>
        <item>
            <title>[COLOR red]Meet the Robinsons[/COLOR]</title>
            <meta>
                <imdb>tt0396555</imdb>
                <content>movie</content>
                <title>Meet the Robinsons</title>
                <year>2007</year>
            </meta>
            <link>
                <sublink>searchhd</sublink>
                <sublink>searchsd</sublink>
            </link>
            <thumbnail>https://image.tmdb.org/t/p/w1280/oe7w9SxGmpSW1dlz5QaVVKWBEVz.jpg</thumbnail>
            <fanart>https://image.tmdb.org/t/p/w1280/jxWA2lDLidicmmDymnxlz53zAb9.jpg</fanart>
        </item>
        <item>
            <title>[COLOR red]Megamind[/COLOR]</title>
            <meta>
                <imdb>tt1001526</imdb>
                <content>movie</content>
                <title>Megamind</title>
                <year>2010</year>
            </meta>
            <link>
                <sublink>searchhd</sublink>
                <sublink>searchsd</sublink>
            </link>
            <thumbnail>https://image.tmdb.org/t/p/w1280/amXAUSAUrnGuLGEyc1ZNhBvgbnF.jpg</thumbnail>
            <fanart>https://image.tmdb.org/t/p/w1280/o6anuGPog9853CPiaPQEMmdBVT0.jpg</fanart>
        </item>
        <item>
            <title>[COLOR orange]Melody Time[/COLOR]</title>
            <meta>
                <imdb>tt0040580</imdb>
                <content>movie</content>
                <title>Melody Time</title>
                <year>1948</year>
            </meta>
            <link>
                <sublink>searchhd</sublink>
                <sublink>searchsd</sublink>
            </link>
            <thumbnail>https://image.tmdb.org/t/p/w1280/jvsVPD3oIDwiNDR6rK38YoEFf4h.jpg</thumbnail>
            <fanart>https://image.tmdb.org/t/p/w1280/dC4ovAcuEcULK3zXd22xei24fCK.jpg</fanart>
        </item>
		<item>
			<title>Metoroporisu (2001)</title>
			<meta>
				<content>movie</content>
				<imdb>tt0293416</imdb>
				<title>Metoroporisu</title>
				<year>2001</year>
			</meta>
			<link>
				<sublink>searchhd</sublink>
				<sublink>searchsd</sublink>
			</link>
			<thumbnail>https://image.tmdb.org/t/p/w1280/1EK7mGCpRKYmSg25FaojvnS9opm.jpg</thumbnail>
			<fanart>https://image.tmdb.org/t/p/w1280/gwVu39O3bfi1m33GHDBbd3AQvo6.jpg</fanart>
		</item>
		<item>
			<title>Mind Game (2004)</title>
			<meta>
				<content>movie</content>
				<imdb>tt0452039</imdb>
				<title>Mind Game</title>
				<year>2004</year>
			</meta>
			<link>
				<sublink>searchhd</sublink>
				<sublink>searchsd</sublink>
			</link>
			<thumbnail>https://image.tmdb.org/t/p/w1280/yG195r5lEfYN7HCf5XtDT050a9o.jpg</thumbnail>
			<fanart>https://image.tmdb.org/t/p/w1280/AfL1s4mxQbhR19P7Vm1tQVYcy1z.jpg</fanart>
		</item>
		<item>
			<title>Minions (2015)</title>
			<meta>
				<content>movie</content>
				<imdb>tt2293640</imdb>
				<title>Minions</title>
				<year>2015</year>
			</meta>
			<link>
				<sublink>searchhd</sublink>
				<sublink>searchsd</sublink>
			</link>
			<thumbnail>https://image.tmdb.org/t/p/w1280/q0R4crx2SehcEEQEkYObktdeFy.jpg</thumbnail>
			<fanart>https://image.tmdb.org/t/p/w1280/wiSIfl9FnXYGXzUKji7Muc3Oj3o.jpg</fanart>
		</item>
		<item>
			<title>Moana (2016)</title>
			<meta>
				<content>movie</content>
				<imdb>tt3521164</imdb>
				<title>Moana</title>
				<year>2016</year>
			</meta>
			<link>
				<sublink>searchhd</sublink>
				<sublink>searchsd</sublink>
			</link>
			<thumbnail>https://image.tmdb.org/t/p/w1280/z4x0Bp48ar3Mda8KiPD1vwSY3D8.jpg</thumbnail>
			<fanart>https://image.tmdb.org/t/p/w1280/rPCvRf72tkMCao9mRT99DYJUZLE.jpg</fanart>
		</item>
		<item>
			<title>Monster House (2006)</title>
			<meta>
				<content>movie</content>
				<imdb>tt0385880</imdb>
				<title>Monster House</title>
				<year>2006</year>
			</meta>
			<link>
				<sublink>searchhd</sublink>
				<sublink>searchsd</sublink>
			</link>
			<thumbnail>https://image.tmdb.org/t/p/w1280/vOhKyKxlmtRwRHqKGV2VrFhJjCG.jpg</thumbnail>
			<fanart>https://image.tmdb.org/t/p/w1280/pYiqbhfyz7QVik4JyImFbjYq5hM.jpg</fanart>
		</item>
		<item>
			<title>Monsters University (2013)</title>
			<meta>
				<content>movie</content>
				<imdb>tt1453405</imdb>
				<title>Monsters University</title>
				<year>2013</year>
			</meta>
			<link>
				<sublink>searchhd</sublink>
				<sublink>searchsd</sublink>
			</link>
			<thumbnail>https://image.tmdb.org/t/p/w1280/a05xQU9huY3P5uurLcGGHmsf2Vh.jpg</thumbnail>
			<fanart>https://image.tmdb.org/t/p/w1280/5mDCKKS7M8aUZKdShnCa7lLbzmH.jpg</fanart>
		</item>
		<item>
			<title>Monsters, Inc. (2001)</title>
			<meta>
				<content>movie</content>
				<imdb>tt0198781</imdb>
				<title>Monsters, Inc.</title>
				<year>2001</year>
			</meta>
			<link>
				<sublink>searchhd</sublink>
				<sublink>searchsd</sublink>
			</link>
			<thumbnail>https://image.tmdb.org/t/p/w1280/93Y9BGx8blzmZOPSoivkFfaifqU.jpg</thumbnail>
			<fanart>https://image.tmdb.org/t/p/w1280/eKBUYeSgGVvztO2MZxD5YMcz6kv.jpg</fanart>
		</item>
		<item>
			<title>Monsters vs. Aliens (2009)</title>
			<meta>
				<content>movie</content>
				<imdb>tt0892782</imdb>
				<title>Monsters vs. Aliens</title>
				<year>2009</year>
			</meta>
			<link>
				<sublink>searchhd</sublink>
				<sublink>searchsd</sublink>
			</link>
			<thumbnail>https://image.tmdb.org/t/p/w1280/uNGGJQR82y7z9uTRaSj6UQUqxOl.jpg</thumbnail>
			<fanart>https://image.tmdb.org/t/p/w1280/a5zAJBPShxIQmkUsXMPsHhORQXO.jpg</fanart>
		</item>
		<item>
			<title>Monte Carlo (2011)</title>
			<meta>
				<content>movie</content>
				<imdb>tt1067774</imdb>
				<title>Monte Carlo</title>
				<year>2011</year>
			</meta>
			<link>
				<sublink>searchhd</sublink>
				<sublink>searchsd</sublink>
			</link>
			<thumbnail>https://image.tmdb.org/t/p/w1280/sXgh0TTEsJdK1Z390W6beu5tMNu.jpg</thumbnail>
			<fanart>https://image.tmdb.org/t/p/w1280/g6IWjpqDA9kUjYzQ5o18vBoaYWT.jpg</fanart>
		</item>
        <item>
            <title>[COLOR orange]Monsters vs Aliens[/COLOR]</title>
            <meta>
                <imdb>tt0892782</imdb>
                <content>movie</content>
                <title>Monsters vs Aliens</title>
                <year>2009</year>
            </meta>
            <link>
                <sublink>searchhd</sublink>
                <sublink>searchsd</sublink>
            </link>
            <thumbnail>https://image.tmdb.org/t/p/w1280/8x0WrDcFQDC2eoXJe6iC34wXZE8.jpg</thumbnail>
            <fanart>https://image.tmdb.org/t/p/w1280/a5zAJBPShxIQmkUsXMPsHhORQXO.jpg</fanart>
        </item>
        <item>
            <title>[COLOR red]Mr. Peabody and Sherman[/COLOR]</title>
            <meta>
                <imdb>tt0864835</imdb>
                <content>movie</content>
                <title>Mr. Peabody and Sherman</title>
                <year>2014</year>
            </meta>
            <link>
                <sublink>searchhd</sublink>
                <sublink>searchsd</sublink>
            </link>
            <thumbnail>https://image.tmdb.org/t/p/w1280/wGRWVfhMdGIThSDld2965oUkJ5E.jpg</thumbnail>
            <fanart>https://image.tmdb.org/t/p/w1280/obKkOgdvV7kOFUuIOBd2dZ85p4k.jpg</fanart>
        </item>
		<item>
			<title>Mr. Popper's Penguins (2011)</title>
			<meta>
				<content>movie</content>
				<imdb>tt1396218</imdb>
				<title>Mr. Popper's Penguins</title>
				<year>2011</year>
			</meta>
			<link>
				<sublink>searchhd</sublink>
				<sublink>searchsd</sublink>
			</link>
			<thumbnail>https://image.tmdb.org/t/p/w1280/qKkyePjlG9yilHpS89ZOc3N2Cd1.jpg</thumbnail>
			<fanart>https://image.tmdb.org/t/p/w1280/kJTtIU4sBfgGa6GqPkpFh3K07qM.jpg</fanart>
		</item>
		<item>
			<title>Mrs. Doubtfire (1993)</title>
			<meta>
				<content>movie</content>
				<imdb>tt0107614</imdb>
				<title>Mrs. Doubtfire</title>
				<year>1993</year>
			</meta>
			<link>
				<sublink>searchhd</sublink>
				<sublink>searchsd</sublink>
			</link>
			<thumbnail>https://image.tmdb.org/t/p/w1280/jowem7ShDXxMd2mXq26cy5LDEHP.jpg</thumbnail>
			<fanart>https://image.tmdb.org/t/p/w1280/qNsWEoqmGPJJk9c0orgycftzRQi.jpg</fanart>
		</item>
        <item>
            <title>[COLOR red]Mulan[/COLOR]</title>
            <meta>
                <imdb>tt0120762</imdb>
                <content>movie</content>
                <title>Mulan</title>
                <year>1998</year>
            </meta>
            <link>
                <sublink>searchhd</sublink>
                <sublink>searchsd</sublink>
            </link>
            <thumbnail>https://image.tmdb.org/t/p/w1280/vXjfMyXHixdEEkqcuWS6hy3EZAG.jpg</thumbnail>
            <fanart>https://image.tmdb.org/t/p/w1280/sYydx5Q6qxdATbrj7imghCz0KEj.jpg</fanart>
        </item>
    </wannabe>
</dipshit>