<dipshit>    <wannabe>		<item>			<title>WALLE (2008)</title>			<meta>				<content>movie</content>				<imdb>tt0910970</imdb>				<title>WALLE</title>				<year>2008</year>			</meta>			<link>				<sublink>searchhd</sublink>				<sublink>searchsd</sublink>			</link>			<thumbnail>https://image.tmdb.org/t/p/w1280/9cJETuLMc6R0bTWRA5i7ctY9bxk.jpg</thumbnail>			<fanart>https://image.tmdb.org/t/p/w1280/2nFyTvssbtJMLC6eyYwwZ88gALD.jpg</fanart>		</item>		<item>			<title>Waking Life (2001)</title>			<meta>				<content>movie</content>				<imdb>tt0243017</imdb>				<title>Waking Life</title>				<year>2001</year>			</meta>			<link>				<sublink>searchhd</sublink>				<sublink>searchsd</sublink>			</link>			<thumbnail>https://image.tmdb.org/t/p/w1280/dHQDhjt84ViDH0DhFm5PSyIo1J.jpg</thumbnail>			<fanart>https://image.tmdb.org/t/p/w1280/qJOMs0TouqK01HThBmFv0gL1Ib5.jpg</fanart>		</item>        <item>            <title>[COLOR red]Wallace and Gromit: The Curse of the Were-Rabbit[/COLOR]</title>            <meta>                <imdb>tt0312004</imdb>                <content>movie</content>                <title>Wallace and Gromit: The Curse of the Were-Rabbit</title>                <year>2005</year>            </meta>            <link>                <sublink>searchhd</sublink>                <sublink>searchsd</sublink>            </link>            <thumbnail>https://image.tmdb.org/t/p/w1280/tLryx0x9TDV5rifA9W8yUvDZFHB.jpg</thumbnail>            <fanart>https://image.tmdb.org/t/p/w1280/v45E1vDhPp2hc1dEZx5KZuRsSxX.jpg</fanart>        </item>		<item>			<title>Watership Down (1978)</title>			<meta>				<content>movie</content>				<imdb>tt0078480</imdb>				<title>Watership Down</title>				<year>1978</year>			</meta>			<link>				<sublink>searchhd</sublink>				<sublink>searchsd</sublink>			</link>			<thumbnail>https://image.tmdb.org/t/p/w1280/879iEKkJMSXSbgqjs3tVOQceNUK.jpg</thumbnail>			<fanart>https://image.tmdb.org/t/p/w1280/70dbXMaSl2mve998vUnNHs30VXa.jpg</fanart>		</item>		<item>			<title>Who Framed Roger Rabbit (1988)</title>			<meta>				<content>movie</content>				<imdb>tt0096438</imdb>				<title>Who Framed Roger Rabbit</title>				<year>1988</year>			</meta>			<link>				<sublink>searchhd</sublink>				<sublink>searchsd</sublink>			</link>			<thumbnail>https://image.tmdb.org/t/p/w1280/lYfRc57Kx9VgLZ48iulu0HKnM15.jpg</thumbnail>			<fanart>https://image.tmdb.org/t/p/w1280/9podqGmd36AJHO13HQIQHQZRTJC.jpg</fanart>		</item>		<item>			<title>White Fang (1991)</title>			<meta>				<content>movie</content>				<imdb>tt0103247</imdb>				<title>White Fang</title>				<year>1991</year>			</meta>			<link>				<sublink>searchhd</sublink>				<sublink>searchsd</sublink>			</link>			<thumbnail>https://image.tmdb.org/t/p/w1280/27wg0rVZW8hX7nWeHCwTf9DygGc.jpg</thumbnail>			<fanart>https://image.tmdb.org/t/p/w1280/7dXf5hAExjnVbdmmWvrcDWX8EE8.jpg</fanart>		</item>		<item>			<title>White Fang 2: Myth of the White Wolf (1994)</title>			<meta>				<content>movie</content>				<imdb>tt0111701</imdb>				<title>White Fang 2: Myth of the White Wolf</title>				<year>1994</year>			</meta>			<link>				<sublink>searchhd</sublink>				<sublink>searchsd</sublink>			</link>			<thumbnail>https://image.tmdb.org/t/p/w1280/bmuO33bIdTZikahvccaFbe1eB6r.jpg</thumbnail>			<fanart>https://image.tmdb.org/t/p/w1280/pKWjQPLyWLVGeF0UhKmWsvQK5Jw.jpg</fanart>		</item>		<item>			<title>White Fang</title>			<meta>				<imdb>tt5222768</imdb>				<content>movie</content>				<title>White Fang</title>				<year>2018</year>			</meta>			<link>				<sublink>https://rapidgator.net/file/e06282f905143291ef01ef12318c1f44/White.Fang.2018.1080p.HDRip.AC3-EVO.mkv.html (1080P Real Debrid)</sublink>				<sublink>http://uploaded.net/file/h0bqmr9s/White.Fang.2018.1080p.HDRip.AC3-EVO.mkv (1080P)</sublink>                <sublink>searchsd</sublink>			</link>			<thumbnail>https://image.tmdb.org/t/p/w1280//xCz1abf6zZvFWSWK3AOblJgQ334.jpg</thumbnail>			<fanart>https://image.tmdb.org/t/p/w1280//RhNgqTnK0HrQnu9F3mVdRMRcBY.jpg</fanart>		</item>		<item>			<title>Willow (1988)</title>			<meta>				<content>movie</content>				<imdb>tt0096446</imdb>				<title>Willow</title>				<year>1988</year>			</meta>			<link>				<sublink>searchhd</sublink>				<sublink>searchsd</sublink>			</link>			<thumbnail>https://image.tmdb.org/t/p/w1280/uxB76XmAMEFeeaRqsPAVumn6rTE.jpg</thumbnail>			<fanart>https://image.tmdb.org/t/p/w1280/n1wLikbs9EjLbZXOPcymEsrJctZ.jpg</fanart>		</item>		<item>			<title>Winnie the Pooh (2011)</title>			<meta>				<content>movie</content>				<imdb>tt1449283</imdb>				<title>Winnie the Pooh</title>				<year>2011</year>			</meta>			<link>				<sublink>searchhd</sublink>				<sublink>searchsd</sublink>			</link>			<thumbnail>https://image.tmdb.org/t/p/w1280/dD3IiGBPHeuqiNsvbmR2vcNMqt4.jpg</thumbnail>			<fanart>https://image.tmdb.org/t/p/w1280/7FZJz63TtQtF9Jlz36N2YjhODD6.jpg</fanart>		</item>		<item>			<title>Wizards of Waverly Place: The Movie (2009)</title>			<meta>				<content>movie</content>				<imdb>tt1369845</imdb>				<title>Wizards of Waverly Place: The Movie</title>				<year>2009</year>			</meta>			<link>				<sublink>searchhd</sublink>				<sublink>searchsd</sublink>			</link>			<thumbnail>https://image.tmdb.org/t/p/w1280/aZFRGUAFKg6RDs8c05OnAXJ7d3O.jpg</thumbnail>			<fanart>https://image.tmdb.org/t/p/w1280/saJpc2MToxyzFX2rLfGnLVBJOdl.jpg</fanart>		</item>		<item>			<title>Wreck-It Ralph (2012)</title>			<meta>				<content>movie</content>				<imdb>tt1772341</imdb>				<title>Wreck-It Ralph</title>				<year>2012</year>			</meta>			<link>				<sublink>searchhd</sublink>				<sublink>searchsd</sublink>			</link>			<thumbnail>https://image.tmdb.org/t/p/w1280/emJc3atQsh2vnTgogQiyDIHKKPB.jpg</thumbnail>			<fanart>https://image.tmdb.org/t/p/w1280/3M1DzBDrkZQ5y0QE8TXqELCJJP9.jpg</fanart>		</item>		<item>			<title>Yogi Bear (2010)</title>			<meta>				<content>movie</content>				<imdb>tt1302067</imdb>				<title>Yogi Bear</title>				<year>2010</year>			</meta>			<link>				<sublink>searchhd</sublink>				<sublink>searchsd</sublink>			</link>			<thumbnail>https://image.tmdb.org/t/p/w1280/5oYL4YS8WHjhodRLn4b8BRZ3YHh.jpg</thumbnail>			<fanart>https://image.tmdb.org/t/p/w1280/uSPlxOT3MppHyfP74mD8oUjlIQe.jpg</fanart>		</item>		<item>			<title>Zookeeper (2011)</title>			<meta>				<content>movie</content>				<imdb>tt1222817</imdb>				<title>Zookeeper</title>				<year>2011</year>			</meta>			<link>				<sublink>searchhd</sublink>				<sublink>searchsd</sublink>			</link>			<thumbnail>https://image.tmdb.org/t/p/w1280/qVsaDvFLnGSH6WdTgatzc2nXt7e.jpg</thumbnail>			<fanart>https://image.tmdb.org/t/p/w1280/8imTBLgQMJcfYrAGOsqVHFFXs3l.jpg</fanart>		</item>		<item>			<title>Zootopia (2016)</title>			<meta>				<content>movie</content>				<imdb>tt2948356</imdb>				<title>Zootopia</title>				<year>2016</year>			</meta>			<link>				<sublink>searchhd</sublink>				<sublink>searchsd</sublink>			</link>			<thumbnail>https://image.tmdb.org/t/p/w1280/sM33SANp9z6rXW8Itn7NnG1GOEs.jpg</thumbnail>			<fanart>https://image.tmdb.org/t/p/w1280/mhdeE1yShHTaDbJVdWyTlzFvNkr.jpg</fanart>		</item>    </wannabe></dipshit>