<dipshit>    <wannabe>		<item>			<title>9 (2009)</title>			<meta>				<content>movie</content>				<imdb>tt0472033</imdb>				<title>9</title>				<year>I 2009</year>			</meta>			<link>				<sublink>searchhd</sublink>				<sublink>searchsd</sublink>			</link>			<thumbnail>https://image.tmdb.org/t/p/w1280/iGMOQt6R88ZuJRtlfpqWRa5268h.jpg</thumbnail>			<fanart>https://image.tmdb.org/t/p/w1280/yvrcEy8RUqHpM6mlZSM9ejRAh8Z.jpg</fanart>		</item>		<item>			<title>A Christmas Carol (2009)</title>			<meta>				<content>movie</content>				<imdb>tt1067106</imdb>				<title>A Christmas Carol</title>				<year>2009</year>			</meta>			<link>				<sublink>searchhd</sublink>				<sublink>searchsd</sublink>			</link>			<thumbnail>https://image.tmdb.org/t/p/w1280/jeOCcjUAcSYleVwhsaKEPT4CYwF.jpg</thumbnail>			<fanart>https://image.tmdb.org/t/p/w1280/GtwSStViUdhKGf0d7tCkR7alKV.jpg</fanart>		</item>		<item>			<title>A Christmas Story (1983)</title>			<meta>				<content>movie</content>				<imdb>tt0085334</imdb>				<title>A Christmas Story</title>				<year>1983</year>			</meta>			<link>				<sublink>searchhd</sublink>				<sublink>searchsd</sublink>			</link>			<thumbnail>https://image.tmdb.org/t/p/w1280/1dSFarRSXwMjFODxPTwyaiNZotF.jpg</thumbnail>			<fanart>https://image.tmdb.org/t/p/w1280/wok0YepwQfBAPsrttFq0W6HXT2g.jpg</fanart>		</item>		<item>			<title>A Goofy Movie (1995)</title>			<meta>				<content>movie</content>				<imdb>tt0113198</imdb>				<title>A Goofy Movie</title>				<year>1995</year>			</meta>			<link>				<sublink>searchhd</sublink>				<sublink>searchsd</sublink>			</link>			<thumbnail>https://image.tmdb.org/t/p/w1280/bycmMhO3iIoEDzP768sUjq2RV4T.jpg</thumbnail>			<fanart>https://image.tmdb.org/t/p/w1280/ijDUMFmb34Fv7jBwxzhNc3lbVP3.jpg</fanart>		</item>		<item>			<title>A Scanner Darkly (2006)</title>			<meta>				<content>movie</content>				<imdb>tt0405296</imdb>				<title>A Scanner Darkly</title>				<year>2006</year>			</meta>			<link>				<sublink>searchhd</sublink>				<sublink>searchsd</sublink>			</link>			<thumbnail>https://image.tmdb.org/t/p/w1280/wS0QhF2RTwap84BKGr9hKHzNAMx.jpg</thumbnail>			<fanart>https://image.tmdb.org/t/p/w1280/nZuqo9yQpEo447sH0w0MFBgdT6J.jpg</fanart>		</item>		<item>			<title>Addams Family Values (1993)</title>			<meta>				<content>movie</content>				<imdb>tt0106220</imdb>				<title>Addams Family Values</title>				<year>1993</year>			</meta>			<link>				<sublink>searchhd</sublink>				<sublink>searchsd</sublink>			</link>			<thumbnail>https://image.tmdb.org/t/p/w1280/zEwEXGDvJ8Ou2s6XbLMPvMTX53S.jpg</thumbnail>			<fanart>https://image.tmdb.org/t/p/w1280/i84FfYcljpH9FOO26PdvBWzLGRl.jpg</fanart>		</item>		<item>			<title>Aladdin (1992)</title>			<meta>				<content>movie</content>				<imdb>tt0103639</imdb>				<title>Aladdin</title>				<year>1992</year>			</meta>			<link>				<sublink>searchhd</sublink>				<sublink>searchsd</sublink>			</link>			<thumbnail>https://image.tmdb.org/t/p/w1280/7f53XAE4nPiGe9XprpGAeWHuKPw.jpg</thumbnail>			<fanart>https://image.tmdb.org/t/p/w1280/toPEmFIckgRSPd40g6OLv3LWPtp.jpg</fanart>		</item>		<item>			<title>Aladdin and the King of Thieves (1996)</title>			<meta>				<content>movie</content>				<imdb>tt0115491</imdb>				<title>Aladdin and the King of Thieves</title>				<year>1996</year>			</meta>			<link>				<sublink>searchhd</sublink>				<sublink>searchsd</sublink>			</link>			<thumbnail>https://image.tmdb.org/t/p/w1280/f6cwFA76j6aaRu1KOQ8bBYfSlLx.jpg</thumbnail>			<fanart>https://image.tmdb.org/t/p/w1280/gDGV6FtkoFIM0hSsDxeUq6wD391.jpg</fanart>		</item>		<item>			<title>Alice in Wonderland (2010)</title>			<meta>				<content>movie</content>				<imdb>tt1014759</imdb>				<title>Alice in Wonderland</title>				<year>I 2010</year>			</meta>			<link>				<sublink>searchhd</sublink>				<sublink>searchsd</sublink>			</link>			<thumbnail>https://image.tmdb.org/t/p/w1280/pvEE5EN5N1yjmHmldfL4aJWm56l.jpg</thumbnail>			<fanart>https://image.tmdb.org/t/p/w1280/aBCjJWQkEsn3Y3nbx1IOKRLalqa.jpg</fanart>		</item>		<item>			<title>Alice in Wonderland (1951)</title>			<meta>				<content>movie</content>				<imdb>tt0043274</imdb>				<title>Alice in Wonderland</title>				<year>1951</year>			</meta>			<link>				<sublink>searchhd</sublink>				<sublink>searchsd</sublink>			</link>			<thumbnail>https://image.tmdb.org/t/p/w1280/6nqrMYon3UEMrTrkLvJPH5IwQZe.jpg</thumbnail>			<fanart>https://image.tmdb.org/t/p/w1280/p6frW7qR3wUbssM25BS8BlzyoKc.jpg</fanart>		</item>		<item>			<title>Aliens of the Deep (2005)</title>			<meta>				<content>movie</content>				<imdb>tt0417415</imdb>				<title>Aliens of the Deep</title>				<year>2005</year>			</meta>			<link>				<sublink>searchhd</sublink>				<sublink>searchsd</sublink>			</link>			<thumbnail>https://image.tmdb.org/t/p/w1280/pB1HMawACKSpuxcYiufw2pzX63c.jpg</thumbnail>			<fanart>https://image.tmdb.org/t/p/w1280/l4LNrumbRW9Z34kIvijAEllKVG8.jpg</fanart>		</item>		<item>			<title>All Dogs Go to Heaven (1989)</title>			<meta>				<content>movie</content>				<imdb>tt0096787</imdb>				<title>All Dogs Go to Heaven</title>				<year>1989</year>			</meta>			<link>				<sublink>searchhd</sublink>				<sublink>searchsd</sublink>			</link>			<thumbnail>https://image.tmdb.org/t/p/w1280/fb6CRpryYQB5eqjohSnLbjHxJQK.jpg</thumbnail>			<fanart>https://image.tmdb.org/t/p/w1280/pKaXWFXFYG2NDimnb4wsGsZSl6Q.jpg</fanart>		</item>		<item>			<title>Alvin and the Chipmunks: The Squeakquel (2009)</title>			<meta>				<content>movie</content>				<imdb>tt1231580</imdb>				<title>Alvin and the Chipmunks: The Squeakquel</title>				<year>2009</year>			</meta>			<link>				<sublink>searchhd</sublink>				<sublink>searchsd</sublink>			</link>			<thumbnail>https://image.tmdb.org/t/p/w1280/1vfj6gsWDXYmIgjA9FphmvRKnJj.jpg</thumbnail>			<fanart>https://image.tmdb.org/t/p/w1280/fltrFAIcNp8Ut41DpAHQRVdmn7I.jpg</fanart>		</item>		<item>			<title>An American Tail (1986)</title>			<meta>				<content>movie</content>				<imdb>tt0090633</imdb>				<title>An American Tail</title>				<year>1986</year>			</meta>			<link>				<sublink>searchhd</sublink>				<sublink>searchsd</sublink>			</link>			<thumbnail>https://image.tmdb.org/t/p/w1280/glZNfxN4cef0pJeD08xru7ZVWlI.jpg</thumbnail>			<fanart>https://image.tmdb.org/t/p/w1280/bl42TZnTrT1b9bGcE153ZYWZmDw.jpg</fanart>		</item>		<item>			<title>An Extremely Goofy Movie (2000)</title>			<meta>				<content>movie</content>				<imdb>tt0208185</imdb>				<title>An Extremely Goofy Movie</title>				<year>2000</year>			</meta>			<link>				<sublink>searchhd</sublink>				<sublink>searchsd</sublink>			</link>			<thumbnail>https://image.tmdb.org/t/p/w1280/kHV9ABnZtDeDtSQfTNIveSoxS9m.jpg</thumbnail>			<fanart>https://image.tmdb.org/t/p/w1280/nxhsdq7g8FzuFUG218q0CrUsqVq.jpg</fanart>		</item>		<item>			<title>Anomalisa (2015)</title>			<meta>				<content>movie</content>				<imdb>tt2401878</imdb>				<title>Anomalisa</title>				<year>2015</year>			</meta>			<link>				<sublink>searchhd</sublink>				<sublink>searchsd</sublink>			</link>			<thumbnail>https://image.tmdb.org/t/p/w1280/5DpDEEb6UJUiSaXyNegYlCqsZdd.jpg</thumbnail>			<fanart>https://image.tmdb.org/t/p/w1280/7gXheUIaNCGsp6kwhKqpLCBeqBm.jpg</fanart>		</item>        <item>            <title>[COLOR red]Antz[/COLOR]</title>            <meta>                <imdb>tt0120587</imdb>                <content>movie</content>                <title>Antz</title>                <year>1998</year>            </meta>            <link>                <sublink>searchhd</sublink>                <sublink>searchsd</sublink>            </link>            <thumbnail>https://image.tmdb.org/t/p/w1280/3biVcPu5hrfKUMC73sTFq17dmmS.jpg</thumbnail>            <fanart>https://image.tmdb.org/t/p/w1280/kMfLkbVTsALj5eIu72jtwzDhVsV.jpg</fanart>        </item>        <item>            <title>[COLOR red]Atlantis: The Lost Empire[/COLOR]</title>            <meta>                <imdb>tt0230011</imdb>                <content>movie</content>                <title>Atlantis: The Lost Empire</title>                <year>2001</year>            </meta>            <link>                <sublink>searchhd</sublink>                <sublink>searchsd</sublink>            </link>            <thumbnail>https://image.tmdb.org/t/p/w1280/9kbLIQEj99g5Hb9g1IG3VNdtt3h.jpg</thumbnail>            <fanart>https://image.tmdb.org/t/p/w1280/6tDYT0R7uzVroxR7W2nppuTv2Ha.jpg</fanart>        </item>		<item>			<title>Arthur Christmas (2011)</title>			<meta>				<content>movie</content>				<imdb>tt1430607</imdb>				<title>Arthur Christmas</title>				<year>2011</year>			</meta>			<link>				<sublink>searchhd</sublink>				<sublink>searchsd</sublink>			</link>			<thumbnail>https://image.tmdb.org/t/p/w1280/brELZkSbkLrcCXJ0xt5hQUMXhut.jpg</thumbnail>			<fanart>https://image.tmdb.org/t/p/w1280/5mfMJpkO0mxDViHEeebFrzesdwc.jpg</fanart>		</item>		<item>			<title>Astro Boy (2009)</title>			<meta>				<content>movie</content>				<imdb>tt0375568</imdb>				<title>Astro Boy</title>				<year>2009</year>			</meta>			<link>				<sublink>searchhd</sublink>				<sublink>searchsd</sublink>			</link>			<thumbnail>https://image.tmdb.org/t/p/w1280/4kQczIhUFTnDWwG6HKsgCxLoi6.jpg</thumbnail>			<fanart>https://image.tmdb.org/t/p/w1280/koxKvzuShnLANUXWH1vkJEWigGB.jpg</fanart>		</item>		<item>			<title>Avalon High (2010)</title>			<meta>				<content>movie</content>				<imdb>tt1614950</imdb>				<title>Avalon High</title>				<year>2010</year>			</meta>			<link>				<sublink>searchhd</sublink>				<sublink>searchsd</sublink>			</link>			<thumbnail>https://image.tmdb.org/t/p/w1280/p5B1C53bYRZajuMx5HcOZOMdi1w.jpg</thumbnail>			<fanart>https://image.tmdb.org/t/p/w1280/xAClGiTK9lkpH4brQUFkPOHmMj2.jpg</fanart>		</item>		<item>			<title>Babe (1995)</title>			<meta>				<content>movie</content>				<imdb>tt0112431</imdb>				<title>Babe</title>				<year>1995</year>			</meta>			<link>				<sublink>searchhd</sublink>				<sublink>searchsd</sublink>			</link>			<thumbnail>https://image.tmdb.org/t/p/w1280/gN6X3fwPya8pLffk9OEWV3DqBnE.jpg</thumbnail>			<fanart>https://image.tmdb.org/t/p/w1280/67jzzA7YqDTR5qIUhAH32cvkf53.jpg</fanart>		</item>		<item>			<title>Babe: Pig in the City (1998)</title>			<meta>				<content>movie</content>				<imdb>tt0120595</imdb>				<title>Babe: Pig in the City</title>				<year>1998</year>			</meta>			<link>				<sublink>searchhd</sublink>				<sublink>searchsd</sublink>			</link>			<thumbnail>https://image.tmdb.org/t/p/w1280/yjZ3d2mKC94Lz0XGJYGRbAOrA4Q.jpg</thumbnail>			<fanart>https://image.tmdb.org/t/p/w1280/mRDgGqZekOFLGZOVjyIZJ727LLz.jpg</fanart>		</item>		<item>			<title>Back to the Future (1985)</title>			<meta>				<content>movie</content>				<imdb>tt0088763</imdb>				<title>Back to the Future</title>				<year>1985</year>			</meta>			<link>				<sublink>searchhd</sublink>				<sublink>searchsd</sublink>			</link>			<thumbnail>https://image.tmdb.org/t/p/w1280/pTpxQB1N0waaSc3OSn0e9oc8kx9.jpg</thumbnail>			<fanart>https://image.tmdb.org/t/p/w1280/x4N74cycZvKu5k3KDERJay4ajR3.jpg</fanart>		</item>		<item>			<title>Back to the Future Part II (1989)</title>			<meta>				<content>movie</content>				<imdb>tt0096874</imdb>				<title>Back to the Future Part II</title>				<year>1989</year>			</meta>			<link>				<sublink>searchhd</sublink>				<sublink>searchsd</sublink>			</link>			<thumbnail>https://image.tmdb.org/t/p/w1280/k5dzvCQkXU2CAhLtlj9BHE7xmyK.jpg</thumbnail>			<fanart>https://image.tmdb.org/t/p/w1280/snLFUFzWUZCdYkAbhZlaGJxiY3I.jpg</fanart>		</item>		<item>			<title>Balto (1995)</title>			<meta>				<content>movie</content>				<imdb>tt0112453</imdb>				<title>Balto</title>				<year>1995</year>			</meta>			<link>				<sublink>searchhd</sublink>				<sublink>searchsd</sublink>			</link>			<thumbnail>https://image.tmdb.org/t/p/w1280/gV5PCAVCPNxlOLFM1bKk50EqLXO.jpg</thumbnail>			<fanart>https://image.tmdb.org/t/p/w1280/fkxHaPJaB35wnoUC7glF16W3lWH.jpg</fanart>		</item>		<item>			<title>Bambi (1942)</title>			<meta>				<content>movie</content>				<imdb>tt0034492</imdb>				<title>Bambi</title>				<year>1942</year>			</meta>			<link>				<sublink>searchhd</sublink>				<sublink>searchsd</sublink>			</link>			<thumbnail>https://image.tmdb.org/t/p/w1280/wV9e2y4myJ4KMFsyFfWYcUOawyK.jpg</thumbnail>			<fanart>https://image.tmdb.org/t/p/w1280/zM2Rdsh4kiTEXPkkO9lWBzZpwAH.jpg</fanart>		</item>		<item>			<title>Bambi II (2006)</title>			<meta>				<content>movie</content>				<imdb>tt0447854</imdb>				<title>Bambi II</title>				<year>2006</year>			</meta>			<link>				<sublink>searchhd</sublink>				<sublink>searchsd</sublink>			</link>			<thumbnail>https://image.tmdb.org/t/p/w1280/vYqfG1SfpT4lJ5NXsNHY2otIfbt.jpg</thumbnail>			<fanart>https://image.tmdb.org/t/p/w1280/ebug4NE8EV0f345KwbNNS3T3dRh.jpg</fanart>		</item>		<item>			<title>Batman: Mask of the Phantasm (1993)</title>			<meta>				<content>movie</content>				<imdb>tt0106364</imdb>				<title>Batman: Mask of the Phantasm</title>				<year>1993</year>			</meta>			<link>				<sublink>searchhd</sublink>				<sublink>searchsd</sublink>			</link>			<thumbnail>https://image.tmdb.org/t/p/w1280/l4jaQjkgznu2Rz05X18f24UjPNW.jpg</thumbnail>			<fanart>https://image.tmdb.org/t/p/w1280/jTwt4fcYADv758PVP6DH8ryy4R.jpg</fanart>		</item>		<item>			<title>Batman: Return of the Caped Crusaders (2016)</title>			<meta>				<content>movie</content>				<imdb>tt5973626</imdb>				<title>Batman: Return of the Caped Crusaders</title>				<year>2016</year>			</meta>			<link>				<sublink>searchhd</sublink>				<sublink>searchsd</sublink>			</link>			<thumbnail>https://image.tmdb.org/t/p/w1280/GW3IyMW5Xgl0cgCN8wu96IlNpD.jpg</thumbnail>			<fanart>https://image.tmdb.org/t/p/w1280/4HriXH0XmceHwW6FVFcl3KPUaVY.jpg</fanart>		</item>		<item>			<title>Beauty and the Beast (1991)</title>			<meta>				<content>movie</content>				<imdb>tt0101414</imdb>				<title>Beauty and the Beast</title>				<year>1991</year>			</meta>			<link>				<sublink>searchhd</sublink>				<sublink>searchsd</sublink>			</link>			<thumbnail>https://image.tmdb.org/t/p/w1280/b9QJr2oblOu1grgOMUZF1xkUJdh.jpg</thumbnail>			<fanart>https://image.tmdb.org/t/p/w1280/tPammIMserHjUXmyiK8m7q5x4P6.jpg</fanart>		</item>		<item>			<title>Because of Winn-Dixie (2005)</title>			<meta>				<content>movie</content>				<imdb>tt0317132</imdb>				<title>Because of Winn-Dixie</title>				<year>2005</year>			</meta>			<link>				<sublink>searchhd</sublink>				<sublink>searchsd</sublink>			</link>			<thumbnail>https://image.tmdb.org/t/p/w1280/oMUFS7HmIyTeui5xuoIEkPYTWC8.jpg</thumbnail>			<fanart>https://image.tmdb.org/t/p/w1280/varlHZcTuozj9WUz3XX4DzDzVA3.jpg</fanart>		</item>		<item>			<title>Bedtime Stories (2008)</title>			<meta>				<content>movie</content>				<imdb>tt0960731</imdb>				<title>Bedtime Stories</title>				<year>2008</year>			</meta>			<link>				<sublink>searchhd</sublink>				<sublink>searchsd</sublink>			</link>			<thumbnail>https://image.tmdb.org/t/p/w1280/nhovvB0LO5nlgIvpPg2C1iLLAvr.jpg</thumbnail>			<fanart>https://image.tmdb.org/t/p/w1280/pRBBb1djfQptcKeRGGH3YgwaNf0.jpg</fanart>		</item>        <item>            <title>[COLOR gold]Bee Movie[/COLOR]</title>            <meta>                <imdb>tt0389790</imdb>                <content>movie</content>                <title>Bee Movie</title>                <year>2007</year>            </meta>            <link>                <sublink>searchhd</sublink>                <sublink>searchsd</sublink>            </link>            <thumbnail>https://image.tmdb.org/t/p/w1280/QhbOzpYfBOwrRiuTu9otPk919R.jpg</thumbnail>            <fanart>https://image.tmdb.org/t/p/w1280/eKXTOIqSFrfN8WTTxrzHMBNiUpB.jpg</fanart>        </item>		<item>			<title>Beethoven (1992)</title>			<meta>				<content>movie</content>				<imdb>tt0103786</imdb>				<title>Beethoven</title>				<year>1992</year>			</meta>			<link>				<sublink>searchhd</sublink>				<sublink>searchsd</sublink>			</link>			<thumbnail>https://image.tmdb.org/t/p/w1280/rjmkdq77jvcJgXn0E88Fl2Qu7vI.jpg</thumbnail>			<fanart>https://image.tmdb.org/t/p/w1280/bRLRsAORRuTfZj5XcGWpNXPlt1z.jpg</fanart>		</item>		<item>			<title>Beowulf (2007)</title>			<meta>				<content>movie</content>				<imdb>tt0442933</imdb>				<title>Beowulf</title>				<year>2007</year>			</meta>			<link>				<sublink>searchhd</sublink>				<sublink>searchsd</sublink>			</link>			<thumbnail>https://image.tmdb.org/t/p/w1280/j90lLkvlcPNL6VVoLGQ0yzPUfJV.jpg</thumbnail>			<fanart>https://image.tmdb.org/t/p/w1280/sWNv1EtnBaboIBfrQQ7exon7zub.jpg</fanart>		</item>		<item>			<title>Belle's Magical World (1998)</title>			<meta>				<content>movie</content>				<imdb>tt0167038</imdb>				<title>Belle's Magical World</title>				<year>1998</year>			</meta>			<link>				<sublink>searchhd</sublink>				<sublink>searchsd</sublink>			</link>			<thumbnail>https://image.tmdb.org/t/p/w1280/nVVmovURk9IEkxbkrXVmvIcgi7P.jpg</thumbnail>			<fanart>https://image.tmdb.org/t/p/w1280/yZYWGHqtpbZlOKUdL5nGt24ZBOO.jpg</fanart>		</item>		<item>			<title>Beverly Hills Chihuahua (2008)</title>			<meta>				<content>movie</content>				<imdb>tt1014775</imdb>				<title>Beverly Hills Chihuahua</title>				<year>2008</year>			</meta>			<link>				<sublink>searchhd</sublink>				<sublink>searchsd</sublink>			</link>			<thumbnail>https://image.tmdb.org/t/p/w1280/2aRvqtLoE06hTjG93lASvO7r1as.jpg</thumbnail>			<fanart>https://image.tmdb.org/t/p/w1280/jHVdqAUCK9T1HHSKm6qXTAQGwXq.jpg</fanart>		</item>		<item>			<title>Beverly Hills Chihuahua 2 (2011)</title>			<meta>				<content>movie</content>				<imdb>tt1482393</imdb>				<title>Beverly Hills Chihuahua 2</title>				<year>2011</year>			</meta>			<link>				<sublink>searchhd</sublink>				<sublink>searchsd</sublink>			</link>			<thumbnail>https://image.tmdb.org/t/p/w1280/e3ijGsYIKTeay7ooDmzhaK7GbiU.jpg</thumbnail>			<fanart>https://image.tmdb.org/t/p/w1280/vMMYUVaOw6fMPW2HGwDvgs2D0WP.jpg</fanart>		</item>		<item>			<title>Big Hero 6 (2014)</title>			<meta>				<content>movie</content>				<imdb>tt2245084</imdb>				<title>Big Hero 6</title>				<year>2014</year>			</meta>			<link>				<sublink>searchhd</sublink>				<sublink>searchsd</sublink>			</link>			<thumbnail>https://image.tmdb.org/t/p/w1280/9gLu47Zw5ertuFTZaxXOvNfy78T.jpg</thumbnail>			<fanart>https://image.tmdb.org/t/p/w1280/2BXd0t9JdVqCp9sKf6kzMkr7QjB.jpg</fanart>		</item>		<item>			<title>Blood Tea and Red String (2006)</title>			<meta>				<content>movie</content>				<imdb>tt0827498</imdb>				<title>Blood Tea and Red String</title>				<year>2006</year>			</meta>			<link>				<sublink>searchhd</sublink>				<sublink>searchsd</sublink>			</link>			<thumbnail>https://image.tmdb.org/t/p/w1280/znSzT8PAMl6hjcwSKvtklPo7pnk.jpg</thumbnail>			<fanart>https://image.tmdb.org/t/p/w1280/99wqWeBwwsN6jsjGOa57jkFapKq.jpg</fanart>		</item>		<item>			<title>Bolt (2008)</title>			<meta>				<content>movie</content>				<imdb>tt0397892</imdb>				<title>Bolt</title>				<year>2008</year>			</meta>			<link>				<sublink>searchhd</sublink>				<sublink>searchsd</sublink>			</link>			<thumbnail>https://image.tmdb.org/t/p/w1280/pGA75RbbIDXlUJtzJogAtS0KyxL.jpg</thumbnail>			<fanart>https://image.tmdb.org/t/p/w1280/lwI40taKaCKHK9mUeSBP2tQz8dS.jpg</fanart>		</item>		<item>			<title>Boundin' (2003)</title>			<meta>				<content>movie</content>				<imdb>tt0395479</imdb>				<title>Boundin'</title>				<year>2003</year>			</meta>			<link>				<sublink>searchhd</sublink>				<sublink>searchsd</sublink>			</link>			<thumbnail>https://image.tmdb.org/t/p/w1280/35jJseJi3BiQ2ucCxKpnUoJhal3.jpg</thumbnail>			<fanart>https://image.tmdb.org/t/p/w1280/wFfHC9aQBDMc0a44XHTpld1VdjX.jpg</fanart>		</item>		<item>			<title>Brave (2012)</title>			<meta>				<content>movie</content>				<imdb>tt1217209</imdb>				<title>Brave</title>				<year>2012</year>			</meta>			<link>				<sublink>searchhd</sublink>				<sublink>searchsd</sublink>			</link>			<thumbnail>https://image.tmdb.org/t/p/w1280/qhABv2d4NZLhsOOA4iBFM4rfuJC.jpg</thumbnail>			<fanart>https://image.tmdb.org/t/p/w1280/sfRCA9g3CunpnZO3QurHSIRcsUq.jpg</fanart>		</item>		<item>			<title>Bridge to Terabithia (2007)</title>			<meta>				<content>movie</content>				<imdb>tt0398808</imdb>				<title>Bridge to Terabithia</title>				<year>2007</year>			</meta>			<link>				<sublink>searchhd</sublink>				<sublink>searchsd</sublink>			</link>			<thumbnail>https://image.tmdb.org/t/p/w1280/gihMBO2SmUprI1ecYe7Eo7Eg1yq.jpg</thumbnail>			<fanart>https://image.tmdb.org/t/p/w1280/t45osFg8w2Kh7BzgYl1iYgi8IxF.jpg</fanart>		</item>		<item>			<title>Brother Bear (2003)</title>			<meta>				<content>movie</content>				<imdb>tt0328880</imdb>				<title>Brother Bear</title>				<year>2003</year>			</meta>			<link>				<sublink>searchhd</sublink>				<sublink>searchsd</sublink>			</link>			<thumbnail>https://image.tmdb.org/t/p/w1280/otptPbEY0vBostmo95xwiiumMJm.jpg</thumbnail>			<fanart>https://image.tmdb.org/t/p/w1280/mDgZ8aLCrH4NcUJIvF0W5B8qa4G.jpg</fanart>		</item>		<item>			<title>Brother Bear 2 (2006)</title>			<meta>				<content>movie</content>				<imdb>tt0465925</imdb>				<title>Brother Bear 2</title>				<year>2006</year>			</meta>			<link>				<sublink>searchhd</sublink>				<sublink>searchsd</sublink>			</link>			<thumbnail>https://image.tmdb.org/t/p/w1280/msZSTfilEF6hw47HTuf5AeXAO8R.jpg</thumbnail>			<fanart>https://image.tmdb.org/t/p/w1280/zhMiJmPuX2o2bbXWWZNUgVbw3OM.jpg</fanart>		</item>		<item>			<title>Building a Building (1933)</title>			<meta>				<content>movie</content>				<imdb>tt0023854</imdb>				<title>Building a Building</title>				<year>1933</year>			</meta>			<link>				<sublink>searchhd</sublink>				<sublink>searchsd</sublink>			</link>			<thumbnail>https://image.tmdb.org/t/p/w1280/eXKMicxLaL14GupPjJBHYvRLuvu.jpg</thumbnail>			<fanart>https://image.tmdb.org/t/p/w1280/ugNF7N0tbREgNAOTr146iyfwqF3.jpg</fanart>		</item>		<item>			<title>Burn-E (2008)</title>			<meta>				<content>movie</content>				<imdb>tt1334585</imdb>				<title>Burn-E</title>				<year>2008</year>			</meta>			<link>				<sublink>searchhd</sublink>				<sublink>searchsd</sublink>			</link>			<thumbnail>https://image.tmdb.org/t/p/w1280/tdvyi9asDeOF65MwTqNNMoAhqP4.jpg</thumbnail>			<fanart>https://image.tmdb.org/t/p/w1280/us64LmtSBNELHIprKB7CSt8MEvC.jpg</fanart>		</item>        <item>            <title>[COLOR red]Captain Underpants: The First Epic Movie[/COLOR]</title>            <meta>                <imdb>tt2091256</imdb>                <content>movie</content>                <title>Captain Underpants: The First Epic Movie</title>                <year>2017</year>            </meta>            <link>                <sublink>searchhd</sublink>                <sublink>searchsd</sublink>            </link>            <thumbnail>https://image.tmdb.org/t/p/w1280/AjHZIkzhPXrRNE4VSLVWx6dirK9.jpg</thumbnail>            <fanart>https://image.tmdb.org/t/p/w1280/5ceIqlRzWH4x1IPU9OfjXHO2Kz6.jpg</fanart>        </item>		<item>			<title>Cars (2006)</title>			<meta>				<content>movie</content>				<imdb>tt0317219</imdb>				<title>Cars</title>				<year>2006</year>			</meta>			<link>				<sublink>searchhd</sublink>				<sublink>searchsd</sublink>			</link>			<thumbnail>https://image.tmdb.org/t/p/w1280/5damnMcRFKSjhCirgX3CMa88MBj.jpg</thumbnail>			<fanart>https://image.tmdb.org/t/p/w1280/a1MlbLBk5Sy6YvMbSuKfwGlDVlb.jpg</fanart>		</item>		<item>			<title>Cars 2 (2011)</title>			<meta>				<content>movie</content>				<imdb>tt1216475</imdb>				<title>Cars 2</title>				<year>2011</year>			</meta>			<link>				<sublink>searchhd</sublink>				<sublink>searchsd</sublink>			</link>			<thumbnail>https://image.tmdb.org/t/p/w1280/AblhtULOVtrkSnFxRPQ8gBemxw9.jpg</thumbnail>			<fanart>https://image.tmdb.org/t/p/w1280/jEcmZhtJkZQc6ta2vzBd9CU7GIx.jpg</fanart>		</item>		<item>			<title>Charlie and the Chocolate Factory (2005)</title>			<meta>				<content>movie</content>				<imdb>tt0367594</imdb>				<title>Charlie and the Chocolate Factory</title>				<year>2005</year>			</meta>			<link>				<sublink>searchhd</sublink>				<sublink>searchsd</sublink>			</link>			<thumbnail>https://image.tmdb.org/t/p/w1280/dvHl1dYvaZRhj9Gk0ITcCHr4DIJ.jpg</thumbnail>			<fanart>https://image.tmdb.org/t/p/w1280/t7TwFwRrx3Re52651dy52ObXBBh.jpg</fanart>		</item>		<item>			<title>Charlotte's Web (2006)</title>			<meta>				<content>movie</content>				<imdb>tt0413895</imdb>				<title>Charlotte's Web</title>				<year>2006</year>			</meta>			<link>				<sublink>searchhd</sublink>				<sublink>searchsd</sublink>			</link>			<thumbnail>https://image.tmdb.org/t/p/w1280/zmfPv26TJrMeE9ngSEpBG44uePa.jpg</thumbnail>			<fanart>https://image.tmdb.org/t/p/w1280/ybMxs1mGYzSEkgqLvdHOMHXh8xL.jpg</fanart>		</item>		<item>			<title>Cheatin' (2013)</title>			<meta>				<content>movie</content>				<imdb>tt2361846</imdb>				<title>Cheatin'</title>				<year>2013</year>			</meta>			<link>				<sublink>searchhd</sublink>				<sublink>searchsd</sublink>			</link>			<thumbnail>https://image.tmdb.org/t/p/w1280/p5O8cBP8F8Zg5DM1Nx3Gfc3FBfX.jpg</thumbnail>			<fanart>https://image.tmdb.org/t/p/w1280/r5pNhst4ilOYiWtEBL58cF4CSyA.jpg</fanart>		</item>		<item>			<title>Chicken Little (2005)</title>			<meta>				<content>movie</content>				<imdb>tt0371606</imdb>				<title>Chicken Little</title>				<year>2005</year>			</meta>			<link>				<sublink>searchhd</sublink>				<sublink>searchsd</sublink>			</link>			<thumbnail>https://image.tmdb.org/t/p/w1280/iLMALbInUmbNn1tHmxJEWm5MyjP.jpg</thumbnail>			<fanart>https://image.tmdb.org/t/p/w1280/9YqNb9V9lded8ZDjMz8nkQLpq15.jpg</fanart>		</item>		<item>			<title>Chicken Run (2000)</title>			<meta>				<content>movie</content>				<imdb>tt0120630</imdb>				<title>Chicken Run</title>				<year>2000</year>			</meta>			<link>				<sublink>searchhd</sublink>				<sublink>searchsd</sublink>			</link>			<thumbnail>https://image.tmdb.org/t/p/w1280/z0MafJgUnVyVbczicYMkPKKHkBi.jpg</thumbnail>			<fanart>https://image.tmdb.org/t/p/w1280/oQ3xpOJhawe73ro7q6yKYDicZUM.jpg</fanart>		</item>		<item>			<title>Cinderella (1950)</title>			<meta>				<content>movie</content>				<imdb>tt0042332</imdb>				<title>Cinderella</title>				<year>1950</year>			</meta>			<link>				<sublink>searchhd</sublink>				<sublink>searchsd</sublink>			</link>			<thumbnail>https://image.tmdb.org/t/p/w1280/cdf4J7tDhSPAghWWgx9EnwQWBfF.jpg</thumbnail>			<fanart>https://image.tmdb.org/t/p/w1280/7XY6mgZB6NDxr22jNW227Ibs4Br.jpg</fanart>		</item>		<item>			<title>Clock Cleaners (1937)</title>			<meta>				<content>movie</content>				<imdb>tt0028726</imdb>				<title>Clock Cleaners</title>				<year>1937</year>			</meta>			<link>				<sublink>searchhd</sublink>				<sublink>searchsd</sublink>			</link>			<thumbnail>https://image.tmdb.org/t/p/w1280/jKM9p9qkibFMraRodEUzEVMemmY.jpg</thumbnail>			<fanart>https://image.tmdb.org/t/p/w1280/3YGfpjW0OPcrDSarphlEr64WftB.jpg</fanart>		</item>		<item>			<title>Cloudy with a Chance of Meatballs (2009)</title>			<meta>				<content>movie</content>				<imdb>tt0844471</imdb>				<title>Cloudy with a Chance of Meatballs</title>				<year>2009</year>			</meta>			<link>				<sublink>searchhd</sublink>				<sublink>searchsd</sublink>			</link>			<thumbnail>https://image.tmdb.org/t/p/w1280/8GyuFxLh3PTaQDy3Vhk1gV3KU8Z.jpg</thumbnail>			<fanart>https://image.tmdb.org/t/p/w1280/vYovS909jUV3wxms4DmHGjZ1lhw.jpg</fanart>		</item>		<item>			<title>Cloudy with a Chance of Meatballs 2 (2013)</title>			<meta>				<content>movie</content>				<imdb>tt1985966</imdb>				<title>Cloudy with a Chance of Meatballs 2</title>				<year>2013</year>			</meta>			<link>				<sublink>searchhd</sublink>				<sublink>searchsd</sublink>			</link>			<thumbnail>https://image.tmdb.org/t/p/w1280/oZjluB568NJVtRrny4rpeApGuNi.jpg</thumbnail>			<fanart>https://image.tmdb.org/t/p/w1280/qlAeyqhKUfX1f4FWVoFZcHEDCAL.jpg</fanart>		</item>		<item>			<title>Coco (2017)</title>			<meta>				<content>movie</content>				<imdb>tt2380307</imdb>				<title>Coco</title>				<year>2017</year>			</meta>			<link>				<sublink>searchhd</sublink>				<sublink>searchsd</sublink>			</link>			<thumbnail>https://image.tmdb.org/t/p/w1280/eKi8dIrr8voobbaGzDpe8w0PVbC.jpg</thumbnail>			<fanart>https://image.tmdb.org/t/p/w1280/askg3SMvhqEl4OL52YuvdtY40Yb.jpg</fanart>		</item>		<item>			<title>College Road Trip (2008)</title>			<meta>				<content>movie</content>				<imdb>tt0997047</imdb>				<title>College Road Trip</title>				<year>2008</year>			</meta>			<link>				<sublink>searchhd</sublink>				<sublink>searchsd</sublink>			</link>			<thumbnail>https://image.tmdb.org/t/p/w1280/nz85hJqEJfT6h42C7E9xcvT4SVt.jpg</thumbnail>			<fanart>https://image.tmdb.org/t/p/w1280/A4QSGvgiWeNWvBAxVl3HqFsJxH3.jpg</fanart>		</item>		<item>			<title>Coneheads (1993)</title>			<meta>				<content>movie</content>				<imdb>tt0106598</imdb>				<title>Coneheads</title>				<year>1993</year>			</meta>			<link>				<sublink>searchhd</sublink>				<sublink>searchsd</sublink>			</link>			<thumbnail>https://image.tmdb.org/t/p/w1280/9vuFI0xV1yZfsWr23evJlkRDL8j.jpg</thumbnail>			<fanart>https://image.tmdb.org/t/p/w1280/axWjhTUYwaXVWaaOxiXxOzaxpfJ.jpg</fanart>		</item>		<item>			<title>Consuming Spirits (2012)</title>			<meta>				<content>movie</content>				<imdb>tt2253947</imdb>				<title>Consuming Spirits</title>				<year>2012</year>			</meta>			<link>				<sublink>searchhd</sublink>				<sublink>searchsd</sublink>			</link>			<thumbnail>https://image.tmdb.org/t/p/w1280/bFhedw3N3a7RmEDUP2mJDbh5owF.jpg</thumbnail>			<fanart>https://image.tmdb.org/t/p/w1280none</fanart>		</item>		<item>			<title>Coraline (2009)</title>			<meta>				<content>movie</content>				<imdb>tt0327597</imdb>				<title>Coraline</title>				<year>2009</year>			</meta>			<link>				<sublink>searchhd</sublink>				<sublink>searchsd</sublink>			</link>			<thumbnail>https://image.tmdb.org/t/p/w1280/ybOmHUVVXcwBQErjw7tmeE97fpO.jpg</thumbnail>			<fanart>https://image.tmdb.org/t/p/w1280/8ChkcF8uX6OYyTuOMuiYHT28VSu.jpg</fanart>		</item>		<item>			<title>Corpse Bride (2005)</title>			<meta>				<content>movie</content>				<imdb>tt0121164</imdb>				<title>Corpse Bride</title>				<year>2005</year>			</meta>			<link>				<sublink>searchhd</sublink>				<sublink>searchsd</sublink>			</link>			<thumbnail>https://image.tmdb.org/t/p/w1280/o9GbcdP7rOg2m1NyUnUR3ZwNcTE.jpg</thumbnail>			<fanart>https://image.tmdb.org/t/p/w1280/mlfoltX46WG4FqdKy92hiOq33qO.jpg</fanart>		</item>    </wannabe></dipshit>