<item>
<title>[COLOR=snow]Follow me on Twitter:[/COLOR] [COLOR=darkmagenta]@Daddy_Blamo[/COLOR]</title>
<heading></heading>
<thumbnail>https://pbs.twimg.com/profile_images/1001879000560611328/eEG9l3zh_400x400.jpg</thumbnail>
</item>

<item>
<title>[COLOR=darkmagenta]Some Links Require Pairing or Real Debrid:[/COLOR]</title>
<heading></heading>
</item>

<item>
	<title>[COLOR=red]***************************[/COLOR]</title>
<heading></heading>
</item>

<dir>
    <name>[COLOR darkmagenta]Blamo's Collection[/COLOR] [COLOR orange](Direct Links)[/COLOR]</name>
    <link>file://blams/oneclick.xml</link>
</dir>

<dir>
<name>[COLOR darkmagenta]Swift Streamz[/COLOR]</name>
<link>plugin://script.module.swiftstreamz</link>
<summary>Swift Streamz</summary>
</dir>

<dir>
    <title>[B][COLORwhite]Latest Releases[/COLOR][/B]</title>
    <wctoon>wcdaily-updates</wctoon>
</dir>

<dir>
    <title>[B][COLORwhite]Popular Series[/COLOR][/B]</title>
    <wctoon>popular-list</wctoon>
</dir>

<dir>
<title>[B][COLORwhite]24/7 TV Shows[/COLOR][/B]</title>
<arconaitv2>shows</arconaitv2>
</dir>

<dir>
    <name>[B][COLORorange]Adult Toons[/COLOR][/B] [COLOR red]Scrapers[/COLOR]</name>
    <link>file://adulttoon/adulttoon.xml</link>
</dir>

<dir>
    <name>[B][COLORorange]Kids Toons[/COLOR][/B] [COLOR red]Scrapers[/COLOR]</name>
    <link>file://kidstoon/kidtoon.xml</link>
</dir>

<dir>
<title>[B][COLORwhite]Search[/COLOR][/B]</title>
<tmdb>search</tmdb>
<thumbnail>https://i.imgur.com/hEDobPJ.png</thumbnail>
<fanart>https://i.imgur.com/UiI6O3O.jpg</fanart>
</dir>

<dir>
    <title>[B][COLORred]Trakt Portal[/COLOR][/B]</title>
    <link>file://blams/traktportal.xml</link>
    <thumbnail>https://trakt.tv/assets/logos/white-bg@2x-e72b5e4a638b069fe26118c563f89613.png</thumbnail>
    <fanart>special://home/addons/plugin.video.chocolatesaltyballs/fanart.jpg</fanart>
</dir>

<dir>
    <name>[B][COLORblue]Music[/COLOR][/B]</name>
    <link>file://music.xml</link>
</dir>

<dir>
    <title>[B][COLORlimegreen]User Requests[/COLOR][/B]</title>
    <link>file://requests.xml</link>
    <thumbnail>special://home/addons/plugin.video.chocolatesaltyballs/icon.png</thumbnail>
    <fanart>special://home/addons/plugin.video.chocolatesaltyballs/fanart.jpg</fanart>
</dir>
