<arrakis>
    <pervclips>
        <dir>
            <title>Popular Videos</title>
            <pervclips>pcpopular</pervclips>
            <thumbnail>special://home/addons/plugin.video.arrakis/resources/media/adult/pervclips.png</thumbnail>
        </dir>

        <dir>
            <title>Recent Videos</title>
            <pervclips>pcrecent</pervclips>
            <thumbnail>special://home/addons/plugin.video.arrakis/resources/media/adult/pervclips.png</thumbnail>
        </dir>

        <dir>
            <title>Top Rated Videos</title>
            <pervclips>pctop</pervclips>
            <thumbnail>special://home/addons/plugin.video.arrakis/resources/media/adult/pervclips.png</thumbnail>
        </dir>

        <dir>
            <title>Categories</title>
            <link>file://adult/pervclips/cats.xml</link>
            <thumbnail>special://home/addons/plugin.video.arrakis/resources/media/adult/pervclips.png</thumbnail>
        </dir>

        <dir>
            <title>Search for Celebrities</title>
            <pervclips>pcsearch</pervclips>
            <thumbnail>special://home/addons/plugin.video.arrakis/resources/media/adult/pervclips.png</thumbnail>
        </dir>
    </pervclips>
</arrakis>
