<item>
	<title>Invaders - Iron Maiden</title>
	<meta>
		<content>song</content>
		<artist>Iron Maiden</artist>
		<title>Invaders</title>
	</meta>
	<link>
		<sublink>https://openload.co/embed/OC0JIx7KbY8</sublink>
	</link>
	<thumbnail>https://lastfm-img2.akamaized.net/i/u/300x300/e60988558eec60fe4a3020d23863d58d.png</thumbnail>
</item>
<item>
	<title>Children of the Damned - Iron Maiden</title>
	<meta>
		<content>song</content>
		<artist>Iron Maiden</artist>
		<title>Children of the Damned</title>
	</meta>
	<link>
		<sublink>https://openload.co/embed/tViPTMIkgFA</sublink>
	</link>
	<thumbnail>https://lastfm-img2.akamaized.net/i/u/300x300/e60988558eec60fe4a3020d23863d58d.png</thumbnail>
</item>
<item>
	<title>The Prisoner - Iron Maiden</title>
	<meta>
		<content>song</content>
		<artist>Iron Maiden</artist>
		<title>The Prisoner</title>
	</meta>
	<link>
		<sublink>https://openload.co/embed/jckgYosvH4M</sublink>
	</link>
	<thumbnail>https://lastfm-img2.akamaized.net/i/u/300x300/e60988558eec60fe4a3020d23863d58d.png</thumbnail>
</item>
<item>
	<title>22, Acacia Avenue - Iron Maiden</title>
	<meta>
		<content>song</content>
		<artist>Iron Maiden</artist>
		<title>22, Acacia Avenue</title>
	</meta>
	<link>
		<sublink>https://openload.co/embed/e8a9IZFkDus</sublink>
	</link>
	<thumbnail>https://lastfm-img2.akamaized.net/i/u/300x300/e60988558eec60fe4a3020d23863d58d.png</thumbnail>
</item>
<item>
	<title>The Number of the Beast - Iron Maiden</title>
	<meta>
		<content>song</content>
		<artist>Iron Maiden</artist>
		<title>The Number of the Beast</title>
	</meta>
	<link>
		<sublink>https://openload.co/embed/I4vGm9gIMCM</sublink>
	</link>
	<thumbnail>https://lastfm-img2.akamaized.net/i/u/300x300/e60988558eec60fe4a3020d23863d58d.png</thumbnail>
</item>
<item>
	<title>Run to the Hills - Iron Maiden</title>
	<meta>
		<content>song</content>
		<artist>Iron Maiden</artist>
		<title>Run to the Hills</title>
	</meta>
	<link>
		<sublink>https://openload.co/embed/x6VLLQK1CVU</sublink>
	</link>
	<thumbnail>https://lastfm-img2.akamaized.net/i/u/300x300/e60988558eec60fe4a3020d23863d58d.png</thumbnail>
</item>
<item>
	<title>Gangland - Iron Maiden</title>
	<meta>
		<content>song</content>
		<artist>Iron Maiden</artist>
		<title>Gangland</title>
	</meta>
	<link>
		<sublink>https://openload.co/embed/Mgj4OtHPPwA</sublink>
	</link>
	<thumbnail>https://lastfm-img2.akamaized.net/i/u/300x300/e60988558eec60fe4a3020d23863d58d.png</thumbnail>
</item>
<item>
	<title>Hallowed Be Thy Name - Iron Maiden</title>
	<meta>
		<content>song</content>
		<artist>Iron Maiden</artist>
		<title>Hallowed Be Thy Name</title>
	</meta>
	<link>
		<sublink>https://openload.co/embed/feIxXzqlAsA</sublink>
	</link>
	<thumbnail>https://lastfm-img2.akamaized.net/i/u/300x300/e60988558eec60fe4a3020d23863d58d.png</thumbnail>
</item>


