<?xml version="1.0" encoding="UTF-8"?>
<!--suppress ALL -->
<addon id="context.ds.tools" version="1.1.0" name="DS Context Tools" provider-name="Mr.Blamo">
    <requires>
        <import addon="xbmc.python" version="2.2.0"/>
        <import addon="plugin.video.blamo"/>
        <import addon="script.module.deathstreams"/>
    </requires>
    <extension point="kodi.context.item" library="default.py">        
      <item>
        <label>Death Streams Tools...</label>
        <visible>!StringCompare(ListItem.dbid,)+[StringCompare(ListItem.dbtype,movie)|StringCompare(ListItem.dbtype,tvshow)|StringCompare(ListItem.dbtype,season)|StringCompare(ListItem.dbtype,episode)]</visible>
      </item>
    </extension>    
    <extension point="xbmc.addon.metadata">
        <summary>Library Context Menu Tools for Death Streams</summary>
        <description>This addon provides context menu tools for Death Streams</description>
        <platform>all</platform>
	</extension>
</addon>
