<?xml version="1.0" encoding="UTF-8" standalone="yes"?>
<addon id="plugin.program.Kodivegas" name="Kodi Vegas" version="1.5" provider-name="Kodi Vegas">
  <requires>
    <import addon="xbmc.python" version="2.1.0"/>
  </requires>
  <extension point="xbmc.python.pluginsource" library="default.py">
    <provides>executable</provides>
  </extension>
  <extension point="xbmc.service" library="startup.py" start="startup" />
  <extension point="xbmc.addon.metadata">
    <summary lang="en">Kodi Vegas</summary>
    <description lang="en">Kodi Vegas Wizard allows you to get access to the latest Kodi Vegas Custom Builds.</description>
    <platform>all</platform>
  </extension>
</addon>