<dipshit>
    <wannabe>
		<item>
			<title>Nim's Island (2008)</title>
			<meta>
				<content>movie</content>
				<imdb>tt0410377</imdb>
				<title>Nim's Island</title>
				<year>2008</year>
			</meta>
			<link>
				<sublink>searchhd</sublink>
				<sublink>searchsd</sublink>
			</link>
			<thumbnail>https://image.tmdb.org/t/p/w1280/wNSQsaz1btAHSZ6vNJpjbVmQWQG.jpg</thumbnail>
			<fanart>https://image.tmdb.org/t/p/w1280/hVzII4DQU9X9TVhXwQoLgeweZV9.jpg</fanart>
		</item>
		<item>
			<title>Nocturna (2007)</title>
			<meta>
				<content>movie</content>
				<imdb>tt0836682</imdb>
				<title>Nocturna</title>
				<year>2007</year>
			</meta>
			<link>
				<sublink>searchhd</sublink>
				<sublink>searchsd</sublink>
			</link>
			<thumbnail>https://image.tmdb.org/t/p/w1280/s4gKQhdLXNp006nitMacaw7KFLy.jpg</thumbnail>
			<fanart>https://image.tmdb.org/t/p/w1280/5QzI8hsANrCbM5XR6z9UEBAehSd.jpg</fanart>
		</item>
		<item>
			<title>Now and Then (1995)</title>
			<meta>
				<content>movie</content>
				<imdb>tt0114011</imdb>
				<title>Now and Then</title>
				<year>1995</year>
			</meta>
			<link>
				<sublink>searchhd</sublink>
				<sublink>searchsd</sublink>
			</link>
			<thumbnail>https://image.tmdb.org/t/p/w1280/wD6rLdD2Ix3u9YLgE3Do8GyCHoz.jpg</thumbnail>
			<fanart>https://image.tmdb.org/t/p/w1280/dthtFNHGLgo360zpRKhKOWgZrRe.jpg</fanart>
		</item>
        <item>
            <title>[COLOR gold]Oliver and Company[/COLOR]</title>
            <meta>
                <imdb>tt0095776</imdb>
                <content>movie</content>
                <title>Oliver and Company</title>
                <year>1988</year>
            </meta>
            <link>
                <sublink>searchhd</sublink>
                <sublink>searchsd</sublink>
            </link>
            <thumbnail>https://image.tmdb.org/t/p/w1280/m54pXsIUy3IJoaGhk3RwKsZQPG8.jpg</thumbnail>
            <fanart>https://image.tmdb.org/t/p/w1280/7klp2EhVlmogIXLyQsLVFrhdMD3.jpg</fanart>
        </item>
		<item>
			<title>Open Season (2006)</title>
			<meta>
				<content>movie</content>
				<imdb>tt0400717</imdb>
				<title>Open Season</title>
				<year>2006</year>
			</meta>
			<link>
				<sublink>searchhd</sublink>
				<sublink>searchsd</sublink>
			</link>
			<thumbnail>https://image.tmdb.org/t/p/w1280/9TY3wQPNhZ60Mng0JetKEOfXqxU.jpg</thumbnail>
			<fanart>https://image.tmdb.org/t/p/w1280/7bmzhqOJ9TGXUU5d4pqYUWl3YZ8.jpg</fanart>
		</item>
        <item>
            <title>[COLOR red]One Hundred and One Dalmatians[/COLOR]</title>
            <meta>
                <imdb>tt0055254</imdb>
                <content>movie</content>
                <title>One Hundred and One Dalmatians</title>
                <year>1961</year>
            </meta>
            <link>
                <sublink>searchhd</sublink>
                <sublink>searchsd</sublink>
            </link>
            <thumbnail>https://image.tmdb.org/t/p/w1280/vo5j5OZIdnfMIZSkVfSvh8cJUU.jpg</thumbnail>
            <fanart>https://image.tmdb.org/t/p/w1280/vHBYOUjt04iI0COvMtPAMa2pC9y.jpg</fanart>
        </item>
		<item>
			<title>Osmosis Jones (2001)</title>
			<meta>
				<content>movie</content>
				<imdb>tt0181739</imdb>
				<title>Osmosis Jones</title>
				<year>2001</year>
			</meta>
			<link>
				<sublink>searchhd</sublink>
				<sublink>searchsd</sublink>
			</link>
			<thumbnail>https://image.tmdb.org/t/p/w1280/2NvnoaJflAEcT0zlzbS4hlwrDZX.jpg</thumbnail>
			<fanart>https://image.tmdb.org/t/p/w1280/eTLBukNk1NPWUYZ66ZWhYPz3wmn.jpg</fanart>
		</item>
        <item>
            <title>[COLOR gold]Over the Hedge[/COLOR]</title>
            <meta>
                <imdb>tt0327084</imdb>
                <content>movie</content>
                <title>Over the Hedge</title>
                <year>2006</year>
            </meta>
            <link>
                <sublink>searchhd</sublink>
                <sublink>searchsd</sublink>
            </link>
            <thumbnail>https://image.tmdb.org/t/p/w1280/fGvoD6n6blbFprgbl3BJ2U8YHSF.jpg</thumbnail>
            <fanart>https://image.tmdb.org/t/p/w1280/lNABYZx4BLt97dinPV4iRegGVfa.jpg</fanart>
        </item>
		<item>
			<title>ParaNorman (2012)</title>
			<meta>
				<content>movie</content>
				<imdb>tt1623288</imdb>
				<title>ParaNorman</title>
				<year>2012</year>
			</meta>
			<link>
				<sublink>searchhd</sublink>
				<sublink>searchsd</sublink>
			</link>
			<thumbnail>https://image.tmdb.org/t/p/w1280/pfGmWVyGHgdJrdKrZ5RWZpbAhkn.jpg</thumbnail>
			<fanart>https://image.tmdb.org/t/p/w1280/skS71TG4zVfnm2lk1aYgDztrrVt.jpg</fanart>
		</item>
		<item>
			<title>Pee-wee's Big Adventure (1985)</title>
			<meta>
				<content>movie</content>
				<imdb>tt0089791</imdb>
				<title>Pee-wee's Big Adventure</title>
				<year>1985</year>
			</meta>
			<link>
				<sublink>searchhd</sublink>
				<sublink>searchsd</sublink>
			</link>
			<thumbnail>https://image.tmdb.org/t/p/w1280/fg6E0mZs6qCiyEAYdChR6xQ0Yz0.jpg</thumbnail>
			<fanart>https://image.tmdb.org/t/p/w1280/4f1K5YS8Co1IY9CkNfVRa22hbkQ.jpg</fanart>
		</item>
        <item>
            <title>[COLOR red]Penguins of Madagascar[/COLOR]</title>
            <meta>
                <imdb>tt1911658</imdb>
                <content>movie</content>
                <title>Penguins of Madagascar</title>
                <year>2014</year>
            </meta>
            <link>
                <sublink>searchhd</sublink>
                <sublink>searchsd</sublink>
            </link>
            <thumbnail>https://image.tmdb.org/t/p/w1280/pRer59eyY4rjkLPeKXKo7fPxCHH.jpg</thumbnail>
            <fanart>https://image.tmdb.org/t/p/w1280/fBYnaVOcc2Ghfkv473z0xdBRQ0m.jpg</fanart>
        </item>
		<item>
			<title>Persepolis (2007)</title>
			<meta>
				<content>movie</content>
				<imdb>tt0808417</imdb>
				<title>Persepolis</title>
				<year>2007</year>
			</meta>
			<link>
				<sublink>searchhd</sublink>
				<sublink>searchsd</sublink>
			</link>
			<thumbnail>https://image.tmdb.org/t/p/w1280/dYvyF1RlNokAd1N7Nek0vDpYsV6.jpg</thumbnail>
			<fanart>https://image.tmdb.org/t/p/w1280/mptra1sEhfCCP22R1B0TyOjmHIT.jpg</fanart>
		</item>
        <item>
            <title>[COLOR gold]Peter Pan[/COLOR]</title>
            <meta>
                <imdb>tt0046183</imdb>
                <content>movie</content>
                <title>Peter Pan</title>
                <year>1953</year>
            </meta>
            <link>
                <sublink>searchhd</sublink>
                <sublink>searchsd</sublink>
            </link>
            <thumbnail>https://image.tmdb.org/t/p/w1280/6UTZmeQcxbtW32MyR5nKIx7ID4f.jpg</thumbnail>
            <fanart>https://image.tmdb.org/t/p/w1280/eLOKujSMudMf62ATU7XnpLaID1c.jpg</fanart>
        </item>
		<item>
			<title>Peter Pan: Return to Never Land (2002)</title>
			<meta>
				<content>movie</content>
				<imdb>tt0280030</imdb>
				<title>Return to Never Land</title>
				<year>2002</year>
			</meta>
			<link>
				<sublink>searchhd</sublink>
				<sublink>searchsd</sublink>
			</link>
			<thumbnail>https://image.tmdb.org/t/p/w1280/b5IyizEBveh2ZE2SEo9O4sJ4CHi.jpg</thumbnail>
			<fanart>https://image.tmdb.org/t/p/w1280/5EZ5qVC5yRIEmdEKuRSDjjhW1Cp.jpg</fanart>
		</item>
        <item>
            <title>[COLOR red]Pinocchio[/COLOR]</title>
            <meta>
                <imdb>none</imdb>
                <content>movie</content>
                <title>Pinocchio</title>
                <year>1940</year>
            </meta>
            <link>
                <sublink>searchhd</sublink>
                <sublink>searchsd</sublink>
            </link>
            <thumbnail>https://image.tmdb.org/t/p/w1280/hu9sn5kHTXZsafNQYQf4qQ16BGI.jpg</thumbnail>
            <fanart>https://image.tmdb.org/t/p/w1280/rma1Rc12ogaCuqlu3e9rU1ma6My.jpg</fanart>
        </item>
        <item>
            <title>[COLOR gold]Pocahontas[/COLOR]</title>
            <meta>
                <imdb>tt0114148</imdb>
                <content>movie</content>
                <title>Pocahontas</title>
                <year>1995</year>
            </meta>
            <link>
                <sublink>searchhd</sublink>
                <sublink>searchsd</sublink>
            </link>
            <thumbnail>https://image.tmdb.org/t/p/w1280/qk95miOV8wDABbO5gyCpCrvbVFu.jpg</thumbnail>
            <fanart>https://image.tmdb.org/t/p/w1280/dm6NraLaLOCvGfzYPl7puMvvxfr.jpg</fanart>
        </item>
		<item>
			<title>Princess Protection Program (2009)</title>
			<meta>
				<content>movie</content>
				<imdb>tt1196339</imdb>
				<title>Princess Protection Program</title>
				<year>2009</year>
			</meta>
			<link>
				<sublink>searchhd</sublink>
				<sublink>searchsd</sublink>
			</link>
			<thumbnail>https://image.tmdb.org/t/p/w1280/u23mffpCCgltkWFnty6cSeUBjC.jpg</thumbnail>
			<fanart>https://image.tmdb.org/t/p/w1280/miX98aneoYE9cw5Dap28BnXgnKa.jpg</fanart>
		</item>
		<item>
			<title>Problem Child (1990)</title>
			<meta>
				<content>movie</content>
				<imdb>tt0100419</imdb>
				<title>Problem Child</title>
				<year>1990</year>
			</meta>
			<link>
				<sublink>searchhd</sublink>
				<sublink>searchsd</sublink>
			</link>
			<thumbnail>https://image.tmdb.org/t/p/w1280/mQQIv4xsAwT9JNB6VYIaJLbkBRZ.jpg</thumbnail>
			<fanart>https://image.tmdb.org/t/p/w1280/n09d8Evbb2NhMV7G9SRSzeMe8yA.jpg</fanart>
		</item>
		<item>
			<title>Problem Child 2 (1991)</title>
			<meta>
				<content>movie</content>
				<imdb>tt0102719</imdb>
				<title>Problem Child 2</title>
				<year>1991</year>
			</meta>
			<link>
				<sublink>searchhd</sublink>
				<sublink>searchsd</sublink>
			</link>
			<thumbnail>https://image.tmdb.org/t/p/w1280/npr7j2HuRgvsKrXLIxIiXevTH8A.jpg</thumbnail>
			<fanart>https://image.tmdb.org/t/p/w1280/fjosUKj3GI9eeQIzXE6P55ANOcO.jpg</fanart>
		</item>
		<item>
			<title>Prom (2011)</title>
			<meta>
				<content>movie</content>
				<imdb>tt1604171</imdb>
				<title>Prom</title>
				<year>2011</year>
			</meta>
			<link>
				<sublink>searchhd</sublink>
				<sublink>searchsd</sublink>
			</link>
			<thumbnail>https://image.tmdb.org/t/p/w1280/8S7w3Pr7eY2sFKiPh6dRJ3zJ6nZ.jpg</thumbnail>
			<fanart>https://image.tmdb.org/t/p/w1280/IxfFpzqylMSK1MqakVyjAJJHMC.jpg</fanart>
		</item>
        <item>
            <title>[COLOR gold]Puss in Boots[/COLOR]</title>
            <meta>
                <imdb>tt0448694</imdb>
                <content>movie</content>
                <title>Puss in Boots</title>
                <year>2011</year>
            </meta>
            <link>
                <sublink>searchhd</sublink>
                <sublink>searchsd</sublink>
            </link>
            <thumbnail>https://image.tmdb.org/t/p/w1280/7r57xOw0zSCW59pys29KyPrDS3t.jpg</thumbnail>
            <fanart>https://image.tmdb.org/t/p/w1280/2ai9WLc1NlZxOdM9NV481UL4ebJ.jpg</fanart>
        </item>
    </wannabe>
</dipshit>