<theknob>
    <dir>
        <title>HD Videos</title>
        <cobp>tag/hd-porn/newest</cobp>
        <thumbnail>special://home/addons/plugin.video.arrakis/resources/media/adult/cobp.png</thumbnail>
    </dir>

    <dir>
        <title>Most Popular</title>
        <cobp>most-viewed</cobp>
        <thumbnail>special://home/addons/plugin.video.arrakis/resources/media/adult/cobp.png</thumbnail>
    </dir>

    <dir>
        <title>Most Recent</title>
        <cobp>most-recent</cobp>
        <thumbnail>special://home/addons/plugin.video.arrakis/resources/media/adult/cobp.png</thumbnail>
    </dir>

    <dir>
        <title>Categories</title>
        <link>file://adult/cobp/cats.xml</link>
        <thumbnail>special://home/addons/plugin.video.arrakis/resources/media/adult/cobp.png</thumbnail>
    </dir>

    <dir>
        <title>Popular Tags</title>
        <link>file://adult/cobp/tags.xml</link>
        <thumbnail>special://home/addons/plugin.video.arrakis/resources/media/adult/cobp.png</thumbnail>
    </dir>
</theknob>
