<dipshit>
	<wannabe>
		<item>
			<title>Hotel Transylvania 3: Summer Vacation</title>
			<meta>
				<imdb>tt5220122</imdb>
				<content>movie</content>
				<title>Hotel Transylvania 3: Summer Vacation</title>
				<year>2018</year>
			</meta>
			<link>
				<sublink>https://uptobox.com/nthwcao8rn81</sublink>
				<sublink>searchhd</sublink>
			</link>
			<thumbnail>https://image.tmdb.org/t/p/w1280//gjAFM4xhA5vyLxxKMz38ujlUfDL.jpg</thumbnail>
			<fanart>https://image.tmdb.org/t/p/w1280//m03jul0YdVEOFXEQVUv6pOVQYGL.jpg</fanart>
		</item>
		<dir>
			<title>[COLOR gold]Movie User Requests[/COLOR]</title>
			<link>file://requests.xml</link>
			<thumbnail>special://home/addons/plugin.video.chocolatesaltyballs/icon.png</thumbnail>
		</dir>
		<dir>
			<title>[COLOR red]A-C[/COLOR]</title>
			<link>file://cartoons/a-c.xml</link>
		</dir>
		<dir>
			<title>[COLOR gold]D-F[/COLOR]</title>
			<link>file://cartoons/d-f.xml</link>
		</dir>
		<dir>
			<title>[COLOR red]G-J[/COLOR]</title>
			<link>file://cartoons/g-j.xml</link>
		</dir>
		<dir>
			<title>[COLOR gold]K-M[/COLOR]</title>
			<link>file://cartoons/k-m.xml</link>
		</dir>
		<dir>
			<title>[COLOR red]N-P[/COLOR]</title>
			<link>file://cartoons/n-p.xml</link>
		</dir>
		<dir>
			<title>[COLOR gold]Q-S[/COLOR]</title>
			<link>file://cartoons/q-s.xml</link>
		</dir>
		<dir>
			<title>[COLOR red]T-V[/COLOR]</title>
			<link>file://cartoons/t-v.xml</link>
		</dir>
		<dir>
			<title>[COLOR gold]W-Z[/COLOR]</title>
			<link>file://cartoons/w-z.xml</link>
		</dir>
	</wannabe>
</dipshit>