﻿<?xml version="1.0" encoding="UTF-8"?>
<addon id="skin.estuary_killzone" version="1.5.5" name="Estuary KillZone MOD" provider-name="phil65, SchisM, MR Blamo">
	<requires>
		<import addon="xbmc.gui" version="5.12.0"/>
		<import addon="script.grab.fanart" />
		<import addon="script.skinshortcuts" />
	</requires>
	<extension point="xbmc.gui.skin" debugging="false">
		<res width="1920" height="1440" aspect="4:3" default="false" folder="xml" />
		<res width="1920" height="1280" aspect="3:2" default="false" folder="xml" />
		<res width="1920" height="1200" aspect="16:10" default="false" folder="xml" />
		<res width="1920" height="1080" aspect="16:9" default="true" folder="xml" />
		<res width="2560" height="1080" aspect="21:9" default="false" folder="xml" />
	</extension>
	<extension point="xbmc.addon.metadata">
		<summary lang="en_GB">Estuary skin by phil65 and Piers. (Kodi's default skin)</summary>
		<summary lang="en_NZ">Estuary skin by phil65 and Piers. (Kodi's default skin)</summary>
		<summary lang="en_US">Estuary skin by phil65 and Piers. (Kodi's default skin)</summary>
		<summary lang="es_ES">Skin Estuary, creado por phil65 and Piers (skin por defecto de Kodi).</summary>
		<summary lang="ru_RU">Обложка Estuary (стандартная обложка Kodi). Авторы: phil65 and Piers.</summary>
		<description lang="en_GB">Estuary is the default skin for Kodi 17.0 and above. It attempts to be easy for first time Kodi users to understand and use.</description>
		<description lang="en_NZ">Estuary is the default skin for Kodi 17.0 and above. It attempts to be easy for first time Kodi users to understand and use.</description>
		<description lang="en_US">Estuary is the default skin for Kodi 17.0 and above. It attempts to be easy for first time Kodi users to understand and use.</description>
		<description lang="es_ES">Estuary es el skin por defecto para Kodi 17.0 o superior. Su objetivo es la facilidad de comprensión y uso para usuarios primerizos de Kodi.</description>
		<description lang="ru_RU">Estuary — это стандартная обложка Kodi, начиная с версии 17.0.&#10;Простая и понятная в использовании для новых пользователей Kodi.</description>
		<disclaimer lang="en_GB">Estuary is the default skin for Kodi, removing it may cause issues</disclaimer>
		<disclaimer lang="en_NZ">Estuary is the default skin for Kodi, removing it may cause issues</disclaimer>
		<disclaimer lang="en_US">Estuary is the default skin for Kodi, removing it may cause issues</disclaimer>
		<disclaimer lang="es_ES">Estuary es el skin por defecto de Kodi. Desinstalarlo puede causar problemas.</disclaimer>
		<disclaimer lang="ru_RU">Estuary — это стандартная обложка Kodi, и ее удаление может привести к возникновению проблем</disclaimer>
		<platform>all</platform>
		<license>CC BY-SA 4.0, GNU GENERAL PUBLIC LICENSE Version 2.0</license>
		<forum>http://forum.kodi.tv/</forum>
		<source>https://github.com/xbmc/skin.estuary/</source>
			<assets>
				<icon>resources/icon.png</icon>
				<fanart>resources/fanart.jpg</fanart>
			</assets>
	</extension>
</addon>
