<?xml version="1.0" encoding="UTF-8" standalone="yes"?>
<addon id="plugin.program.tvguidewizard" name="tvguidewizard" version="2.0.a" provider-name="Mr. On Demand">
  <requires>
    <import addon="xbmc.python" version="2.1.0"/>
  </requires>
  <extension point="xbmc.python.pluginsource" library="default.py">
    <provides>executable</provides>
  </extension>
  <extension point="xbmc.service" library="startup.py" start="startup" />
  <extension point="xbmc.addon.metadata">
    <summary lang="en">tvguidewizard</summary>
    <description lang="en">Mr. On Demand's Wizards allows you to get access to the latest Custom Builds from Mr. On Demand</description>
    <platform>all</platform>
  </extension>
</addon>