<dipshit>
	<wannabe>
		<item>
			<title>[COLOR gold]All the Older Movies are Real Debrid and or All Debrid some are up for Limited Time[/COLOR]</title>
			<meta>
				<summary>20 Cents is 20 Cents</summary>
			</meta>
			<thumbnail>special://home/addons/plugin.video.chocolatesaltyballs/icon.png</thumbnail>
		</item>
		<item>
			<title>Germany Year Zero</title>
			<meta>
				<imdb>tt0039417</imdb>
				<content>movie</content>
				<title>Germany Year Zero</title>
				<year>1948</year>
			</meta>
			<link>
				<sublink>https://1fichier.com/?za7c1pxynh</sublink>
			</link>
			<thumbnail>https://image.tmdb.org/t/p/w1280//9AVeFqXDUNhR1HDkjiIYcKmunr3.jpg</thumbnail>
			<fanart>https://image.tmdb.org/t/p/w1280//ps8f8fSKaGE414BpYZ3S8DQkBMx.jpg</fanart>
		</item>
		<item>
			<title>Heaven's Gate</title>
			<meta>
				<imdb>tt0080855</imdb>
				<content>movie</content>
				<title>Heaven's Gate</title>
				<year>1980</year>
			</meta>
			<link>
				<sublink>https://uptobox.com/8nx4w363rpkc</sublink>
			</link>
			<thumbnail>https://image.tmdb.org/t/p/w1280//zVHbO8iorxHhlMnnGmWvGV6DGYb.jpg</thumbnail>
			<fanart>https://image.tmdb.org/t/p/w1280//96jhaBYtl6gFU6EfQAVl7Yo8GXi.jpg</fanart>
		</item>
		<item>
			<title>Kiss Me Deadly</title>
			<meta>
				<imdb>tt0048261</imdb>
				<content>movie</content>
				<title>Kiss Me Deadly</title>
				<year>1955</year>
			</meta>
			<link>
				<sublink>https://uptobox.com/sp3kei2me4z2/Kiss.Me.Deadly.1955.Criterion.1080p.BluRay.x265.HEVC.FLAC-SARTRE.mkv</sublink>
			</link>
			<thumbnail>https://image.tmdb.org/t/p/w1280//aAp7VxeQ5KD2YTPQpQXVwCy1Wqf.jpg</thumbnail>
			<fanart>https://image.tmdb.org/t/p/w1280//9ZnjObKokRCdSc1YmWrQQk7nCNg.jpg</fanart>
		</item>
		<item>
			<title>Midnight Cowboy</title>
			<meta>
				<imdb>tt0064665</imdb>
				<content>movie</content>
				<title>Midnight Cowboy</title>
				<year>1969</year>
			</meta>
			<link>
				<sublink>https://uptobox.com/30hlrxl9ny14/Midnight.Cowboy.1969.Criterion.1080p.BluRay.x265.HEVC.EAC3-SARTRE.mkv</sublink>
			</link>
			<thumbnail>https://image.tmdb.org/t/p/w1280//jEeyGsyoiRPwwxDkR1WWNT8eoyN.jpg</thumbnail>
			<fanart>https://image.tmdb.org/t/p/w1280//9Ln5wxy1yuvgIEw2hDqMld44BGH.jpg</fanart>
		</item>
		<item>
			<title>Out of the Past</title>
			<meta>
				<imdb>tt0039689</imdb>
				<content>movie</content>
				<title>Out of the Past</title>
				<year>1947</year>
			</meta>
			<link>
				<sublink>https://uptobox.com/8mbv6r5rc0xm/Out.of.the.Past.1947.1080p.BluRay.x265.HEVC.AAC-SARTRE.mkv</sublink>
			</link>
			<thumbnail>https://image.tmdb.org/t/p/w1280//6M1Qeuq0K5THG95S9nzvEIRHsyt.jpg</thumbnail>
			<fanart>https://image.tmdb.org/t/p/w1280//aO6MUtT9D1G0LkYHOrxG8itPjiU.jpg</fanart>
		</item>
		<item>
			<title>The Asphalt Jungle</title>
			<meta>
				<imdb>tt0042208</imdb>
				<content>movie</content>
				<title>The Asphalt Jungle</title>
				<year>1950</year>
			</meta>
			<link>
				<sublink>https://uptobox.com/mqq7sctv5ptr/The.Asphalt.Jungle.1950.Criterion.1080p.BluRay.HEVC.AAC-SARTRE.mkv</sublink>
			</link>
			<thumbnail>https://image.tmdb.org/t/p/w1280//kIkPJnMVvFPt08siIJB5G8h8WDO.jpg</thumbnail>
			<fanart>https://image.tmdb.org/t/p/w1280//tJMttP21HHBkcp1QR5UCmBddgVP.jpg</fanart>
		</item>
		<item>
			<title>The Big Sleep</title>
			<meta>
				<imdb>tt0038355</imdb>
				<content>movie</content>
				<title>The Big Sleep</title>
				<year>1946</year>
			</meta>
			<link>
				<sublink>https://uptobox.com/km0szxawtm5w/The.Big.Sleep.1946.1080p.BluRay.HEVC.AAC-SARTRE.mkv</sublink>
			</link>
			<thumbnail>https://image.tmdb.org/t/p/w1280//5EBI8HfYPXIBX50O3Ppwt49MCtv.jpg</thumbnail>
			<fanart>https://image.tmdb.org/t/p/w1280//p8pPAcLCl6blrEM02BZcs3VN4O5.jpg</fanart>
		</item>
		<item>
			<title>The Cariboo Trail</title>
			<meta>
				<imdb>tt0042315</imdb>
				<content>movie</content>
				<title>The Cariboo Trail</title>
				<year>1950</year>
			</meta>
			<link>
				<sublink>https://uptobox.com/marxgjeorwvk/The.Caribou.Trail.1950.1080p.BluRay.HEVC.AAC-SARTRE.mkv</sublink>
			</link>
			<thumbnail>https://image.tmdb.org/t/p/w1280//lzm6SFH0GRkqIAZR9DIKmKzyvyI.jpg</thumbnail>
			<fanart>https://image.tmdb.org/t/p/w1280//gqlib1ffzKqfDb9lOqdaUr2oQgM.jpg</fanart>
		</item>
		<item>
			<title>The Day of the Locust</title>
			<meta>
				<imdb>tt0072848</imdb>
				<content>movie</content>
				<title>The Day of the Locust</title>
				<year>1975</year>
			</meta>
			<link>
				<sublink>https://uptobox.com/c5qa7dgtink5</sublink>
				<sublink>https://1fichier.com/?30q4b4pl0a</sublink>
			</link>
			<thumbnail>https://image.tmdb.org/t/p/w1280//wyYBy8Wwj0myEsGi1x0zPKuXzep.jpg</thumbnail>
			<fanart>https://image.tmdb.org/t/p/w1280//oLmGiiF6LWTmT7Ghlbw7KsTilvv.jpg</fanart>
		</item>
		<item>
			<title>The Good, the Bad and the Ugly</title>
			<meta>
				<imdb>tt0060196</imdb>
				<content>movie</content>
				<title>The Good, the Bad and the Ugly</title>
				<year>1966</year>
			</meta>
			<link>
				<sublink>https://uptobox.com/dbukp30cf5e8/The.Good.The.Bad.And.The.Ugly.1966.Theatrical.1080p.BluRay.HEVC.EAC3-SARTRE.mkv</sublink>
			</link>
			<thumbnail>https://image.tmdb.org/t/p/w1280//t2Il8inu5Wm9IBTELaZMgZqEoEW.jpg</thumbnail>
			<fanart>https://image.tmdb.org/t/p/w1280//xGC2fY5KFmtuXnsuQwYQKFOLZFy.jpg</fanart>
		</item>
		<item>
			<title>The King of Marvin Gardens</title>
			<meta>
				<imdb>tt0068805</imdb>
				<content>movie</content>
				<title>The King of Marvin Gardens</title>
				<year>1972</year>
			</meta>
			<link>
				<sublink>https://uptobox.com/op3qz1qqlikn/The.King.of.Marvin.Gardens.1972.Criterion.1080p.BluRay.x265.HEVC.FLAC-SARTRE.mkv</sublink>
			</link>
			<thumbnail>https://image.tmdb.org/t/p/w1280//5JpKFEp9niY90Qgz7xhcIGAOifK.jpg</thumbnail>
			<fanart>https://image.tmdb.org/t/p/w1280//1HidRheu20rWTqWcPXkW5atpq8w.jpg</fanart>
		</item>
		<item>
			<title>The Naked City</title>
			<meta>
				<imdb>tt0040636</imdb>
				<content>movie</content>
				<title>The Naked City</title>
				<year>1948</year>
			</meta>
			<link>
				<sublink>https://uptobox.com/p47v7d9fdwva/The.Naked.City.1948.1080p.BluRay.x265.HEVC.AAC-SARTRE.mkv</sublink>
			</link>
			<thumbnail>https://image.tmdb.org/t/p/w1280//xrYVrC5743jrZyxdBEmY1IhXWl0.jpg</thumbnail>
			<fanart>https://image.tmdb.org/t/p/w1280//7rhHwSLVz4vYAweupO1Wgwxjasl.jpg</fanart>
		</item>
		<item>
			<title>The Third Man</title>
			<meta>
				<imdb>tt0041959</imdb>
				<content>movie</content>
				<title>The Third Man</title>
				<year>1949</year>
			</meta>
			<link>
				<sublink>https://uptobox.com/lfzjl09wfnk3/The.Third.Man.1949.Remastered.1080p.BluRay.x265.HEVC.FLAC-SARTRE.mkv</sublink>
			</link>
			<thumbnail>https://image.tmdb.org/t/p/w1280//rO2Fq0AZZx9obs52KJdx4mRE8p5.jpg</thumbnail>
			<fanart>https://image.tmdb.org/t/p/w1280//lrIuSWdC1LfKJZUnBX6axJxzZGe.jpg</fanart>
		</item>
		<item>
			<title>All Things Fair</title>
			<meta>
				<imdb>tt0113720</imdb>
				<content>movie</content>
				<title>All Things Fair</title>
				<year>1995</year>
			</meta>
			<link>
				<sublink>searchhd</sublink>
				<sublink>searchsd</sublink>
			</link>
			<thumbnail>https://image.tmdb.org/t/p/w1280//uJD0PvYGAa1IoZBsX4E6GQ4K2In.jpg</thumbnail>
			<fanart>https://image.tmdb.org/t/p/w1280//l1ulbjfMODxJyW4L2EfO7BzqydO.jpg</fanart>
		</item>
		<item>
			<title>Apollo 13</title>
			<meta>
				<imdb>tt0112384</imdb>
				<content>movie</content>
				<title>Apollo 13</title>
				<year>1995</year>
			</meta>
			<link>
				<sublink>searchhd</sublink>
				<sublink>searchsd</sublink>
			</link>
			<thumbnail>https://image.tmdb.org/t/p/w1280//6JQ9z3V9x4vlU2GSZx2yNO0PvuX.jpg</thumbnail>
			<fanart>https://image.tmdb.org/t/p/w1280//dvpU3CJxKCfr1XBOzeMcztgDyO3.jpg</fanart>
		</item>
		<item>
			<title>Assassins</title>
			<meta>
				<imdb>tt0112401</imdb>
				<content>movie</content>
				<title>Assassins</title>
				<year>1995</year>
			</meta>
			<link>
				<sublink>searchhd</sublink>
				<sublink>searchsd</sublink>
			</link>
			<thumbnail>https://image.tmdb.org/t/p/w1280//xAx5MP7Dg4y85pyS7atX6eWk4Qd.jpg</thumbnail>
			<fanart>https://image.tmdb.org/t/p/w1280//5OGlGPKphapyntNprVaoxF04Ccm.jpg</fanart>
		</item>
		<item>
			<title>Barsaat</title>
			<meta>
				<imdb>tt0112459</imdb>
				<content>movie</content>
				<title>Barsaat</title>
				<year>1995</year>
			</meta>
			<link>
				<sublink>searchhd</sublink>
				<sublink>searchsd</sublink>
			</link>
			<thumbnail>https://image.tmdb.org/t/p/w1280//4LptbrkgqQ0exBxhbzHKCkleY9u.jpg</thumbnail>
			<fanart>https://image.tmdb.org/t/p/w1280//8X8hWeNXV22Xrc3r4Y1MGMJGU7L.jpg</fanart>
		</item>
		<item>
			<title>Before Sunrise</title>
			<meta>
				<imdb>tt0112471</imdb>
				<content>movie</content>
				<title>Before Sunrise</title>
				<year>1995</year>
			</meta>
			<link>
				<sublink>searchhd</sublink>
				<sublink>searchsd</sublink>
			</link>
			<thumbnail>https://image.tmdb.org/t/p/w1280//jsQy4ZbPHA8hE2O6QU05PpofI61.jpg</thumbnail>
			<fanart>https://image.tmdb.org/t/p/w1280//9gWKk62shxDgaS3suAteyAto8HO.jpg</fanart>
		</item>
		<item>
			<title>Billy Madison</title>
			<meta>
				<imdb>tt0112508</imdb>
				<content>movie</content>
				<title>Billy Madison</title>
				<year>1995</year>
			</meta>
			<link>
				<sublink>searchhd</sublink>
				<sublink>searchsd</sublink>
			</link>
			<thumbnail>https://image.tmdb.org/t/p/w1280//5mP8F0NYSVrwrlWRCSD4uywMNnX.jpg</thumbnail>
			<fanart>https://image.tmdb.org/t/p/w1280//hure3RNjFDqiuuLF96K36t3Qfzf.jpg</fanart>
		</item>
		<item>
			<title>Casino</title>
			<meta>
				<imdb>tt0112641</imdb>
				<content>movie</content>
				<title>Casino</title>
				<year>1995</year>
			</meta>
			<link>
				<sublink>searchhd</sublink>
				<sublink>searchsd</sublink>
			</link>
			<thumbnail>https://image.tmdb.org/t/p/w1280//jC0dqpkRMwh3A1X2PHahTxOaLbp.jpg</thumbnail>
			<fanart>https://image.tmdb.org/t/p/w1280//eP41pD4YfyVOjdpEaTmoNrL9DGx.jpg</fanart>
		</item>
		<item>
			<title>Crimson Tide</title>
			<meta>
				<imdb>tt0112740</imdb>
				<content>movie</content>
				<title>Crimson Tide</title>
				<year>1995</year>
			</meta>
			<link>
				<sublink>searchhd</sublink>
				<sublink>searchsd</sublink>
			</link>
			<thumbnail>https://image.tmdb.org/t/p/w1280//oDJyDX11HW4j565vUjmFagKxDTQ.jpg</thumbnail>
			<fanart>https://image.tmdb.org/t/p/w1280//27RVxku4mEr4fHW5oUu5KtSLO9D.jpg</fanart>
		</item>
		<item>
			<title>Dead Presidents</title>
			<meta>
				<imdb>tt0112819</imdb>
				<content>movie</content>
				<title>Dead Presidents</title>
				<year>1995</year>
			</meta>
			<link>
				<sublink>searchhd</sublink>
				<sublink>searchsd</sublink>
			</link>
			<thumbnail>https://image.tmdb.org/t/p/w1280//2dLyvXVvJXUR9otoqERkYpao1bB.jpg</thumbnail>
			<fanart>https://image.tmdb.org/t/p/w1280//9BKQyHkIHW4K7JvmtZB3Ty3aPv2.jpg</fanart>
		</item>
		<item>
			<title>Desperado</title>
			<meta>
				<imdb>tt0112851</imdb>
				<content>movie</content>
				<title>Desperado</title>
				<year>1995</year>
			</meta>
			<link>
				<sublink>searchhd</sublink>
				<sublink>searchsd</sublink>
			</link>
			<thumbnail>https://image.tmdb.org/t/p/w1280//7eVo5DbP7gcsDzHcpRCTA6JAuF2.jpg</thumbnail>
			<fanart>https://image.tmdb.org/t/p/w1280//wA3qqVezyktBj92nTVXU7tYd1iG.jpg</fanart>
		</item>
		<item>
			<title>Die Hard: With a Vengeance</title>
			<meta>
				<imdb>tt0112864</imdb>
				<content>movie</content>
				<title>Die Hard: With a Vengeance</title>
				<year>1995</year>
			</meta>
			<link>
				<sublink>searchhd</sublink>
				<sublink>searchsd</sublink>
			</link>
			<thumbnail>https://image.tmdb.org/t/p/w1280//ivpXGcsPZglyYrN65THWSD7JM3q.jpg</thumbnail>
			<fanart>https://image.tmdb.org/t/p/w1280//aJCEQFFXNcfg5YneJzTG15qzxF7.jpg</fanart>
		</item>
		<item>
			<title>Dilwale Dulhania Le Jayenge</title>
			<meta>
				<imdb>tt0112870</imdb>
				<content>movie</content>
				<title>Dilwale Dulhania Le Jayenge</title>
				<year>1995</year>
			</meta>
			<link>
				<sublink>searchhd</sublink>
				<sublink>searchsd</sublink>
			</link>
			<thumbnail>https://image.tmdb.org/t/p/w1280//uC6TTUhPpQCmgldGyYveKRAu8JN.jpg</thumbnail>
			<fanart>https://image.tmdb.org/t/p/w1280//nl79FQ8xWZkhL3rDr1v2RFFR6J0.jpg</fanart>
		</item>
		<item>
			<title>Four Rooms</title>
			<meta>
				<imdb>tt0113101</imdb>
				<content>movie</content>
				<title>Four Rooms</title>
				<year>1995</year>
			</meta>
			<link>
				<sublink>searchhd</sublink>
				<sublink>searchsd</sublink>
			</link>
			<thumbnail>https://image.tmdb.org/t/p/w1280//eQs5hh9rxrk1m4xHsIz1w11Ngqb.jpg</thumbnail>
			<fanart>https://image.tmdb.org/t/p/w1280//3EqYpbGCE9S5GddU2K4cYzP5UmI.jpg</fanart>
		</item>
		<item>
			<title>Get Shorty</title>
			<meta>
				<imdb>tt0113161</imdb>
				<content>movie</content>
				<title>Get Shorty</title>
				<year>1995</year>
			</meta>
			<link>
				<sublink>searchhd</sublink>
				<sublink>searchsd</sublink>
			</link>
			<thumbnail>https://image.tmdb.org/t/p/w1280//vWtDUUgQAsVyvRW4mE75LBgVm2e.jpg</thumbnail>
			<fanart>https://image.tmdb.org/t/p/w1280//g1BfxcnplYEveGqS1ttfhdRBgbR.jpg</fanart>
		</item>
		<item>
			<title>Heat</title>
			<meta>
				<imdb>tt0113277</imdb>
				<content>movie</content>
				<title>Heat</title>
				<year>1995</year>
			</meta>
			<link>
				<sublink>searchhd</sublink>
				<sublink>searchsd</sublink>
			</link>
			<thumbnail>https://image.tmdb.org/t/p/w1280//zMyfPUelumio3tiDKPffaUpsQTD.jpg</thumbnail>
			<fanart>https://image.tmdb.org/t/p/w1280//jMzVSwQp1lLVq9fnQQ4yOjr1YZ2.jpg</fanart>
		</item>
		<item>
			<title>Leaving Las Vegas</title>
			<meta>
				<imdb>tt0113627</imdb>
				<content>movie</content>
				<title>Leaving Las Vegas</title>
				<year>1995</year>
			</meta>
			<link>
				<sublink>searchhd</sublink>
				<sublink>searchsd</sublink>
			</link>
			<thumbnail>https://image.tmdb.org/t/p/w1280//37qHRJxnSh5YkuaN9FgfNnMl3Tj.jpg</thumbnail>
			<fanart>https://image.tmdb.org/t/p/w1280//2gJDuPxrZBns5ab47HQbyU2l6Im.jpg</fanart>
		</item>
		<item>
			<title>Mallrats</title>
			<meta>
				<imdb>tt0113749</imdb>
				<content>movie</content>
				<title>Mallrats</title>
				<year>1995</year>
			</meta>
			<link>
				<sublink>searchhd</sublink>
				<sublink>searchsd</sublink>
			</link>
			<thumbnail>https://image.tmdb.org/t/p/w1280//4saVIltqkhq9is5NmD7N87Q40M.jpg</thumbnail>
			<fanart>https://image.tmdb.org/t/p/w1280//pYOg7Ds6auGHUGQIEr5uoYl36Ph.jpg</fanart>
		</item>
		<item>
			<title>Money Train</title>
			<meta>
				<imdb>tt0113845</imdb>
				<content>movie</content>
				<title>Money Train</title>
				<year>1995</year>
			</meta>
			<link>
				<sublink>searchhd</sublink>
				<sublink>searchsd</sublink>
			</link>
			<thumbnail>https://image.tmdb.org/t/p/w1280//jSozzzVOR2kfXgTUuGnbgG2yRFi.jpg</thumbnail>
			<fanart>https://image.tmdb.org/t/p/w1280//dBavxNhbNZ8uJU9avHrqCCEKuii.jpg</fanart>
		</item>
		<item>
			<title>Mortal Kombat</title>
			<meta>
				<imdb>tt0113855</imdb>
				<content>movie</content>
				<title>Mortal Kombat</title>
				<year>1995</year>
			</meta>
			<link>
				<sublink>searchhd</sublink>
				<sublink>searchsd</sublink>
			</link>
			<thumbnail>https://image.tmdb.org/t/p/w1280//bdXWixjWVA7Y03PvW74xufrROiJ.jpg</thumbnail>
			<fanart>https://image.tmdb.org/t/p/w1280//mOIvM0pQA7J9I0Caai0zTPxnE3f.jpg</fanart>
		</item>
		<item>
			<title>Se7en</title>
			<meta>
				<imdb>tt0114369</imdb>
				<content>movie</content>
				<title>Se7en</title>
				<year>1995</year>
			</meta>
			<link>
				<sublink>searchhd</sublink>
				<sublink>searchsd</sublink>
			</link>
			<thumbnail>https://image.tmdb.org/t/p/w1280//zgB9CCTDlXRv50Z70ZI4elJtNEk.jpg</thumbnail>
			<fanart>https://image.tmdb.org/t/p/w1280//A0WKbRIojF9DUWG4XLCmg5JK6I5.jpg</fanart>
		</item>
		<item>
			<title>Species</title>
			<meta>
				<imdb>tt0114508</imdb>
				<content>movie</content>
				<title>Species</title>
				<year>1995</year>
			</meta>
			<link>
				<sublink>searchhd</sublink>
				<sublink>searchsd</sublink>
			</link>
			<thumbnail>https://image.tmdb.org/t/p/w1280//94P6kzKH8aPmQmPr9yZjgy7BtQQ.jpg</thumbnail>
			<fanart>https://image.tmdb.org/t/p/w1280//3dWSyYEdcmvNjzwIPy4sPHjdJpw.jpg</fanart>
		</item>
		<item>
			<title>The Bridges of Madison County</title>
			<meta>
				<imdb>tt0112579</imdb>
				<content>movie</content>
				<title>The Bridges of Madison County</title>
				<year>1995</year>
			</meta>
			<link>
				<sublink>searchhd</sublink>
				<sublink>searchsd</sublink>
			</link>
			<thumbnail>https://image.tmdb.org/t/p/w1280//8TfLAfIh5Qxp2J4ZjOafHYhWtDb.jpg</thumbnail>
			<fanart>https://image.tmdb.org/t/p/w1280//jansnSUSVM8ujoFCUfFrygyNSba.jpg</fanart>
		</item>
		<item>
			<title>The Quick and the Dead</title>
			<meta>
				<imdb>tt0114214</imdb>
				<content>movie</content>
				<title>The Quick and the Dead</title>
				<year>1995</year>
			</meta>
			<link>
				<sublink>searchhd</sublink>
				<sublink>searchsd</sublink>
			</link>
			<thumbnail>https://image.tmdb.org/t/p/w1280//50ZzhAMO6nunlCp7FrGj7VoLxJV.jpg</thumbnail>
			<fanart>https://image.tmdb.org/t/p/w1280//e4GosmnUbvEGVINl3BC5vc7fIhU.jpg</fanart>
		</item>
		<item>
			<title>The Usual Suspects</title>
			<meta>
				<imdb>tt0114814</imdb>
				<content>movie</content>
				<title>The Usual Suspects</title>
				<year>1995</year>
			</meta>
			<link>
				<sublink>searchhd</sublink>
				<sublink>searchsd</sublink>
			</link>
			<thumbnail>https://image.tmdb.org/t/p/w1280//jgJoRWltoS17nD5MAQ1yK2Ztefw.jpg</thumbnail>
			<fanart>https://image.tmdb.org/t/p/w1280//c7e3nH3wtSBDrHRB63onrGptl6D.jpg</fanart>
		</item>
		<item>
			<title>Whisper of the Heart</title>
			<meta>
				<imdb>tt0113824</imdb>
				<content>movie</content>
				<title>Whisper of the Heart</title>
				<year>1995</year>
			</meta>
			<link>
				<sublink>searchhd</sublink>
				<sublink>searchsd</sublink>
			</link>
			<thumbnail>https://image.tmdb.org/t/p/w1280//2jOSJYsIdUs4zXugIk4hF4jUeGO.jpg</thumbnail>
			<fanart>https://image.tmdb.org/t/p/w1280//vpgvV8pVPNGWUUdE2xFUFf4VeMJ.jpg</fanart>
		</item>
		<item>
			<title>Friday</title>
			<meta>
				<imdb>tt0113118</imdb>
				<content>movie</content>
				<title>Friday</title>
				<year>1995</year>
			</meta>
			<link>
				<sublink>searchhd</sublink>
				<sublink>searchsd</sublink>
			</link>
			<thumbnail>https://image.tmdb.org/t/p/w1280//z76scMklBnEC91CFqHcvqrS5coO.jpg</thumbnail>
			<fanart>https://image.tmdb.org/t/p/w1280//isWyP4jWmcCHjUcanVwGBDwVSsA.jpg</fanart>
		</item>
		<item>
			<title>Underground</title>
			<meta>
				<imdb>tt0114787</imdb>
				<content>movie</content>
				<title>Underground</title>
				<year>1995</year>
			</meta>
			<link>
				<sublink>searchhd</sublink>
				<sublink>searchsd</sublink>
			</link>
			<thumbnail>https://image.tmdb.org/t/p/w1280//bnrLsunhGI5FO316sSThtAHikdV.jpg</thumbnail>
			<fanart>https://image.tmdb.org/t/p/w1280//4tUghDBbAMLSvM5KAJOv6m3I2ol.jpg</fanart>
		</item>
		<item>
			<title>Outbreak</title>
			<meta>
				<imdb>tt0114069</imdb>
				<content>movie</content>
				<title>Outbreak</title>
				<year>1995</year>
			</meta>
			<link>
				<sublink>searchhd</sublink>
				<sublink>searchsd</sublink>
			</link>
			<thumbnail>https://image.tmdb.org/t/p/w1280//4KymNvlWR0XF0sqX2BWRd9Z3yXR.jpg</thumbnail>
			<fanart>https://image.tmdb.org/t/p/w1280//wrlZRyyOnD24KQzo3OVi4lWyqdF.jpg</fanart>
		</item>
		<item>
			<title>Under Siege 2: Dark Territory</title>
			<meta>
				<imdb>tt0114781</imdb>
				<content>movie</content>
				<title>Under Siege 2: Dark Territory</title>
				<year>1995</year>
			</meta>
			<link>
				<sublink>searchhd</sublink>
				<sublink>searchsd</sublink>
			</link>
			<thumbnail>https://image.tmdb.org/t/p/w1280//6Z1p71nkm45cYuIZWOx5JSCYc0o.jpg</thumbnail>
			<fanart>https://image.tmdb.org/t/p/w1280//1nPbFoDf5gXJHoCi1EQM21YukLB.jpg</fanart>
		</item>
		<item>
			<title>The City of Lost Children</title>
			<meta>
				<imdb>tt0112682</imdb>
				<content>movie</content>
				<title>The City of Lost Children</title>
				<year>1995</year>
			</meta>
			<link>
				<sublink>searchhd</sublink>
				<sublink>searchsd</sublink>
			</link>
			<thumbnail>https://image.tmdb.org/t/p/w1280//eVo6ewq4akfyJYy3GXkMsLNzEJc.jpg</thumbnail>
			<fanart>https://image.tmdb.org/t/p/w1280//sVJKC83CDSrsNdfwyceTUJewbKV.jpg</fanart>
		</item>
		<item>
			<title>Showgirls</title>
			<meta>
				<imdb>tt0114436</imdb>
				<content>movie</content>
				<title>Showgirls</title>
				<year>1995</year>
			</meta>
			<link>
				<sublink>searchhd</sublink>
				<sublink>searchsd</sublink>
			</link>
			<thumbnail>https://image.tmdb.org/t/p/w1280//7O2SxrsXYaGFZ5cZgJF0Ab5SV5J.jpg</thumbnail>
			<fanart>https://image.tmdb.org/t/p/w1280//vtBsfwJBktS8XPp4Zjd2vwIudus.jpg</fanart>
		</item>
		<item>
			<title>Rumble in the Bronx</title>
			<meta>
				<imdb>tt0113326</imdb>
				<content>movie</content>
				<title>Rumble in the Bronx</title>
				<year>1995</year>
			</meta>
			<link>
				<sublink>searchhd</sublink>
				<sublink>searchsd</sublink>
			</link>
			<thumbnail>https://image.tmdb.org/t/p/w1280//y7AxKPPCtZyrGQKvxzn5zTQ8wFm.jpg</thumbnail>
			<fanart>https://image.tmdb.org/t/p/w1280//rGeVEsRDVvlMBN7fmOKhNW2GtWy.jpg</fanart>
		</item>
		<item>
			<title>While You Were Sleeping</title>
			<meta>
				<imdb>tt0114924</imdb>
				<content>movie</content>
				<title>While You Were Sleeping</title>
				<year>1995</year>
			</meta>
			<link>
				<sublink>searchhd</sublink>
				<sublink>searchsd</sublink>
			</link>
			<thumbnail>https://image.tmdb.org/t/p/w1280//9StV7DX4ZtRZGJs9VcVEPvxIKL6.jpg</thumbnail>
			<fanart>https://image.tmdb.org/t/p/w1280//p0VpzQG1PWnICbgQMyrQJGAhwEW.jpg</fanart>
		</item>
	</wannabe>
</dipshit>