<dipshit>
	<wannabe>
		<item>
			<title>[COLOR orange]Ace Degenerate[/COLOR]</title>
			<meta>
				<imdb>tt7221388</imdb>
				<content>episode</content>
				<tvshowtitle>  Cobra Kai</tvshowtitle>
				<year>  2018</year>
				<title>Ace Degenerate</title>
				<premiered>2018-05-02</premiered>
				<season>1</season>
				<episode>1</episode>
			</meta>
			<link>
				<sublink>https://uptobox.com/0x3vqai32it2</sublink>
				<sublink>https://openload.co/f/eJh33OQD5Ao/TwoDDL_Cobra.Kai.101.Ace.Degenerate.1080.RED.WEB-DL.AAC5.1.VP9-BTW.mkv</sublink>
				<sublink>http://nitroflare.com/view/3AF7850E2C26DFD/cobra.kai.s01e01.1080p.web.h264-convoy.www.RapidMovieZ.com.mkv(RD)</sublink>
				<sublink>http://s7.cloudyfiles.org:8080/d/v7senuffp7c26xzeutxi7duretwk27fpan43vapipxcxn5imsfwa44sowpv6bffyu7kq5n53/Cobra.Kai.S01E01.Ace.Degenerate.WEBRip.x264-RBB.mp4</sublink>
				<sublink>search</sublink>
			</link>
			<thumbnail>https://image.tmdb.org/t/p/w1280//gBi0WoqKFTmY1bJ1XTHefQk22kq.jpg</thumbnail>
			<fanart/>
		</item>
		<item>
			<title>[COLOR=limegreen]Strike First[/COLOR]</title>
			<meta>
				<imdb>tt7221388</imdb>
				<content>episode</content>
				<tvshowtitle>  Cobra Kai</tvshowtitle>
				<year>  2018</year>
				<title>Strike First</title>
				<premiered>2018-05-01</premiered>
				<season>1</season>
				<episode>2</episode>
			</meta>
			<link>
				<sublink>https://uptobox.com/3f7vnv3yd9us</sublink>
				<sublink>https://openload.co/f/aTy--VnVRnY/TwoDDL_Cobra.Kai.102.Strike.First.1080.RED.WEB-DL.AAC5.1.VP9-BTW.mkv</sublink>
				<sublink>http://nitroflare.com/view/A332CA333AA1877/cobra.kai.s01e02.1080p.web.h264-convoy.www.RapidMovieZ.com.mkv(RD)</sublink>
				<sublink>search</sublink>
			</link>
			<thumbnail>https://image.tmdb.org/t/p/w1280//bsh5XrZvhOgYALW0j5GtMkttBZp.jpg</thumbnail>
			<fanart/>
		</item>
		<item>
			<title>[COLOR orange]Esqueleto[/COLOR]</title>
			<meta>
				<imdb>tt7221388</imdb>
				<content>episode</content>
				<tvshowtitle>  Cobra Kai</tvshowtitle>
				<year>  2018</year>
				<title>Esqueleto</title>
				<premiered>2018-05-02</premiered>
				<season>1</season>
				<episode>3</episode>
			</meta>
			<link>
				<sublink>https://uptobox.com/kg98o2iqj9m5</sublink>
				<sublink>https://openload.co/f/Q_qup6K4hEM/TwoDDL_Cobra.Kai.103.Esqueleto.1080.RED.WEB-DL.AAC5.1.VP9-BTW.mkv</sublink>
				<sublink>http://nitroflare.com/view/C20866798D4970E/cobra.kai.s01e03.1080p.web.h264-convoy.www.RapidMovieZ.com.mkv(RD)</sublink>
				<sublink>search</sublink>
			</link>
			<thumbnail>https://image.tmdb.org/t/p/w1280//uY5D365Z69xLOJXjWFIV5RD82Ds.jpg</thumbnail>
			<fanart/>
		</item>
		<item>
			<title>[COLOR=limegreen]Cobra Kai Never Dies[/COLOR]</title>
			<meta>
				<imdb>tt7221388</imdb>
				<content>episode</content>
				<tvshowtitle>  Cobra Kai</tvshowtitle>
				<year>  2018</year>
				<title>Cobra Kai Never Dies</title>
				<premiered>2018-05-02</premiered>
				<season>1</season>
				<episode>4</episode>
			</meta>
			<link>
				<sublink>https://uptobox.com/1ic8geji8j8o</sublink>
				<sublink>https://openload.co/f/Q_qup6K4hEM/TwoDDL_Cobra.Kai.103.Esqueleto.1080.RED.WEB-DL.AAC5.1.VP9-BTW.mkv</sublink>
				<sublink>http://nitroflare.com/view/D73F2F6CD44C714/cobra.kai.s01e04.1080p.web.h264-convoy.www.RapidMovieZ.com.mkv(RD)</sublink>
				<sublink>search</sublink>
			</link>
			<thumbnail>https://image.tmdb.org/t/p/w1280//h2GZrZqIeRO0ca2eiFn7hnPTLFc.jpg</thumbnail>
			<fanart/>
		</item>
		<item>
			<title>[COLOR orange]Counterbalance[/COLOR]</title>
			<meta>
				<imdb>tt7221388</imdb>
				<content>episode</content>
				<tvshowtitle>  Cobra Kai</tvshowtitle>
				<year>  2018</year>
				<title>Counterbalance</title>
				<premiered>2018-05-02</premiered>
				<season>1</season>
				<episode>5</episode>
			</meta>
			<link>
				<sublink>https://uptobox.com/cw4ezoiea34z</sublink>
				<sublink>https://openload.co/f/3GKQY2kT2Yo/TwoDDL_Cobra.Kai.105.Counterbalance.1080.RED.WEB-DL.AAC5.1.VP9-BTW.mkv</sublink>
				<sublink>http://nitroflare.com/view/79248D73F0499BC/cobra.kai.s01e05.1080p.web.h264-convoy.www.RapidMovieZ.com.mkv(RD)</sublink>
				<sublink>search</sublink>
			</link>
			<thumbnail>https://image.tmdb.org/t/p/w1280//8IztwvDGQpWwixBnBkYn3NJljOl.jpg</thumbnail>
			<fanart/>
		</item>
		<item>
			<title>[COLOR=limegreen]Quiver[/COLOR]</title>
			<meta>
				<imdb>tt7221388</imdb>
				<content>episode</content>
				<tvshowtitle>  Cobra Kai</tvshowtitle>
				<year>  2018</year>
				<title>Quiver</title>
				<premiered>2018-05-02</premiered>
				<season>1</season>
				<episode>6</episode>
			</meta>
			<link>
				<sublink>https://uptobox.com/rwgn0qaxvx6b</sublink>
				<sublink>https://openload.co/f/31IHxjc0vJM/TwoDDL_Cobra.Kai.106.Quiver.1080.RED.WEB-DL.AAC5.1.VP9-BTW.mkv</sublink>
				<sublink>http://nitroflare.com/view/3098AA5CCF2C09A/cobra.kai.s01e06.1080p.web.h264-convoy.www.RapidMovieZ.com.mkv(RD)</sublink>
				<sublink>search</sublink>
			</link>
			<thumbnail>https://image.tmdb.org/t/p/w1280//qmqIbjkqNgYfLRj7W7nupEx064y.jpg</thumbnail>
			<fanart/>
		</item>
		<item>
			<title>[COLOR orange]All Valley[/COLOR]</title>
			<meta>
				<imdb>tt7221388</imdb>
				<content>episode</content>
				<tvshowtitle>  Cobra Kai</tvshowtitle>
				<year>  2018</year>
				<title>All Valley</title>
				<premiered>2018-05-02</premiered>
				<season>1</season>
				<episode>7</episode>
			</meta>
			<link>
				<sublink>https://uptobox.com/vjz6mytesfrx</sublink>
				<sublink>https://openload.co/f/OYRpN8T846g/TwoDDL_Cobra.Kai.107.All.Valley.1080.RED.WEB-DL.AAC5.1.VP9-BTW.mkv</sublink>
				<sublink>http://nitroflare.com/view/3D3581F4259A221/cobra.kai.s01e07.1080p.web.h264-convoy.www.RapidMovieZ.com.mkv(RD)</sublink>
				<sublink>search</sublink>
			</link>
			<thumbnail>https://image.tmdb.org/t/p/w1280//vD1GxYOwqDNKIjWdXSWxiMXRveB.jpg</thumbnail>
			<fanart/>
		</item>
		<item>
			<title>[COLOR=limegreen]Molting[/COLOR]</title>
			<meta>
				<imdb>tt7221388</imdb>
				<content>episode</content>
				<tvshowtitle>  Cobra Kai</tvshowtitle>
				<year>  2018</year>
				<title>Molting</title>
				<premiered>2018-05-02</premiered>
				<season>1</season>
				<episode>8</episode>
			</meta>
			<link>
				<sublink>https://uptobox.com/kjaqzibigccn</sublink>
				<sublink>https://openload.co/f/Qydux6LxshQ/TwoDDL_Cobra.Kai.108.Molting.1080.RED.WEB-DL.AAC5.1.VP9-BTW.mkv</sublink>
				<sublink>https://1fichier.com/?cek3o58a88(RD)</sublink>
				<sublink>http://nitroflare.com/view/7C9DAA379AB2C23/cobra.kai.s01e08.1080p.web.h264-convoy.www.RapidMovieZ.com.mkv(RD)</sublink>
				<sublink>search</sublink>
			</link>
			<thumbnail>https://image.tmdb.org/t/p/w1280//wUWZwc9gYGycrxe51lk3Ky9a8Wi.jpg</thumbnail>
			<fanart/>
		</item>
		<item>
			<title>[COLOR orange]Different But Same[/COLOR]</title>
			<meta>
				<imdb>tt7221388</imdb>
				<content>episode</content>
				<tvshowtitle>  Cobra Kai</tvshowtitle>
				<year>  2018</year>
				<title>Different But Same</title>
				<premiered>2018-05-02</premiered>
				<season>1</season>
				<episode>9</episode>
			</meta>
			<link>
				<sublink>https://uptobox.com/3npgk1gl1ul2</sublink>
				<sublink>https://openload.co/f/h4e5cVDJass/TwoDDL_Cobra.Kai.109.Different.But.The.Same.1080.RED.WEB-DL.AAC5.1.VP9-BTW.mkv</sublink>
				<sublink>http://nitroflare.com/view/4FC1D58A7FA33C8/cobra.kai.s01e09.1080p.web.h264-convoy.www.RapidMovieZ.com.mkv(RD)</sublink>
				<sublink>search</sublink>
			</link>
			<thumbnail>https://image.tmdb.org/t/p/w1280//f96BWZTPFXO9WdFujOVDHykk37Q.jpg</thumbnail>
			<fanart/>
		</item>
		<item>
			<title>[COLOR=limegreen]Mercy[/COLOR]</title>
			<meta>
				<imdb>tt7221388</imdb>
				<content>episode</content>
				<tvshowtitle>  Cobra Kai</tvshowtitle>
				<year>  2018</year>
				<title>Mercy</title>
				<premiered>2018-05-02</premiered>
				<season>1</season>
				<episode>10</episode>
			</meta>
			<link>
				<sublink>https://uptobox.com/6uphvndik7jw</sublink>
				<sublink>https://openload.co/f/Y_MtBuit7nc/TwoDDL_Cobra.Kai.110.Mercy.1080.RED.WEB-DL.AAC5.1.VP9-BTW.mkv</sublink>
				<sublink>http://nitroflare.com/view/36D1062D817D9E6/cobra.kai.s01e10.1080p.web.h264-convoy.www.RapidMovieZ.com.mkv(RD)</sublink>
				<sublink>search</sublink>
			</link>
			<thumbnail>https://image.tmdb.org/t/p/w1280//skeOPsG179Ku3AUAKvfLKGZGEOd.jpg</thumbnail>
			<fanart/>
		</item>
	</wannabe>
</dipshit>