<plugin>
<title>[B][COLORorange]Joe Cartoon - All Videos[/COLOR][/B]</title>
<link>plugin://plugin.video.youtube/channel/UCLY_sKr2uiTq8iTrE1QUR-Q/</link>
<thumbnail>https://gitlab.com/MrBlamo/Mr_Blamo_Repo/raw/master/_xmls/csb/icons/joecartoon_icon.png</thumbnail>
<fanart>https://gitlab.com/MrBlamo/Mr_Blamo_Repo/raw/master/_xmls/csb/icons/joecartoon_fanart.jpg</fanart>
</plugin>

<plugin>
<title>[B][COLORorange]Joe Cartoon - Playlists[/COLOR][/B]</title>
<link>plugin://plugin.video.youtube/channel/UCLY_sKr2uiTq8iTrE1QUR-Q/playlists/</link>
<thumbnail>https://gitlab.com/MrBlamo/Mr_Blamo_Repo/raw/master/_xmls/csb/icons/joecartoon_icon.png</thumbnail>
<fanart>https://gitlab.com/MrBlamo/Mr_Blamo_Repo/raw/master/_xmls/csb/icons/joecartoon_fanart.jpg</fanart>
</plugin>
