<item>
	<title>[B][COLORorange]Ace Degenerate[/COLOR][/B]</title>
	<meta>
		<imdb>tt7221388</imdb>
		<content>episode</content>
		<tvshowtitle>  Cobra Kai</tvshowtitle>
		<year>  2018</year>
		<title>Ace Degenerate</title>
		<premiered>2018-05-02</premiered>
		<season>1</season>
		<episode>1</episode>
	</meta>
	<link>
		<sublink>https://openload.co/f/eJh33OQD5Ao/TwoDDL_Cobra.Kai.101.Ace.Degenerate.1080.RED.WEB-DL.AAC5.1.VP9-BTW.mkv</sublink>
		<sublink>search</sublink>
	</link>
	<thumbnail>https://image.tmdb.org/t/p/w1280//gBi0WoqKFTmY1bJ1XTHefQk22kq.jpg</thumbnail>
	<fanart/>
</item>
<item>
	<title>[COLOR=limegreen]Strike First[/COLOR]</title>
	<meta>
		<imdb>tt7221388</imdb>
		<content>episode</content>
		<tvshowtitle>  Cobra Kai</tvshowtitle>
		<year>  2018</year>
		<title>Strike First</title>
		<premiered>2018-05-01</premiered>
		<season>1</season>
		<episode>2</episode>
	</meta>
	<link>
		<sublink>https://openload.co/f/aTy--VnVRnY/TwoDDL_Cobra.Kai.102.Strike.First.1080.RED.WEB-DL.AAC5.1.VP9-BTW.mkv</sublink>
		<sublink>search</sublink>
	</link>
	<thumbnail>https://image.tmdb.org/t/p/w1280//bsh5XrZvhOgYALW0j5GtMkttBZp.jpg</thumbnail>
	<fanart/>
</item>
<item>
	<title>[B][COLORorange]Esqueleto[/COLOR][/B]</title>
	<meta>
		<imdb>tt7221388</imdb>
		<content>episode</content>
		<tvshowtitle>  Cobra Kai</tvshowtitle>
		<year>  2018</year>
		<title>Esqueleto</title>
		<premiered>2018-05-02</premiered>
		<season>1</season>
		<episode>3</episode>
	</meta>
	<link>
		<sublink>https://openload.co/f/Q_qup6K4hEM/TwoDDL_Cobra.Kai.103.Esqueleto.1080.RED.WEB-DL.AAC5.1.VP9-BTW.mkv</sublink>
		<sublink>search</sublink>
	</link>
	<thumbnail>https://image.tmdb.org/t/p/w1280//uY5D365Z69xLOJXjWFIV5RD82Ds.jpg</thumbnail>
	<fanart/>
</item>
<item>
	<title>[COLOR=limegreen]Cobra Kai Never Dies[/COLOR]</title>
	<meta>
		<imdb>tt7221388</imdb>
		<content>episode</content>
		<tvshowtitle>  Cobra Kai</tvshowtitle>
		<year>  2018</year>
		<title>Cobra Kai Never Dies</title>
		<premiered>2018-05-02</premiered>
		<season>1</season>
		<episode>4</episode>
	</meta>
	<link>
		<sublink>https://openload.co/f/Q_qup6K4hEM/TwoDDL_Cobra.Kai.103.Esqueleto.1080.RED.WEB-DL.AAC5.1.VP9-BTW.mkv</sublink>
		<sublink>search</sublink>
	</link>
	<thumbnail>https://image.tmdb.org/t/p/w1280//h2GZrZqIeRO0ca2eiFn7hnPTLFc.jpg</thumbnail>
	<fanart/>
</item>
<item>
	<title>[B][COLORorange]Counterbalance[/COLOR][/B]</title>
	<meta>
		<imdb>tt7221388</imdb>
		<content>episode</content>
		<tvshowtitle>  Cobra Kai</tvshowtitle>
		<year>  2018</year>
		<title>Counterbalance</title>
		<premiered>2018-05-02</premiered>
		<season>1</season>
		<episode>5</episode>
	</meta>
	<link>
		<sublink>https://openload.co/f/3GKQY2kT2Yo/TwoDDL_Cobra.Kai.105.Counterbalance.1080.RED.WEB-DL.AAC5.1.VP9-BTW.mkv</sublink>
		<sublink>search</sublink>
	</link>
	<thumbnail>https://image.tmdb.org/t/p/w1280//8IztwvDGQpWwixBnBkYn3NJljOl.jpg</thumbnail>
	<fanart/>
</item>
<item>
	<title>[COLOR=limegreen]Quiver[/COLOR]</title>
	<meta>
		<imdb>tt7221388</imdb>
		<content>episode</content>
		<tvshowtitle>  Cobra Kai</tvshowtitle>
		<year>  2018</year>
		<title>Quiver</title>
		<premiered>2018-05-02</premiered>
		<season>1</season>
		<episode>6</episode>
	</meta>
	<link>
		<sublink>https://openload.co/f/31IHxjc0vJM/TwoDDL_Cobra.Kai.106.Quiver.1080.RED.WEB-DL.AAC5.1.VP9-BTW.mkv</sublink>
		<sublink>search</sublink>
	</link>
	<thumbnail>https://image.tmdb.org/t/p/w1280//qmqIbjkqNgYfLRj7W7nupEx064y.jpg</thumbnail>
	<fanart/>
</item>
<item>
	<title>[B][COLORorange]All Valley[/COLOR][/B]</title>
	<meta>
		<imdb>tt7221388</imdb>
		<content>episode</content>
		<tvshowtitle>  Cobra Kai</tvshowtitle>
		<year>  2018</year>
		<title>All Valley</title>
		<premiered>2018-05-02</premiered>
		<season>1</season>
		<episode>7</episode>
	</meta>
	<link>
		<sublink>https://openload.co/f/OYRpN8T846g/TwoDDL_Cobra.Kai.107.All.Valley.1080.RED.WEB-DL.AAC5.1.VP9-BTW.mkv</sublink>
		<sublink>search</sublink>
	</link>
	<thumbnail>https://image.tmdb.org/t/p/w1280//vD1GxYOwqDNKIjWdXSWxiMXRveB.jpg</thumbnail>
	<fanart/>
</item>
<item>
	<title>[COLOR=limegreen]Molting[/COLOR]</title>
	<meta>
		<imdb>tt7221388</imdb>
		<content>episode</content>
		<tvshowtitle>  Cobra Kai</tvshowtitle>
		<year>  2018</year>
		<title>Molting</title>
		<premiered>2018-05-02</premiered>
		<season>1</season>
		<episode>8</episode>
	</meta>
	<link>
		<sublink>https://openload.co/f/Qydux6LxshQ/TwoDDL_Cobra.Kai.108.Molting.1080.RED.WEB-DL.AAC5.1.VP9-BTW.mkv</sublink>
		<sublink>https://1fichier.com/?cek3o58a88</sublink>
	</link>
	<thumbnail>https://image.tmdb.org/t/p/w1280//wUWZwc9gYGycrxe51lk3Ky9a8Wi.jpg</thumbnail>
	<fanart/>
</item>
<item>
	<title>[B][COLORorange]Different But Same[/COLOR][/B]</title>
	<meta>
		<imdb>tt7221388</imdb>
		<content>episode</content>
		<tvshowtitle>  Cobra Kai</tvshowtitle>
		<year>  2018</year>
		<title>Different But Same</title>
		<premiered>2018-05-02</premiered>
		<season>1</season>
		<episode>9</episode>
	</meta>
	<link>
		<sublink>https://openload.co/f/h4e5cVDJass/TwoDDL_Cobra.Kai.109.Different.But.The.Same.1080.RED.WEB-DL.AAC5.1.VP9-BTW.mkv</sublink>
		<sublink>search</sublink>
	</link>
	<thumbnail>https://image.tmdb.org/t/p/w1280//f96BWZTPFXO9WdFujOVDHykk37Q.jpg</thumbnail>
	<fanart/>
</item>
<item>
	<title>[COLOR=limegreen]Mercy[/COLOR]</title>
	<meta>
		<imdb>tt7221388</imdb>
		<content>episode</content>
		<tvshowtitle>  Cobra Kai</tvshowtitle>
		<year>  2018</year>
		<title>Mercy</title>
		<premiered>2018-05-02</premiered>
		<season>1</season>
		<episode>10</episode>
	</meta>
	<link>
		<sublink>https://openload.co/f/Y_MtBuit7nc/TwoDDL_Cobra.Kai.110.Mercy.1080.RED.WEB-DL.AAC5.1.VP9-BTW.mkv</sublink>
		<sublink>search</sublink>
	</link>
	<thumbnail>https://image.tmdb.org/t/p/w1280//skeOPsG179Ku3AUAKvfLKGZGEOd.jpg</thumbnail>
	<fanart/>
</item>
