<dipshit>    <wannabe>        <item>            <title>[COLOR red]Aladdin[/COLOR]</title>            <meta>                <imdb>tt0103639</imdb>                <content>movie</content>                <title>Aladdin</title>                <year>1992</year>            </meta>            <link>                <sublink>searchhd</sublink>                <sublink>searchsd</sublink>            </link>            <thumbnail>https://image.tmdb.org/t/p/w1280/7f53XAE4nPiGe9XprpGAeWHuKPw.jpg</thumbnail>            <fanart>https://image.tmdb.org/t/p/w1280/toPEmFIckgRSPd40g6OLv3LWPtp.jpg</fanart>        </item>        <item>            <title>[COLOR orange]Alice in Wonderland[/COLOR]</title>            <meta>                <imdb>tt0043274</imdb>                <content>movie</content>                <title>Alice in Wonderland</title>                <year>1951</year>            </meta>            <link>                <sublink>searchhd</sublink>                <sublink>searchsd</sublink>            </link>            <thumbnail>https://image.tmdb.org/t/p/w1280/6nqrMYon3UEMrTrkLvJPH5IwQZe.jpg</thumbnail>            <fanart>https://image.tmdb.org/t/p/w1280/p6frW7qR3wUbssM25BS8BlzyoKc.jpg</fanart>        </item>        <item>            <title>[COLOR red]Atlantis: The Lost Empire[/COLOR]</title>            <meta>                <imdb>tt0230011</imdb>                <content>movie</content>                <title>Atlantis: The Lost Empire</title>                <year>2001</year>            </meta>            <link>                <sublink>searchhd</sublink>                <sublink>searchsd</sublink>            </link>            <thumbnail>https://image.tmdb.org/t/p/w1280/9kbLIQEj99g5Hb9g1IG3VNdtt3h.jpg</thumbnail>            <fanart>https://image.tmdb.org/t/p/w1280/6tDYT0R7uzVroxR7W2nppuTv2Ha.jpg</fanart>        </item>        <item>            <title>[COLOR orange]Bambi[/COLOR]</title>            <meta>                <imdb>tt0034492</imdb>                <content>movie</content>                <title>Bambi</title>                <year>1942</year>            </meta>            <link>                <sublink>searchhd</sublink>                <sublink>searchsd</sublink>            </link>            <thumbnail>https://image.tmdb.org/t/p/w1280/wV9e2y4myJ4KMFsyFfWYcUOawyK.jpg</thumbnail>            <fanart>https://image.tmdb.org/t/p/w1280/zM2Rdsh4kiTEXPkkO9lWBzZpwAH.jpg</fanart>        </item>        <item>            <title>[COLOR red]Beauty and the Beast[/COLOR]</title>            <meta>                <imdb>tt0101414</imdb>                <content>movie</content>                <title>Beauty and the Beast</title>                <year>1991</year>            </meta>            <link>                <sublink>searchhd</sublink>                <sublink>searchsd</sublink>            </link>            <thumbnail>https://image.tmdb.org/t/p/w1280/b9QJr2oblOu1grgOMUZF1xkUJdh.jpg</thumbnail>            <fanart>https://image.tmdb.org/t/p/w1280/9BQIYKXc0HMSeK2kl3h3YxX66ZN.jpg</fanart>        </item>        <item>            <title>[COLOR orange]Bolt[/COLOR]</title>            <meta>                <imdb>tt0397892</imdb>                <content>movie</content>                <title>Bolt</title>                <year>2008</year>            </meta>            <link>                <sublink>searchhd</sublink>                <sublink>searchsd</sublink>            </link>            <thumbnail>https://image.tmdb.org/t/p/w1280/pGA75RbbIDXlUJtzJogAtS0KyxL.jpg</thumbnail>            <fanart>https://image.tmdb.org/t/p/w1280/lwI40taKaCKHK9mUeSBP2tQz8dS.jpg</fanart>        </item>        <item>            <title>[COLOR red]Brother Bear[/COLOR]</title>            <meta>                <imdb>tt0328880</imdb>                <content>movie</content>                <title>Brother Bear</title>                <year>2003</year>            </meta>            <link>                <sublink>searchhd</sublink>                <sublink>searchsd</sublink>            </link>            <thumbnail>https://image.tmdb.org/t/p/w1280/otptPbEY0vBostmo95xwiiumMJm.jpg</thumbnail>            <fanart>https://image.tmdb.org/t/p/w1280/mDgZ8aLCrH4NcUJIvF0W5B8qa4G.jpg</fanart>        </item>        <item>            <title>[COLOR orange]Chicken Little[/COLOR]</title>            <meta>                <imdb>tt0371606</imdb>                <content>movie</content>                <title>Chicken Little</title>                <year>2005</year>            </meta>            <link>                <sublink>searchhd</sublink>                <sublink>searchsd</sublink>            </link>            <thumbnail>https://image.tmdb.org/t/p/w1280/iLMALbInUmbNn1tHmxJEWm5MyjP.jpg</thumbnail>            <fanart>https://image.tmdb.org/t/p/w1280/9YqNb9V9lded8ZDjMz8nkQLpq15.jpg</fanart>        </item>        <item>            <title>[COLOR red]Cinderella[/COLOR]</title>            <meta>                <imdb>tt0042332</imdb>                <content>movie</content>                <title>Cinderella</title>                <year>1950</year>            </meta>            <link>                <sublink>searchhd</sublink>                <sublink>searchsd</sublink>            </link>            <thumbnail>https://image.tmdb.org/t/p/w1280/cdf4J7tDhSPAghWWgx9EnwQWBfF.jpg</thumbnail>            <fanart>https://image.tmdb.org/t/p/w1280/xSN1cpugrzi8DjpVxtHeRRlbB6Q.jpg</fanart>        </item>        <item>            <title>[COLOR orange]Dinosaur[/COLOR]</title>            <meta>                <imdb>tt0130623</imdb>                <content>movie</content>                <title>Dinosaur</title>                <year>2000</year>            </meta>            <link>                <sublink>searchhd</sublink>                <sublink>searchsd</sublink>            </link>            <thumbnail>https://image.tmdb.org/t/p/w1280/jZDp3C5howi40aCeqXDJliodXk9.jpg</thumbnail>            <fanart>https://image.tmdb.org/t/p/w1280/LT2796bodQIvIV50KcyrsIkq6r.jpg</fanart>        </item>        <item>            <title>[COLOR red]Dumbo[/COLOR]</title>            <meta>                <imdb>tt0033563</imdb>                <content>movie</content>                <title>Dumbo</title>                <year>1941</year>            </meta>            <link>                <sublink>searchhd</sublink>                <sublink>searchsd</sublink>            </link>            <thumbnail>https://image.tmdb.org/t/p/w1280/r5IqhwZ61OuKlsyDwvXWyWQZK30.jpg</thumbnail>            <fanart>https://image.tmdb.org/t/p/w1280/sa5vHfu5n4NFqZbVf2hzqGr6bim.jpg</fanart>        </item>        <item>            <title>[COLOR orange]Fantasia[/COLOR]</title>            <meta>                <imdb>tt0032455</imdb>                <content>movie</content>                <title>Fantasia</title>                <year>1940</year>            </meta>            <link>                <sublink>searchhd</sublink>                <sublink>searchsd</sublink>            </link>            <thumbnail>https://image.tmdb.org/t/p/w1280/mSJgxrTaTgDSOoggIPcj3ZoZswT.jpg</thumbnail>            <fanart>https://image.tmdb.org/t/p/w1280/oZBj2o3JVULRe1SlBalBpnkfp6x.jpg</fanart>        </item>        <item>            <title>[COLOR red]Fantasia 2000[/COLOR]</title>            <meta>                <imdb>none</imdb>                <content>movie</content>                <title>Fantasia 2000</title>                <year>1999</year>            </meta>            <link>                <sublink>searchhd</sublink>                <sublink>searchsd</sublink>            </link>            <thumbnail>https://image.tmdb.org/t/p/w1280/rlsJxzIU5KEeNzvsWeDkdKry1Z1.jpg</thumbnail>            <fanart>https://image.tmdb.org/t/p/w1280/vUQjup0AO21xZjmbzW1CjoB74vi.jpg</fanart>        </item>        <item>            <title>[COLOR orange]Frozen[/COLOR]</title>            <meta>                <imdb>tt2294629</imdb>                <content>movie</content>                <title>Frozen</title>                <year>2013</year>            </meta>            <link>                <sublink>searchhd</sublink>                <sublink>searchsd</sublink>            </link>            <thumbnail>https://image.tmdb.org/t/p/w1280/jIjdFXKUNtdf1bwqMrhearpyjMj.jpg</thumbnail>            <fanart>https://image.tmdb.org/t/p/w1280/cAhCDpAq80QCeQvHytY9JkBalpH.jpg</fanart>        </item>        <item>            <title>[COLOR red]Fun and Fancy Free[/COLOR]</title>            <meta>                <imdb>tt0039404</imdb>                <content>movie</content>                <title>Fun and Fancy Free</title>                <year>1947</year>            </meta>            <link>                <sublink>searchhd</sublink>                <sublink>searchsd</sublink>            </link>            <thumbnail>https://image.tmdb.org/t/p/w1280/1OuUZOWCSwPSxkZZeArFSA01LlV.jpg</thumbnail>            <fanart>https://image.tmdb.org/t/p/w1280/yo4MHt1UTdOOMw3pkVagaMXD7i.jpg</fanart>        </item>        <item>            <title>[COLOR orange]Hercules[/COLOR]</title>            <meta>                <imdb>tt0119282</imdb>                <content>movie</content>                <title>Hercules</title>                <year>1997</year>            </meta>            <link>                <sublink>searchhd</sublink>                <sublink>searchsd</sublink>            </link>            <thumbnail>https://image.tmdb.org/t/p/w1280/yds93kIrmH1aNN0YKAcHLyOkNEV.jpg</thumbnail>            <fanart>https://image.tmdb.org/t/p/w1280/lxLnW7rV0Xs1HijLEVoOlTMrjKu.jpg</fanart>        </item>        <item>            <title>[COLOR red]Home on the Range[/COLOR]</title>            <meta>                <imdb>tt0299172</imdb>                <content>movie</content>                <title>Home on the Range</title>                <year>2004</year>            </meta>            <link>                <sublink>searchhd</sublink>                <sublink>searchsd</sublink>            </link>            <thumbnail>https://image.tmdb.org/t/p/w1280/1KFa2Mzzn2DMlC95eJwRYgRsHI.jpg</thumbnail>            <fanart>https://image.tmdb.org/t/p/w1280/rQKlcMY8i3elENXEHlkAbQr3xiG.jpg</fanart>        </item>        <item>            <title>[COLOR orange]Lady and the Tramp[/COLOR]</title>            <meta>                <imdb>tt0048280</imdb>                <content>movie</content>                <title>Lady and the Tramp</title>                <year>1955</year>            </meta>            <link>                <sublink>searchhd</sublink>                <sublink>searchsd</sublink>            </link>            <thumbnail>https://image.tmdb.org/t/p/w1280/xoROV9EHBMXJkPC3OlJ5SNtgTT.jpg</thumbnail>            <fanart>https://image.tmdb.org/t/p/w1280/osSsQ4QWXS7Flu3y39QqP924Lud.jpg</fanart>        </item>        <item>            <title>[COLOR red]Lilo and Stitch[/COLOR]</title>            <meta>                <imdb>tt0275847</imdb>                <content>movie</content>                <title>Lilo and Stitch</title>                <year>2002</year>            </meta>            <link>                <sublink>searchhd</sublink>                <sublink>searchsd</sublink>            </link>            <thumbnail>https://image.tmdb.org/t/p/w1280/tVaEulzowKhMhDvHNNYb9rNEZPB.jpg</thumbnail>            <fanart>https://image.tmdb.org/t/p/w1280/gss26usvT59v4bltFPVg49AiBFZ.jpg</fanart>        </item>        <item>            <title>[COLOR orange]Make Mine Music[/COLOR]</title>            <meta>                <imdb>tt0038718</imdb>                <content>movie</content>                <title>Make Mine Music</title>                <year>1946</year>            </meta>            <link>                <sublink>searchhd</sublink>                <sublink>searchsd</sublink>            </link>            <thumbnail>https://image.tmdb.org/t/p/w1280/20Hs0MNWxwIAhSC7gfIN2bISrZI.jpg</thumbnail>            <fanart>https://image.tmdb.org/t/p/w1280/iTwOiALjxkBjd7iKwMjQy9hMiMc.jpg</fanart>        </item>        <item>            <title>[COLOR red]Meet the Robinsons[/COLOR]</title>            <meta>                <imdb>tt0396555</imdb>                <content>movie</content>                <title>Meet the Robinsons</title>                <year>2007</year>            </meta>            <link>                <sublink>searchhd</sublink>                <sublink>searchsd</sublink>            </link>            <thumbnail>https://image.tmdb.org/t/p/w1280/oe7w9SxGmpSW1dlz5QaVVKWBEVz.jpg</thumbnail>            <fanart>https://image.tmdb.org/t/p/w1280/jxWA2lDLidicmmDymnxlz53zAb9.jpg</fanart>        </item>        <item>            <title>[COLOR orange]Melody Time[/COLOR]</title>            <meta>                <imdb>tt0040580</imdb>                <content>movie</content>                <title>Melody Time</title>                <year>1948</year>            </meta>            <link>                <sublink>searchhd</sublink>                <sublink>searchsd</sublink>            </link>            <thumbnail>https://image.tmdb.org/t/p/w1280/jvsVPD3oIDwiNDR6rK38YoEFf4h.jpg</thumbnail>            <fanart>https://image.tmdb.org/t/p/w1280/dC4ovAcuEcULK3zXd22xei24fCK.jpg</fanart>        </item>        <item>            <title>[COLOR red]Mulan[/COLOR]</title>            <meta>                <imdb>tt0120762</imdb>                <content>movie</content>                <title>Mulan</title>                <year>1998</year>            </meta>            <link>                <sublink>searchhd</sublink>                <sublink>searchsd</sublink>            </link>            <thumbnail>https://image.tmdb.org/t/p/w1280/vXjfMyXHixdEEkqcuWS6hy3EZAG.jpg</thumbnail>            <fanart>https://image.tmdb.org/t/p/w1280/sYydx5Q6qxdATbrj7imghCz0KEj.jpg</fanart>        </item>        <item>            <title>[COLOR orange]Oliver and Company[/COLOR]</title>            <meta>                <imdb>tt0095776</imdb>                <content>movie</content>                <title>Oliver and Company</title>                <year>1988</year>            </meta>            <link>                <sublink>searchhd</sublink>                <sublink>searchsd</sublink>            </link>            <thumbnail>https://image.tmdb.org/t/p/w1280/m54pXsIUy3IJoaGhk3RwKsZQPG8.jpg</thumbnail>            <fanart>https://image.tmdb.org/t/p/w1280/7klp2EhVlmogIXLyQsLVFrhdMD3.jpg</fanart>        </item>        <item>            <title>[COLOR red]One Hundred and One Dalmatians[/COLOR]</title>            <meta>                <imdb>tt0055254</imdb>                <content>movie</content>                <title>One Hundred and One Dalmatians</title>                <year>1961</year>            </meta>            <link>                <sublink>searchhd</sublink>                <sublink>searchsd</sublink>            </link>            <thumbnail>https://image.tmdb.org/t/p/w1280/vo5j5OZIdnfMIZSkVfSvh8cJUU.jpg</thumbnail>            <fanart>https://image.tmdb.org/t/p/w1280/vHBYOUjt04iI0COvMtPAMa2pC9y.jpg</fanart>        </item>        <item>            <title>[COLOR orange]Peter Pan[/COLOR]</title>            <meta>                <imdb>tt0046183</imdb>                <content>movie</content>                <title>Peter Pan</title>                <year>1953</year>            </meta>            <link>                <sublink>searchhd</sublink>                <sublink>searchsd</sublink>            </link>            <thumbnail>https://image.tmdb.org/t/p/w1280/6UTZmeQcxbtW32MyR5nKIx7ID4f.jpg</thumbnail>            <fanart>https://image.tmdb.org/t/p/w1280/eLOKujSMudMf62ATU7XnpLaID1c.jpg</fanart>        </item>        <item>            <title>[COLOR red]Pinocchio[/COLOR]</title>            <meta>                <imdb>none</imdb>                <content>movie</content>                <title>Pinocchio</title>                <year>1940</year>            </meta>            <link>                <sublink>searchhd</sublink>                <sublink>searchsd</sublink>            </link>            <thumbnail>https://image.tmdb.org/t/p/w1280/hu9sn5kHTXZsafNQYQf4qQ16BGI.jpg</thumbnail>            <fanart>https://image.tmdb.org/t/p/w1280/rma1Rc12ogaCuqlu3e9rU1ma6My.jpg</fanart>        </item>        <item>            <title>[COLOR orange]Pocahontas[/COLOR]</title>            <meta>                <imdb>tt0114148</imdb>                <content>movie</content>                <title>Pocahontas</title>                <year>1995</year>            </meta>            <link>                <sublink>searchhd</sublink>                <sublink>searchsd</sublink>            </link>            <thumbnail>https://image.tmdb.org/t/p/w1280/qk95miOV8wDABbO5gyCpCrvbVFu.jpg</thumbnail>            <fanart>https://image.tmdb.org/t/p/w1280/dm6NraLaLOCvGfzYPl7puMvvxfr.jpg</fanart>        </item>        <item>            <title>[COLOR red]Robin Hood[/COLOR]</title>            <meta>                <imdb>tt0070608</imdb>                <content>movie</content>                <title>Robin Hood</title>                <year>1973</year>            </meta>            <link>                <sublink>searchhd</sublink>                <sublink>searchsd</sublink>            </link>            <thumbnail>https://image.tmdb.org/t/p/w1280/78yFcKivWbLwlPcUOPj2A75k4Ii.jpg</thumbnail>            <fanart>https://image.tmdb.org/t/p/w1280/gidtawc8Mne3Dc5UrkvXhoIZqCZ.jpg</fanart>        </item>        <item>            <title>[COLOR orange]Saludos Amigos[/COLOR]</title>            <meta>                <imdb>tt0036326</imdb>                <content>movie</content>                <title>Saludos Amigos</title>                <year>1942</year>            </meta>            <link>                <sublink>searchhd</sublink>                <sublink>searchsd</sublink>            </link>            <thumbnail>https://image.tmdb.org/t/p/w1280/fRpIlk1jtXIjBFWYBnSrjFf0ddr.jpg</thumbnail>            <fanart>https://image.tmdb.org/t/p/w1280/trg7wvn1cVvhltOKIZ789EBexuw.jpg</fanart>        </item>        <item>            <title>[COLOR red]Sleeping Beauty[/COLOR]</title>            <meta>                <imdb>tt0053285</imdb>                <content>movie</content>                <title>Sleeping Beauty</title>                <year>1959</year>            </meta>            <link>                <sublink>searchhd</sublink>                <sublink>searchsd</sublink>            </link>            <thumbnail>https://image.tmdb.org/t/p/w1280/iFJGafuB2f2IJWG2EmdtUpgfAn6.jpg</thumbnail>            <fanart>https://image.tmdb.org/t/p/w1280/zWKl0O88hHRinqadToYFVWuPkdG.jpg</fanart>        </item>        <item>            <title>[COLOR orange]Snow White and the Seven Dwarfs[/COLOR]</title>            <meta>                <imdb>tt0029583</imdb>                <content>movie</content>                <title>Snow White and the Seven Dwarfs</title>                <year>1937</year>            </meta>            <link>                <sublink>searchhd</sublink>                <sublink>searchsd</sublink>            </link>            <thumbnail>https://image.tmdb.org/t/p/w1280/wbVGRBYPRRahIZNGXY9TfHDUSc2.jpg</thumbnail>            <fanart>https://image.tmdb.org/t/p/w1280/c66otZnSdri67kR7ps92kRX849o.jpg</fanart>        </item>        <item>            <title>[COLOR red]Tangled[/COLOR]</title>            <meta>                <imdb>tt0398286</imdb>                <content>movie</content>                <title>Tangled</title>                <year>2010</year>            </meta>            <link>                <sublink>searchhd</sublink>                <sublink>searchsd</sublink>            </link>            <thumbnail>https://image.tmdb.org/t/p/w1280/re6AOJbhBk9FIK3knwU6rYlbPDx.jpg</thumbnail>            <fanart>https://image.tmdb.org/t/p/w1280/uFg02Gt69UM6Ouam4slMdD0s029.jpg</fanart>        </item>        <item>            <title>[COLOR orange]Tarzan[/COLOR]</title>            <meta>                <imdb>tt0120855</imdb>                <content>movie</content>                <title>Tarzan</title>                <year>1999</year>            </meta>            <link>                <sublink>searchhd</sublink>                <sublink>searchsd</sublink>            </link>            <thumbnail>https://image.tmdb.org/t/p/w1280/hnTrfKJmnPLMTajHw2RDgv6hVyH.jpg</thumbnail>            <fanart>https://image.tmdb.org/t/p/w1280/vwS3vyNaD94h4BjLjNvbVOCNfsJ.jpg</fanart>        </item>        <item>            <title>[COLOR red]The Adventures of Ichabod and Mr. Toad[/COLOR]</title>            <meta>                <imdb>tt0041094</imdb>                <content>movie</content>                <title>The Adventures of Ichabod and Mr. Toad</title>                <year>1949</year>            </meta>            <link>                <sublink>searchhd</sublink>                <sublink>searchsd</sublink>            </link>            <thumbnail>https://image.tmdb.org/t/p/w1280/o6GfVkgPaaHJnXNywDLpHJII2tW.jpg</thumbnail>            <fanart>https://image.tmdb.org/t/p/w1280/fi07BlzQ3HIG8GGljhwtFYjdf9N.jpg</fanart>        </item>        <item>            <title>[COLOR orange]The Aristocats[/COLOR]</title>            <meta>                <imdb>tt0065421</imdb>                <content>movie</content>                <title>The Aristocats</title>                <year>1970</year>            </meta>            <link>                <sublink>searchhd</sublink>                <sublink>searchsd</sublink>            </link>            <thumbnail>https://image.tmdb.org/t/p/w1280/3LudCahifOrueMklYBxAXY2wpBg.jpg</thumbnail>            <fanart>https://image.tmdb.org/t/p/w1280/fojdVtSsZa7fXyJQ6w1Exw7GWum.jpg</fanart>        </item>        <item>            <title>[COLOR red]The Black Cauldron[/COLOR]</title>            <meta>                <imdb>tt0088814</imdb>                <content>movie</content>                <title>The Black Cauldron</title>                <year>1985</year>            </meta>            <link>                <sublink>searchhd</sublink>                <sublink>searchsd</sublink>            </link>            <thumbnail>https://image.tmdb.org/t/p/w1280/ul51Bblm9tSaUh0vvhTRLW9xmJo.jpg</thumbnail>            <fanart>https://image.tmdb.org/t/p/w1280/uGgOTNflRFixvKB3RKVOwSNf90m.jpg</fanart>        </item>		<item>			<title>The Death of Superman</title>			<meta>				<imdb>tt7167658</imdb>				<content>movie</content>				<title>The Death of Superman</title>				<year>2018</year>			</meta>			<link>				<sublink>https://rapidgator.net/file/79066d4b500b6325d8a6f2f64bd19698/The.Death.of.Superman.2018.1080p.WEB-DL.H264.AC3-EVO.mkv.html (1080P Real Debrid)</sublink>				<sublink>http://uploaded.net/file/hfin6bpm/The.Death.of.Superman.2018.1080p.WEB-DL.H264.AC3-EVO.mkv (1080P)</sublink>				<sublink>searchhd</sublink>			</link>			<thumbnail>https://image.tmdb.org/t/p/w1280//y0uxSHaSFmt6XaBJgjkeLqe7aM.jpg</thumbnail>			<fanart>https://image.tmdb.org/t/p/w1280//9FdCHAV2YzndUR7tYWIq8O9uvVv.jpg</fanart>		</item>        <item>            <title>[COLOR orange]The Emperor's New Groove[/COLOR]</title>            <meta>                <imdb>tt0120917</imdb>                <content>movie</content>                <title>The Emperor's New Groove</title>                <year>2000</year>            </meta>            <link>                <sublink>searchhd</sublink>                <sublink>searchsd</sublink>            </link>            <thumbnail>https://image.tmdb.org/t/p/w1280/6c4dzX5Io2i9tP30ZRnrhwjsYt7.jpg</thumbnail>            <fanart>https://image.tmdb.org/t/p/w1280/wWzZUuvl17RU7rlPwTsG5y1wgxi.jpg</fanart>        </item>        <item>            <title>[COLOR red]The Fox and the Hound[/COLOR]</title>            <meta>                <imdb>tt0082406</imdb>                <content>movie</content>                <title>The Fox and the Hound</title>                <year>1981</year>            </meta>            <link>                <sublink>searchhd</sublink>                <sublink>searchsd</sublink>            </link>            <thumbnail>https://image.tmdb.org/t/p/w1280/hDXg3U4eCxuqvrb7BEDXj2tAsdK.jpg</thumbnail>            <fanart>https://image.tmdb.org/t/p/w1280/i6JYzuTiCDLF1gC3oufEalwJAQ9.jpg</fanart>        </item>        <item>            <title>[COLOR orange]The Great Mouse Detective[/COLOR]</title>            <meta>                <imdb>tt0091149</imdb>                <content>movie</content>                <title>The Great Mouse Detective</title>                <year>1986</year>            </meta>            <link>                <sublink>searchhd</sublink>                <sublink>searchsd</sublink>            </link>            <thumbnail>https://image.tmdb.org/t/p/w1280/7p2ekrptHyB2qPLwVkq7vvZL7mz.jpg</thumbnail>            <fanart>https://image.tmdb.org/t/p/w1280/A0enTetqBfL3UqLPyg0MONLQDXN.jpg</fanart>        </item>        <item>            <title>[COLOR red]The Hunchback of Notre Dame[/COLOR]</title>            <meta>                <imdb>tt0116583</imdb>                <content>movie</content>                <title>The Hunchback of Notre Dame</title>                <year>1996</year>            </meta>            <link>                <sublink>searchhd</sublink>                <sublink>searchsd</sublink>            </link>            <thumbnail>https://image.tmdb.org/t/p/w1280/gpMXF2Bp7GHTT8GbMgf7yuBEyuV.jpg</thumbnail>            <fanart>https://image.tmdb.org/t/p/w1280/cHada6eEf0hCOr25paU9YEt6N6l.jpg</fanart>        </item>        <item>            <title>[COLOR orange]The Jungle Book[/COLOR]</title>            <meta>                <imdb>tt0061852</imdb>                <content>movie</content>                <title>The Jungle Book</title>                <year>1967</year>            </meta>            <link>                <sublink>searchhd</sublink>                <sublink>searchsd</sublink>            </link>            <thumbnail>https://image.tmdb.org/t/p/w1280/1AreNcL9s24Qfghbzomy0IlzCFk.jpg</thumbnail>            <fanart>https://image.tmdb.org/t/p/w1280/pfSLaXhojt0cNU6lWRGxvbQ2HWi.jpg</fanart>        </item>        <item>            <title>[COLOR red]The Lion King[/COLOR]</title>            <meta>                <imdb>tt0110357</imdb>                <content>movie</content>                <title>The Lion King</title>                <year>1994</year>            </meta>            <link>                <sublink>searchhd</sublink>                <sublink>searchsd</sublink>            </link>            <thumbnail>https://image.tmdb.org/t/p/w1280/bKPtXn9n4M4s8vvZrbw40mYsefB.jpg</thumbnail>            <fanart>https://image.tmdb.org/t/p/w1280/6lL49SOgBtqiXMs7Y5HWBYH3X9Z.jpg</fanart>        </item>        <item>            <title>[COLOR orange]The Little Mermaid[/COLOR]</title>            <meta>                <imdb>tt0097757</imdb>                <content>movie</content>                <title>The Little Mermaid</title>                <year>1989</year>            </meta>            <link>                <sublink>searchhd</sublink>                <sublink>searchsd</sublink>            </link>            <thumbnail>https://image.tmdb.org/t/p/w1280/ivdzLXCVgPUyjphKbbB40z8FQp8.jpg</thumbnail>            <fanart>https://image.tmdb.org/t/p/w1280/h62PZCsfuiCD3JvkXmGqrUpnHJL.jpg</fanart>        </item>        <item>            <title>[COLOR red]The Princess and the Frog[/COLOR]</title>            <meta>                <imdb>tt0780521</imdb>                <content>movie</content>                <title>The Princess and the Frog</title>                <year>2009</year>            </meta>            <link>                <sublink>searchhd</sublink>                <sublink>searchsd</sublink>            </link>            <thumbnail>https://image.tmdb.org/t/p/w1280/bVRHirC6uIZL9VtRqYRxdedYnOG.jpg</thumbnail>            <fanart>https://image.tmdb.org/t/p/w1280/1lwFk4K21cx0QIdmVDDF1qyLmTm.jpg</fanart>        </item>        <item>            <title>[COLOR orange]The Rescuers[/COLOR]</title>            <meta>                <imdb>tt0076618</imdb>                <content>movie</content>                <title>The Rescuers</title>                <year>1977</year>            </meta>            <link>                <sublink>searchhd</sublink>                <sublink>searchsd</sublink>            </link>            <thumbnail>https://image.tmdb.org/t/p/w1280/gCJuDViPCEuHVmoZUvhOj1jyqfV.jpg</thumbnail>            <fanart>https://image.tmdb.org/t/p/w1280/8kVDTCCrcN2twIJZpkTNfG3df85.jpg</fanart>        </item>        <item>            <title>[COLOR red]The Rescuers Down Under[/COLOR]</title>            <meta>                <imdb>tt0100477</imdb>                <content>movie</content>                <title>The Rescuers Down Under</title>                <year>1990</year>            </meta>            <link>                <sublink>searchhd</sublink>                <sublink>searchsd</sublink>            </link>            <thumbnail>https://image.tmdb.org/t/p/w1280/mpIIgBqdthvx2oVwiCFHZhOUOuv.jpg</thumbnail>            <fanart>https://image.tmdb.org/t/p/w1280/jCbLi7MXY7mO22WO6dVta2fCPmV.jpg</fanart>        </item>        <item>            <title>[COLOR orange]The Sword in the Stone[/COLOR]</title>            <meta>                <imdb>tt0057546</imdb>                <content>movie</content>                <title>The Sword in the Stone</title>                <year>1963</year>            </meta>            <link>                <sublink>searchhd</sublink>                <sublink>searchsd</sublink>            </link>            <thumbnail>https://image.tmdb.org/t/p/w1280/wZyRYmYrAWNiFhXohp4Ly8svpJH.jpg</thumbnail>            <fanart>https://image.tmdb.org/t/p/w1280/nFM5i0ur7XstB9WvvkPX6QGPq86.jpg</fanart>        </item>        <item>            <title>[COLOR red]The Three Caballeros[/COLOR]</title>            <meta>                <imdb>none</imdb>                <content>movie</content>                <title>The Three Caballeros</title>                <year>1944</year>            </meta>            <link>                <sublink>searchhd</sublink>                <sublink>searchsd</sublink>            </link>            <thumbnail>https://image.tmdb.org/t/p/w1280/4cejsYPl5u9k9PY5WvIo62UdvZP.jpg</thumbnail>            <fanart>https://image.tmdb.org/t/p/w1280/s0lw0bouIMYwuJhz0bDUA0ucab0.jpg</fanart>        </item>		<item>			<title>The Wishing Forest</title>			<meta>				<imdb>tt8049858</imdb>				<content>movie</content>				<title>The Wishing Forest</title>				<year>2018</year>			</meta>			<link>				<sublink>https://rapidgator.net/file/04b8779f8e24b32cfe793e21fcd1bb2c (1080P Real Debrid)</sublink>				<sublink>https://rapidgator.net/file/559289d21c40c362bdb0c6d90077e7d9/gua-g-n-1080p.mkv.html (1080P Real Debrid)</sublink>                <sublink>searchhd</sublink>			</link>			<thumbnail>https://image.tmdb.org/t/p/w1280//yHP76nyVEhQ01JTFc6F7TtgCp4a.jpg</thumbnail>		</item>        <item>            <title>[COLOR orange]Treasure Planet[/COLOR]</title>            <meta>                <imdb>tt0133240</imdb>                <content>movie</content>                <title>Treasure Planet</title>                <year>2002</year>            </meta>            <link>                <sublink>searchhd</sublink>                <sublink>searchsd</sublink>            </link>            <thumbnail>https://image.tmdb.org/t/p/w1280/yfcoA7q9n852yVnYa0VcAchgA72.jpg</thumbnail>            <fanart>https://image.tmdb.org/t/p/w1280/3HVvtFm9NvOfn1u3yfeEugh2ZWj.jpg</fanart>        </item>        <item>            <title>[COLOR red]Winnie the Pooh[/COLOR]</title>            <meta>                <imdb>tt1449283</imdb>                <content>movie</content>                <title>Winnie the Pooh</title>                <year>2011</year>            </meta>            <link>                <sublink>searchhd</sublink>                <sublink>searchsd</sublink>            </link>            <thumbnail>https://image.tmdb.org/t/p/w1280/dD3IiGBPHeuqiNsvbmR2vcNMqt4.jpg</thumbnail>            <fanart>https://image.tmdb.org/t/p/w1280/7FZJz63TtQtF9Jlz36N2YjhODD6.jpg</fanart>        </item>        <item>            <title>[COLOR orange]Wreck-It Ralph[/COLOR]</title>            <meta>                <imdb>tt1772341</imdb>                <content>movie</content>                <title>Wreck-It Ralph</title>                <year>2012</year>            </meta>            <link>                <sublink>searchhd</sublink>                <sublink>searchsd</sublink>            </link>            <thumbnail>https://image.tmdb.org/t/p/w1280/emJc3atQsh2vnTgogQiyDIHKKPB.jpg</thumbnail>            <fanart>https://image.tmdb.org/t/p/w1280/3M1DzBDrkZQ5y0QE8TXqELCJJP9.jpg</fanart>        </item>    </wannabe></dipshit>