<arrakis>
    <cmain>
        <dir>
            <title>Christmas Family Movies</title>
            <link>file://moviemania/tts/cfamilymovies.xml</link>
            <thumbnail>special://home/addons/plugin.video.arrakis/resources/media/tts/christmas.png</thumbnail>
        </dir>

        <dir>
            <title>Christmas Cartoon Movies</title>
            <link>file://moviemania/tts/ccartoonmovies.xml</link>
            <thumbnail>special://home/addons/plugin.video.arrakis/resources/media/tts/christmas.png</thumbnail>
        </dir>

        <dir>
            <title>Network Specials</title>
            <link>file://moviemania/tts/cnetwork.xml</link>
            <thumbnail>special://home/addons/plugin.video.arrakis/resources/media/tts/christmas.png</thumbnail>
        </dir>

        <dir>
            <title>Adult Christmas Movies</title>
            <link>file://moviemania/tts/cadult.xml</link>
            <thumbnail>special://home/addons/plugin.video.arrakis/resources/media/tts/christmas.png</thumbnail>
        </dir>
    </cmain>
</arrakis>