<arrakis>
    <main>
        <dir>
            <name>Atrain's Picks</name>
            <link>file://moviemania/tts/atrainspicks.xml</link>
            <thumbnail>special://home/addons/plugin.video.arrakis/resources/media/tts/atrain.png</thumbnail>
        </dir>

        <dir>
            <name>Christmas</name>
            <link>file://moviemania/tts/cmain.xml</link>
            <thumbnail>special://home/addons/plugin.video.arrakis/resources/media/tts/christmas.png</thumbnail>
        </dir>

        <dir>
            <title>Easter</title>
            <link>file://moviemania/tts/easter.xml</link>
            <thumbnail>special://home/addons/plugin.video.arrakis/resources/media/tts/easter.png</thumbnail>
        </dir>  

        <dir>
            <title>Earth Day</title>
            <link>file://moviemania/tts/earth.xml</link>
            <thumbnail>special://home/addons/plugin.video.arrakis/resources/media/tts/earthday.png</thumbnail>
        </dir> 

        <dir>
            <title>Father's Day</title>
            <link>file://moviemania/tts/father.xml</link>
            <thumbnail>special://home/addons/plugin.video.arrakis/resources/media/tts/fathersday.png</thumbnail>
        </dir>

        <dir>
            <name>Halloween</name>
            <link>file://moviemania/tts/hmain.xml</link>
            <thumbnail>special://home/addons/plugin.video.arrakis/resources/media/tts/halloween.png</thumbnail>
        </dir>

        <dir>
            <title>Independence Day</title>
            <link>file://moviemania/tts/iday.xml</link>
            <thumbnail>special://home/addons/plugin.video.arrakis/resources/media/tts/independanceday.png</thumbnail>
        </dir> 

        <dir>
            <title>Labor Day</title>
            <link>file://moviemania/tts/lday.xml</link>
            <thumbnail>special://home/addons/plugin.video.arrakis/resources/media/tts/laborday.png</thumbnail>
        </dir>    

        <dir>
            <title>Mother's Day</title>
            <link>file://moviemania/tts/mother.xml</link>
            <thumbnail>special://home/addons/plugin.video.arrakis/resources/media/tts/mothersday.png</thumbnail>
        </dir>  

        <dir>
            <name>Memorial Day</name>
            <link>file://moviemania/tts/mmain.xml</link>
            <thumbnail>special://home/addons/plugin.video.arrakis/resources/media/tts/memorialday.png</thumbnail>
        </dir>

        <dir>
            <title>New Year</title>
            <link>file://moviemania/tts/newyear.xml</link>
            <thumbnail>special://home/addons/plugin.video.arrakis/resources/media/tts/newyearsday.png</thumbnail>
        </dir>

        <dir>
            <title>President's Day</title>
            <link>file://moviemania/tts/pday.xml</link>
            <thumbnail>special://home/addons/plugin.video.arrakis/resources/media/tts/presidentsday.png</thumbnail>
        </dir>

        <dir>
            <title>Saint Patrick's Day</title>
            <link>file://moviemania/tts/spd.xml</link>
            <thumbnail>special://home/addons/plugin.video.arrakis/resources/media/tts/stpatricksday.png</thumbnail>
        </dir>

        <dir>
            <title>Thanksgiving</title>
            <link>file://moviemania/tts/turkey.xml</link>
            <thumbnail>special://home/addons/plugin.video.arrakis/resources/media/tts/thanksgiving.png</thumbnail>
        </dir>

        <dir>
            <name>Veterans Day</name>
            <link>file://moviemania/tts/veteran.xml</link>
            <thumbnail>special://home/addons/plugin.video.arrakis/resources/media/tts/veteransday.png</thumbnail>
        </dir>

        <dir>
            <name>Valentines Day</name>
            <link>file://moviemania/tts/valentines.xml</link>
            <thumbnail>special://home/addons/plugin.video.arrakis/resources/media/tts/valentinesday.png</thumbnail>
        </dir>
    </main>
</arrakis>