<dir>
<title>[COLORyellow]The Simpsons TV Shows[/COLOR]</title>
<tmdb>list/47076</tmdb>
<thumbnail>https://i.imgur.com/w17V1dm.jpg</thumbnail>
<fanart>https://i.imgur.com/lM9rPTX.jpg</fanart>
</dir>

<dir>
<title>[COLORwhite]The Simpsons Movies[/COLOR]</title>
<tmdb>list/47075</tmdb>
<thumbnail>https://i.imgur.com/20I33DB.jpg</thumbnail>
<fanart>https://i.imgur.com/lM9rPTX.jpg</fanart>
</dir>

<item>
	<title>[COLORwhite]The Simpsons Movie[/COLOR]</title>
	<meta>
		<imdb/>
		<content>movie</content>
		<title>The Simpsons Movie</title>
		<year>2007</year>
	</meta>
	<link>
		<sublink>http://avadl.uploadet.ir/Movie/2016/11/The%20Simpsons%20Movie%20%282007%29%20BrRip%201080p%20x265%2010bit_AVADL.BiZ.mkv</sublink>
		<sublink>https://openload.co/f/PA7sG8rt3i0</sublink>
		<sublink>https://openload.co/f/7Rn1yAZNpt0</sublink>
		<sublink>https://openload.co/f/32MZaom68H8</sublink>
		<sublink>https://openload.co/f/92iaizegd6c/%5Bopenloadtv.com%5D_The_Simpsons_Movie_-_Full.jq8p3.mp4</sublink>
		<sublink>https://openload.co/f/LvvVFZ_gOSA</sublink>
		<sublink>https://estream.to/gv4lvrcifne5.html</sublink>
		<sublink>http://vshare.eu/0yrdkbtjftjh.htm</sublink>
		<sublink>http://vidzi.tv/cmr68rsv8y9f.html</sublink>
	</link>
	<thumbnail>https://image.tmdb.org/t/p/w1280//eCytnEriVur3rT47NWfkgPXD9qs.jpg</thumbnail>
	<fanart>https://image.tmdb.org/t/p/w1280//gMjtdTP6HIi7CDilqXwnX8vouxO.jpg</fanart>
</item>