<dipshit>
    <wannabe>
		<item>
			<title>Dadnapped (2009)</title>
			<meta>
				<content>movie</content>
				<imdb>tt1090750</imdb>
				<title>Dadnapped</title>
				<year>TV Movie</year>
			</meta>
			<link>
				<sublink>searchhd</sublink>
				<sublink>searchsd</sublink>
			</link>
			<thumbnail>https://image.tmdb.org/t/p/w1280/52nlAdAO3WJ47gQ91FlJmY6pEon.jpg</thumbnail>
			<fanart>https://image.tmdb.org/t/p/w1280/gsZBG5C5wJIhMqUrMwiRAhDgcBr.jpg</fanart>
		</item>
		<item>
			<title>Davy Crockett: King of the Wild Frontier (1955)</title>
			<meta>
				<content>movie</content>
				<imdb>tt0047977</imdb>
				<title>Davy Crockett: King of the Wild Frontier</title>
				<year>1955</year>
			</meta>
			<link>
				<sublink>searchhd</sublink>
				<sublink>searchsd</sublink>
			</link>
			<thumbnail>https://image.tmdb.org/t/p/w1280/116pwuzAGuaH8mXM1lwebbvW4Po.jpg</thumbnail>
			<fanart>https://image.tmdb.org/t/p/w1280/szjjXD6f4FjIXd5lbelBoT7oRvi.jpg</fanart>
		</item>
		<item>
			<title>Despicable Me (2010)</title>
			<meta>
				<content>movie</content>
				<imdb>tt1323594</imdb>
				<title>Despicable Me</title>
				<year>2010</year>
			</meta>
			<link>
				<sublink>searchhd</sublink>
				<sublink>searchsd</sublink>
			</link>
			<thumbnail>https://image.tmdb.org/t/p/w1280/4zHJhBSY4kNZXfhTlmy2TzXD51M.jpg</thumbnail>
			<fanart>https://image.tmdb.org/t/p/w1280/yo1ef57MEPkEE4BDZKTZGH9uDcX.jpg</fanart>
		</item>
		<item>
			<title>Despicable Me 2 (2013)</title>
			<meta>
				<content>movie</content>
				<imdb>tt1690953</imdb>
				<title>Despicable Me 2</title>
				<year>2013</year>
			</meta>
			<link>
				<sublink>searchhd</sublink>
				<sublink>searchsd</sublink>
			</link>
			<thumbnail>https://image.tmdb.org/t/p/w1280/kQrYyZQHkwkUg2KlUDyvymj9FAp.jpg</thumbnail>
			<fanart>https://image.tmdb.org/t/p/w1280/rmgxcw8tGTmdhsWqdjGBS9uI1tO.jpg</fanart>
		</item>
		<item>
			<title>Despicable Me 3 (2017)</title>
			<meta>
				<content>movie</content>
				<imdb>tt3469046</imdb>
				<title>Despicable Me 3</title>
				<year>2017</year>
			</meta>
			<link>
				<sublink>searchhd</sublink>
				<sublink>searchsd</sublink>
			</link>
			<thumbnail>https://image.tmdb.org/t/p/w1280/6t3YWl7hrr88lCEFlGVqW5yV99R.jpg</thumbnail>
			<fanart>https://image.tmdb.org/t/p/w1280/ftRkFtAGuHngHnLiOxktq0aCVMF.jpg</fanart>
		</item>
		<item>
			<title>Diary of a Wimpy Kid (2010)</title>
			<meta>
				<content>movie</content>
				<imdb>tt1196141</imdb>
				<title>Diary of a Wimpy Kid</title>
				<year>2010</year>
			</meta>
			<link>
				<sublink>searchhd</sublink>
				<sublink>searchsd</sublink>
			</link>
			<thumbnail>https://image.tmdb.org/t/p/w1280/tyGsEW5Aiusr7qKKLITPfVFCmW.jpg</thumbnail>
			<fanart>https://image.tmdb.org/t/p/w1280/ag3LIUYCclnXltzoVZX3nPKmQt7.jpg</fanart>
		</item>
		<item>
			<title>Dick Tracy (1990)</title>
			<meta>
				<content>movie</content>
				<imdb>tt0099422</imdb>
				<title>Dick Tracy</title>
				<year>1990</year>
			</meta>
			<link>
				<sublink>searchhd</sublink>
				<sublink>searchsd</sublink>
			</link>
			<thumbnail>https://image.tmdb.org/t/p/w1280/4UfKEGnj9jPWV11LNKBXTgge3We.jpg</thumbnail>
			<fanart>https://image.tmdb.org/t/p/w1280/m6ciWmewDXT9vvb0ogLiuKhE7H.jpg</fanart>
		</item>
		<item>
			<title>Dinosaur (2000)</title>
			<meta>
				<content>movie</content>
				<imdb>tt0130623</imdb>
				<title>Dinosaur</title>
				<year>2000</year>
			</meta>
			<link>
				<sublink>searchhd</sublink>
				<sublink>searchsd</sublink>
			</link>
			<thumbnail>https://image.tmdb.org/t/p/w1280/jZDp3C5howi40aCeqXDJliodXk9.jpg</thumbnail>
			<fanart>https://image.tmdb.org/t/p/w1280/LT2796bodQIvIV50KcyrsIkq6r.jpg</fanart>
		</item>
		<item>
			<title>Don't Look Under the Bed (1999 TV Movie)</title>
			<meta>
				<content>movie</content>
				<imdb>tt0208101</imdb>
				<title>Don't Look Under the Bed</title>
				<year>1999 TV Movie</year>
			</meta>
			<link>
				<sublink>searchhd</sublink>
				<sublink>searchsd</sublink>
			</link>
			<thumbnail>https://image.tmdb.org/t/p/w1280/qdHgzOGN6ESn9oFnWmDzEuIRDhX.jpg</thumbnail>
			<fanart>https://image.tmdb.org/t/p/w1280/s4DalYcyyjfz1tSOP6UQDlzeeZO.jpg</fanart>
		</item>
		<item>
			<title>Donald's Lucky Day (1939)</title>
			<meta>
				<content>movie</content>
				<imdb>tt0031242</imdb>
				<title>Donald's Lucky Day</title>
				<year>1939</year>
			</meta>
			<link>
				<sublink>searchhd</sublink>
				<sublink>searchsd</sublink>
			</link>
			<thumbnail>https://image.tmdb.org/t/p/w1280/fkbnTVZ4uIPQBbxpOAWP6Qs8uOs.jpg</thumbnail>
			<fanart>https://image.tmdb.org/t/p/w1280/bJxxhsBkn9KufhbWTmfdDPtyIRS.jpg</fanart>
		</item>
		<item>
			<title>Dragon Ball Z: Doragon - Kami to Kami (2013)</title>
			<meta>
				<content>movie</content>
				<imdb>tt2263944</imdb>
				<title>Dragon Ball Z: Doragon - Kami to Kami</title>
				<year>2013</year>
			</meta>
			<link>
				<sublink>searchhd</sublink>
				<sublink>searchsd</sublink>
			</link>
			<thumbnail>https://image.tmdb.org/t/p/w1280/xI5LlCzSkp8iFSbmla0Dh4iT5ie.jpg</thumbnail>
			<fanart>https://image.tmdb.org/t/p/w1280/eVrW2OF0vulxB2tnsJEt4oCDXVl.jpg</fanart>
		</item>
		<item>
			<title>Dragon Ball Z: Doragon - Resurrection 'F' (2015)</title>
			<meta>
				<content>movie</content>
				<imdb>tt3819668</imdb>
				<title>Dragon Ball Z: Doragon - Resurrection 'F'</title>
				<year>2015</year>
			</meta>
			<link>
				<sublink>searchhd</sublink>
				<sublink>searchsd</sublink>
			</link>
			<thumbnail>https://image.tmdb.org/t/p/w1280/uYgE4QiNEDNbYTthVH5MJuCIBsX.jpg</thumbnail>
			<fanart>https://image.tmdb.org/t/p/w1280/j98rDMOFD7iWdFV4JMFinq3UMj2.jpg</fanart>
		</item>
		<item>
			<title>Dragonslayer (1981)</title>
			<meta>
				<content>movie</content>
				<imdb>tt0082288</imdb>
				<title>Dragonslayer</title>
				<year>1981</year>
			</meta>
			<link>
				<sublink>searchhd</sublink>
				<sublink>searchsd</sublink>
			</link>
			<thumbnail>https://image.tmdb.org/t/p/w1280/tceaiNtwktGKzw4AIrZ2Hz6iK9u.jpg</thumbnail>
			<fanart>https://image.tmdb.org/t/p/w1280/6fsTmiVUDKHj303iQoyBd0NT8OP.jpg</fanart>
		</item>
		<item>
			<title>DuckTales the Movie: Treasure of the Lost Lamp (1990)</title>
			<meta>
				<content>movie</content>
				<imdb>tt0099472</imdb>
				<title>DuckTales the Movie: Treasure of the Lost Lamp</title>
				<year>1990</year>
			</meta>
			<link>
				<sublink>searchhd</sublink>
				<sublink>searchsd</sublink>
			</link>
			<thumbnail>https://image.tmdb.org/t/p/w1280/dPikP4LLcw2JV2LSBKKVtcl5d4v.jpg</thumbnail>
			<fanart>https://image.tmdb.org/t/p/w1280/k0DpC04G7tHanxDGdNksxvSH63A.jpg</fanart>
		</item>
		<item>
			<title>Dumbo (1941)</title>
			<meta>
				<content>movie</content>
				<imdb>tt0033563</imdb>
				<title>Dumbo</title>
				<year>1941</year>
			</meta>
			<link>
				<sublink>searchhd</sublink>
				<sublink>searchsd</sublink>
			</link>
			<thumbnail>https://image.tmdb.org/t/p/w1280/r5IqhwZ61OuKlsyDwvXWyWQZK30.jpg</thumbnail>
			<fanart>https://image.tmdb.org/t/p/w1280/sa5vHfu5n4NFqZbVf2hzqGr6bim.jpg</fanart>
		</item>
		<item>
			<title>Epic (2013)</title>
			<meta>
				<content>movie</content>
				<imdb>tt0848537</imdb>
				<title>Epic</title>
				<year>2013</year>
			</meta>
			<link>
				<sublink>searchhd</sublink>
				<sublink>searchsd</sublink>
			</link>
			<thumbnail>https://image.tmdb.org/t/p/w1280/dUeXOJCpfWmZd9KaPkq2122J1ji.jpg</thumbnail>
			<fanart>https://image.tmdb.org/t/p/w1280/v6w2o3ji8aVLph6zNgR5yDGQfmS.jpg</fanart>
		</item>
		<item>
			<title>E.T. the Extra-Terrestrial (1982)</title>
			<meta>
				<content>movie</content>
				<imdb>tt0083866</imdb>
				<title>E.T. the Extra-Terrestrial</title>
				<year>1982</year>
			</meta>
			<link>
				<sublink>searchhd</sublink>
				<sublink>searchsd</sublink>
			</link>
			<thumbnail>https://image.tmdb.org/t/p/w1280/8htLKK03TJjKZOXJgihZCu8v0P.jpg</thumbnail>
			<fanart>https://image.tmdb.org/t/p/w1280/mXLVA0YL6tcXi6SJSuAh9ONXFj5.jpg</fanart>
		</item>
		<item>
			<title>Ed Wood (1994)</title>
			<meta>
				<content>movie</content>
				<imdb>tt0109707</imdb>
				<title>Ed Wood</title>
				<year>1994</year>
			</meta>
			<link>
				<sublink>searchhd</sublink>
				<sublink>searchsd</sublink>
			</link>
			<thumbnail>https://image.tmdb.org/t/p/w1280/9qBe2sUDyY2dFH1iHq0SZb1G4QG.jpg</thumbnail>
			<fanart>https://image.tmdb.org/t/p/w1280/6zSU6K7q4zntC8vgrvpoUM66eQl.jpg</fanart>
		</item>
		<item>
			<title>Egyptian Melodies (1931)</title>
			<meta>
				<content>movie</content>
				<imdb>tt0021831</imdb>
				<title>Egyptian Melodies</title>
				<year>1931</year>
			</meta>
			<link>
				<sublink>searchhd</sublink>
				<sublink>searchsd</sublink>
			</link>
			<thumbnail>https://image.tmdb.org/t/p/w1280/b6ZVzZ92KmyztrD39FUDzmIhuxT.jpg</thumbnail>
			<fanart>https://image.tmdb.org/t/p/w1280/wcViQ3GJMP2KvYNIXjrC5DASIJ6.jpg</fanart>
		</item>
		<item>
			<title>Enchanted (2007)</title>
			<meta>
				<content>movie</content>
				<imdb>tt0461770</imdb>
				<title>Enchanted</title>
				<year>2007</year>
			</meta>
			<link>
				<sublink>searchhd</sublink>
				<sublink>searchsd</sublink>
			</link>
			<thumbnail>https://image.tmdb.org/t/p/w1280/65EfHNQ6NCeAoRPNLRhTyLqNZmU.jpg</thumbnail>
			<fanart>https://image.tmdb.org/t/p/w1280/9l5Nzo1qbEslfCu2NYWimpZ1Vkc.jpg</fanart>
		</item>
		<item>
			<title>Ernest Goes to Camp (1987)</title>
			<meta>
				<content>movie</content>
				<imdb>tt0092974</imdb>
				<title>Ernest Goes to Camp</title>
				<year>1987</year>
			</meta>
			<link>
				<sublink>searchhd</sublink>
				<sublink>searchsd</sublink>
			</link>
			<thumbnail>https://image.tmdb.org/t/p/w1280/dPgriKpEFld6FNSFsRWvNg53MY.jpg</thumbnail>
			<fanart>https://image.tmdb.org/t/p/w1280/zaGpUYcGCILfDSUmVydK2bqiqHL.jpg</fanart>
		</item>
		<item>
			<title>Ethel & Ernest (2016)</title>
			<meta>
				<content>movie</content>
				<imdb>tt1725969</imdb>
				<title>Ethel & Ernest</title>
				<year>2016</year>
			</meta>
			<link>
				<sublink>searchhd</sublink>
				<sublink>searchsd</sublink>
			</link>
			<thumbnail>https://image.tmdb.org/t/p/w1280/dPkyvcwxPuNPLYIzWbCU0va07Ux.jpg</thumbnail>
			<fanart>https://image.tmdb.org/t/p/w1280/1UnaatsNjae0lICfmT7LQBiIyE.jpg</fanart>
		</item>
		<item>
			<title>Explorers (1985)</title>
			<meta>
				<content>movie</content>
				<imdb>tt0089114</imdb>
				<title>Explorers</title>
				<year>1985</year>
			</meta>
			<link>
				<sublink>searchhd</sublink>
				<sublink>searchsd</sublink>
			</link>
			<thumbnail>https://image.tmdb.org/t/p/w1280/bvvZKGyD30S4smjRVqikGe8ICFa.jpg</thumbnail>
			<fanart>https://image.tmdb.org/t/p/w1280/pvCL9pM86h2WWQZU1WwEGhd4AvI.jpg</fanart>
		</item>
		<item>
			<title>Fantasia (1940)</title>
			<meta>
				<content>movie</content>
				<imdb>tt0032455</imdb>
				<title>Fantasia</title>
				<year>1940</year>
			</meta>
			<link>
				<sublink>searchhd</sublink>
				<sublink>searchsd</sublink>
			</link>
			<thumbnail>https://image.tmdb.org/t/p/w1280/mSJgxrTaTgDSOoggIPcj3ZoZswT.jpg</thumbnail>
			<fanart>https://image.tmdb.org/t/p/w1280/oZBj2o3JVULRe1SlBalBpnkfp6x.jpg</fanart>
		</item>
		<item>
			<title>Fantasia 2000 (1999)</title>
			<meta>
				<content>movie</content>
				<imdb>tt0120910</imdb>
				<title>Fantasia 2000</title>
				<year>1999</year>
			</meta>
			<link>
				<sublink>searchhd</sublink>
				<sublink>searchsd</sublink>
			</link>
			<thumbnail>https://image.tmdb.org/t/p/w1280/rlsJxzIU5KEeNzvsWeDkdKry1Z1.jpg</thumbnail>
			<fanart>https://image.tmdb.org/t/p/w1280/vUQjup0AO21xZjmbzW1CjoB74vi.jpg</fanart>
		</item>
		<item>
			<title>Fantastic Mr. Fox (2009)</title>
			<meta>
				<content>movie</content>
				<imdb>tt0432283</imdb>
				<title>Fantastic Mr. Fox</title>
				<year>2009</year>
			</meta>
			<link>
				<sublink>searchhd</sublink>
				<sublink>searchsd</sublink>
			</link>
			<thumbnail>https://image.tmdb.org/t/p/w1280/750pfEttsYAVmynRg2vmt1AXh4q.jpg</thumbnail>
			<fanart>https://image.tmdb.org/t/p/w1280/uxQ1n8yLqRZgnrimiBXJ5rsaa.jpg</fanart>
		</item>
		<item>
			<title>FernGully: The Last Rainforest (1992)</title>
			<meta>
				<content>movie</content>
				<imdb>tt0104254</imdb>
				<title>FernGully: The Last Rainforest</title>
				<year>1992</year>
			</meta>
			<link>
				<sublink>searchhd</sublink>
				<sublink>searchsd</sublink>
			</link>
			<thumbnail>https://image.tmdb.org/t/p/w1280/gU2TbLTJ2s0aL5OsPuYQgZR8y3A.jpg</thumbnail>
			<fanart>https://image.tmdb.org/t/p/w1280/aZxUgA9WV4pdjwtY9TtukD6EsoG.jpg</fanart>
		</item>
		<item>
			<title>Finding Dory (2016)</title>
			<meta>
				<content>movie</content>
				<imdb>tt2277860</imdb>
				<title>Finding Dory</title>
				<year>2016</year>
			</meta>
			<link>
				<sublink>searchhd</sublink>
				<sublink>searchsd</sublink>
			</link>
			<thumbnail>https://image.tmdb.org/t/p/w1280/z09QAf8WbZncbitewNk6lKYMZsh.jpg</thumbnail>
			<fanart>https://image.tmdb.org/t/p/w1280/3iSCdXjDmY3DuEOUYsElu35vQU6.jpg</fanart>
		</item>
		<item>
			<title>Finding Nemo (2003)</title>
			<meta>
				<content>movie</content>
				<imdb>tt0266543</imdb>
				<title>Finding Nemo</title>
				<year>2003</year>
			</meta>
			<link>
				<sublink>searchhd</sublink>
				<sublink>searchsd</sublink>
			</link>
			<thumbnail>https://image.tmdb.org/t/p/w1280/syPWyeeqzTQIxjIUaIFI7d0TyEY.jpg</thumbnail>
			<fanart>https://image.tmdb.org/t/p/w1280/n2vIGWw4ezslXjlP0VNxkp9wqwU.jpg</fanart>
		</item>
		<item>
			<title>Flight of the Navigator (1986)</title>
			<meta>
				<content>movie</content>
				<imdb>tt0091059</imdb>
				<title>Flight of the Navigator</title>
				<year>1986</year>
			</meta>
			<link>
				<sublink>searchhd</sublink>
				<sublink>searchsd</sublink>
			</link>
			<thumbnail>https://image.tmdb.org/t/p/w1280/69kD2bpkwSadpN30JB9vJrlz8HW.jpg</thumbnail>
			<fanart>https://image.tmdb.org/t/p/w1280/frQ7WuW595dispaIW66SYmzKasG.jpg</fanart>
		</item>
        <item>
            <title>[COLOR red]Flushed Away[/COLOR]</title>
            <meta>
                <imdb>tt0424095</imdb>
                <content>movie</content>
                <title>Flushed Away</title>
                <year>2006</year>
            </meta>
            <link>
                <sublink>searchhd</sublink>
                <sublink>searchsd</sublink>
            </link>
            <thumbnail>https://image.tmdb.org/t/p/w1280/oCdPDusnJvIZN6OpaF2Yj7211w.jpg</thumbnail>
            <fanart>https://image.tmdb.org/t/p/w1280/7gvhqD2l8T6qKlD0ec4nysh077y.jpg</fanart>
        </item>
		<item>
			<title>For the Birds (2000)</title>
			<meta>
				<content>movie</content>
				<imdb>tt0248808</imdb>
				<title>For the Birds</title>
				<year>2000</year>
			</meta>
			<link>
				<sublink>searchhd</sublink>
				<sublink>searchsd</sublink>
			</link>
			<thumbnail>https://image.tmdb.org/t/p/w1280/gQAQCMFN4NrA1XesPZ7TepVsOus.jpg</thumbnail>
			<fanart>https://image.tmdb.org/t/p/w1280/pCshecgO5A15qURScLMqFtyPer4.jpg</fanart>
		</item>
        <item>
            <title>[COLOR gold]Frozen[/COLOR]</title>
            <meta>
                <imdb>tt2294629</imdb>
                <content>movie</content>
                <title>Frozen</title>
                <year>2013</year>
            </meta>
            <link>
                <sublink>searchhd</sublink>
                <sublink>searchsd</sublink>
            </link>
            <thumbnail>https://image.tmdb.org/t/p/w1280/jIjdFXKUNtdf1bwqMrhearpyjMj.jpg</thumbnail>
            <fanart>https://image.tmdb.org/t/p/w1280/cAhCDpAq80QCeQvHytY9JkBalpH.jpg</fanart>
        </item>
		<item>
			<title>Frankenweenie (2012)</title>
			<meta>
				<content>movie</content>
				<imdb>tt1142977</imdb>
				<title>Frankenweenie</title>
				<year>2012</year>
			</meta>
			<link>
				<sublink>searchhd</sublink>
				<sublink>searchsd</sublink>
			</link>
			<thumbnail>https://image.tmdb.org/t/p/w1280/ssMQ5Q9qyJM6sHnjoghoHlOVOO5.jpg</thumbnail>
			<fanart>https://image.tmdb.org/t/p/w1280/dpkyNq8jBU7tR6n5sEd4Ep61EOP.jpg</fanart>
		</item>
		<item>
			<title>Frankenweenie (1984)</title>
			<meta>
				<content>movie</content>
				<imdb>tt0087291</imdb>
				<title>Frankenweenie</title>
				<year>1984</year>
			</meta>
			<link>
				<sublink>searchhd</sublink>
				<sublink>searchsd</sublink>
			</link>
			<thumbnail>https://image.tmdb.org/t/p/w1280/yVaibhNTphPgxdEWfuvtELgxePt.jpg</thumbnail>
			<fanart>https://image.tmdb.org/t/p/w1280/imBvp7F1MfRiahHgd1PhseE6xlh.jpg</fanart>
		</item>
		<item>
			<title>Freaky Friday (2003)</title>
			<meta>
				<content>movie</content>
				<imdb>tt0322330</imdb>
				<title>Freaky Friday</title>
				<year>2003</year>
			</meta>
			<link>
				<sublink>searchhd</sublink>
				<sublink>searchsd</sublink>
			</link>
			<thumbnail>https://image.tmdb.org/t/p/w1280/fBtYKVgpGNoUsmRGy7rLjIQsmpf.jpg</thumbnail>
			<fanart>https://image.tmdb.org/t/p/w1280/w6TR7kTsKmlBYps2i5hzoukBLCn.jpg</fanart>
		</item>
		<item>
			<title>Free Willy (1993)</title>
			<meta>
				<content>movie</content>
				<imdb>tt0106965</imdb>
				<title>Free Willy</title>
				<year>1993</year>
			</meta>
			<link>
				<sublink>searchhd</sublink>
				<sublink>searchsd</sublink>
			</link>
			<thumbnail>https://image.tmdb.org/t/p/w1280/vIjiTSNA52VGGP9eeegNaMKXNhf.jpg</thumbnail>
			<fanart>https://image.tmdb.org/t/p/w1280/wSzL3pEuraPtMBuAEmeSezQBKRu.jpg</fanart>
		</item>
        <item>
            <title>[COLOR red]Fun and Fancy Free[/COLOR]</title>
            <meta>
                <imdb>tt0039404</imdb>
                <content>movie</content>
                <title>Fun and Fancy Free</title>
                <year>1947</year>
            </meta>
            <link>
                <sublink>searchhd</sublink>
                <sublink>searchsd</sublink>
            </link>
            <thumbnail>https://image.tmdb.org/t/p/w1280/1OuUZOWCSwPSxkZZeArFSA01LlV.jpg</thumbnail>
            <fanart>https://image.tmdb.org/t/p/w1280/yo4MHt1UTdOOMw3pkVagaMXD7i.jpg</fanart>
        </item>
    </wannabe>
</dipshit>