######################################################
<poster>Trakt Portal</poster>
<thumbnail></thumbnail>
<fanart>https://i.imgur.com/zEaS69Ol.png</fanart>
######################################################

<dir>
    <title>Authorize Your Trakt</title>
    <trakt>https://api.trakt.tv/users/me/lists/</trakt>
    <thumbnail>https://i.imgur.com/oyGOa3Vl.jpg</thumbnail>
    <fanart>https://i.imgur.com/zEaS69Ol.png</fanart>
</dir>

<dir>
    <title>My Movie Collection</title>
    <trakt>https://api.trakt.tv/sync/collection/movies</trakt>
    <thumbnail>https://i.imgur.com/oyGOa3Vl.jpg</thumbnail>
    <fanart>https://i.imgur.com/zEaS69Ol.png</fanart>
</dir>

<dir>
    <title>My TV Collection</title>
    <trakt>https://api.trakt.tv/sync/collection/shows</trakt>
    <thumbnail>https://i.imgur.com/oyGOa3Vl.jpg</thumbnail>
    <fanart>https://i.imgur.com/zEaS69Ol.png</fanart>
</dir>

<dir>
    <title>My Movie Watchlist</title>
    <trakt>https://api.trakt.tv/sync/watchlist/shows</trakt>
    <thumbnail>https://i.imgur.com/oyGOa3Vl.jpg</thumbnail>
    <fanart>https://i.imgur.com/zEaS69Ol.png</fanart>
</dir>

<dir>
    <title>My TV Watchlist</title>
    <trakt>https://api.trakt.tv/sync/watchlist/shows</trakt>
    <thumbnail>https://i.imgur.com/oyGOa3Vl.jpg</thumbnail>
    <fanart>https://i.imgur.com/zEaS69Ol.png</fanart>
</dir>

<dir>
    <title>My Liked Lists</title>
    <trakt>https://api.trakt.tv/users/likes/lists</trakt>
    <thumbnail>https://i.imgur.com/oyGOa3Vl.jpg</thumbnail>
    <fanart>https://i.imgur.com/zEaS69Ol.png</fanart>
</dir>

<dir>
    <title>My lists</title>
    <trakt>https://api.trakt.tv/users/me/lists/</trakt>
    <thumbnail>https://i.imgur.com/oyGOa3Vl.jpg</thumbnail>
    <fanart>https://i.imgur.com/zEaS69Ol.png</fanart>
</dir>
